# WaveFront *.obj file (generated by Autodesk ATF)

mtllib Couvercle adhanbox.mtl

g Corps de maillage1

v 82.500000 85.000000 -0.000000
v 82.500000 85.000000 4.000000
v 82.500000 175.000000 -0.000000
v 82.500000 175.000000 4.000000
v 83.108963 81.938530 -0.000000
v 83.108963 81.938530 4.000000
v 83.108963 178.061462 -0.000000
v 83.108963 178.061462 4.000000
v 84.843147 79.343140 -0.000000
v 84.843147 79.343140 4.000000
v 84.843147 180.656860 -0.000000
v 84.843147 180.656860 4.000000
v 86.000000 80.500000 4.000000
v 86.000000 80.500000 40.000000
v 86.000000 179.500000 4.000000
v 86.000000 179.500000 40.000000
v 87.000000 81.500000 8.000000
v 87.000000 81.500000 10.000000
v 87.000000 178.500000 8.000000
v 87.000000 178.500000 10.000000
v 87.438530 77.608963 -0.000000
v 87.438530 77.608963 4.000000
v 87.438530 182.391037 -0.000000
v 87.438530 182.391037 4.000000
v 87.500000 83.919998 -0.000000
v 87.500000 83.919998 40.000000
v 87.500000 91.599998 -0.000000
v 87.500000 91.599998 40.000000
v 87.500000 110.800003 -0.000000
v 87.500000 110.800003 40.000000
v 87.500000 130.000000 -0.000000
v 87.500000 130.000000 40.000000
v 87.500000 149.199997 -0.000000
v 87.500000 149.199997 40.000000
v 87.500000 168.399994 -0.000000
v 87.500000 168.399994 40.000000
v 87.500000 175.999573 -0.000000
v 87.500000 175.999573 40.000000
v 87.501770 91.598236 -0.000000
v 87.501770 91.598236 8.000000
v 87.501770 91.601768 -0.000000
v 87.501770 91.601768 8.000000
v 87.501770 110.798233 -0.000000
v 87.501770 110.798233 8.000000
v 87.501770 110.801773 -0.000000
v 87.501770 110.801773 8.000000
v 87.501770 129.998230 -0.000000
v 87.501770 129.998230 8.000000
v 87.501770 130.001770 -0.000000
v 87.501770 130.001770 8.000000
v 87.501770 149.198242 -0.000000
v 87.501770 149.198242 8.000000
v 87.501770 149.201767 -0.000000
v 87.501770 149.201767 8.000000
v 87.501770 168.398224 -0.000000
v 87.501770 168.398224 8.000000
v 87.501770 168.401764 -0.000000
v 87.501770 168.401764 8.000000
v 87.502998 91.594917 -0.000000
v 87.502998 91.594917 8.000000
v 87.502998 91.605087 -0.000000
v 87.502998 91.605087 8.000000
v 87.502998 110.794922 -0.000000
v 87.502998 110.794922 8.000000
v 87.502998 110.805084 -0.000000
v 87.502998 110.805084 8.000000
v 87.502998 129.994919 -0.000000
v 87.502998 129.994919 8.000000
v 87.502998 130.005081 -0.000000
v 87.502998 130.005081 8.000000
v 87.502998 149.194916 -0.000000
v 87.502998 149.194916 8.000000
v 87.502998 149.205093 -0.000000
v 87.502998 149.205093 8.000000
v 87.502998 168.394928 -0.000000
v 87.502998 168.394928 8.000000
v 87.502998 168.405090 -0.000000
v 87.502998 168.405090 8.000000
v 87.646912 176.752014 -0.000000
v 87.646912 176.752014 40.000000
v 87.689964 83.176544 -0.000000
v 87.689964 83.176544 40.000000
v 88.079262 177.407410 -0.000000
v 88.079262 177.407410 40.000000
v 88.140495 82.555389 -0.000000
v 88.140495 82.555389 40.000000
v 88.521576 91.600006 -0.000000
v 88.521576 91.600006 8.000000
v 88.521576 110.800003 -0.000000
v 88.521576 110.800003 8.000000
v 88.521576 130.000000 -0.000000
v 88.521576 130.000000 8.000000
v 88.521576 149.199997 -0.000000
v 88.521576 149.199997 8.000000
v 88.521576 168.399994 -0.000000
v 88.521576 168.399994 8.000000
v 88.730545 177.845917 -0.000000
v 88.730545 177.845917 40.000000
v 88.788177 82.143906 -0.000000
v 88.788177 82.143906 40.000000
v 89.199997 88.720001 -0.000000
v 89.199997 88.720001 8.000000
v 89.199997 94.479996 -0.000000
v 89.199997 94.479996 8.000000
v 89.199997 107.919998 -0.000000
v 89.199997 107.919998 8.000000
v 89.199997 113.680000 -0.000000
v 89.199997 113.680000 8.000000
v 89.199997 127.119995 -0.000000
v 89.199997 127.119995 8.000000
v 89.199997 132.880005 -0.000000
v 89.199997 132.880005 8.000000
v 89.199997 146.320007 -0.000000
v 89.199997 146.320007 8.000000
v 89.199997 152.080002 -0.000000
v 89.199997 152.080002 8.000000
v 89.199997 165.519989 -0.000000
v 89.199997 165.519989 8.000000
v 89.199997 171.279999 -0.000000
v 89.199997 171.279999 8.000000
v 89.500427 178.000000 -0.000000
v 89.500427 178.000000 40.000000
v 89.541901 82.000000 -0.000000
v 89.541901 82.000000 40.000000
v 89.654907 89.680000 -0.000000
v 89.654907 89.680000 8.000000
v 89.654907 93.520004 -0.000000
v 89.654907 93.520004 8.000000
v 89.654907 108.879997 -0.000000
v 89.654907 108.879997 8.000000
v 89.654907 112.720001 -0.000000
v 89.654907 112.720001 8.000000
v 89.654907 128.080002 -0.000000
v 89.654907 128.080002 8.000000
v 89.654907 131.919998 -0.000000
v 89.654907 131.919998 8.000000
v 89.654907 147.279999 -0.000000
v 89.654907 147.279999 8.000000
v 89.654907 151.120010 -0.000000
v 89.654907 151.120010 8.000000
v 89.654907 166.480011 -0.000000
v 89.654907 166.480011 8.000000
v 89.654907 170.320007 -0.000000
v 89.654907 170.320007 8.000000
v 90.500000 77.000000 -0.000000
v 90.500000 77.000000 4.000000
v 90.500000 183.000000 -0.000000
v 90.500000 183.000000 4.000000
v 93.449997 83.919998 -0.000000
v 93.449997 83.919998 8.000000
v 93.449997 88.720001 -0.000000
v 93.449997 88.720001 8.000000
v 93.449997 94.479996 -0.000000
v 93.449997 94.479996 8.000000
v 93.449997 99.279999 -0.000000
v 93.449997 99.279999 8.000000
v 93.449997 103.120003 -0.000000
v 93.449997 103.120003 8.000000
v 93.449997 107.919998 -0.000000
v 93.449997 107.919998 8.000000
v 93.449997 113.680000 -0.000000
v 93.449997 113.680000 8.000000
v 93.449997 118.479996 -0.000000
v 93.449997 118.479996 8.000000
v 93.449997 122.320000 -0.000000
v 93.449997 122.320000 8.000000
v 93.449997 127.119995 -0.000000
v 93.449997 127.119995 8.000000
v 93.449997 132.880005 -0.000000
v 93.449997 132.880005 8.000000
v 93.449997 137.679993 -0.000000
v 93.449997 137.679993 8.000000
v 93.449997 141.520004 -0.000000
v 93.449997 141.520004 8.000000
v 93.449997 146.320007 -0.000000
v 93.449997 146.320007 8.000000
v 93.449997 152.080002 -0.000000
v 93.449997 152.080002 8.000000
v 93.449997 156.880005 -0.000000
v 93.449997 156.880005 8.000000
v 93.449997 160.720001 -0.000000
v 93.449997 160.720001 8.000000
v 93.449997 165.519989 -0.000000
v 93.449997 165.519989 8.000000
v 93.449997 171.279999 -0.000000
v 93.449997 171.279999 8.000000
v 93.449997 176.080002 -0.000000
v 93.449997 176.080002 8.000000
v 94.300003 84.433777 -0.000000
v 94.300003 84.433777 8.000000
v 94.300003 89.680000 -0.000000
v 94.300003 89.680000 8.000000
v 94.300003 93.520004 -0.000000
v 94.300003 93.520004 8.000000
v 94.300003 98.766228 -0.000000
v 94.300003 98.766228 8.000000
v 94.300003 103.633774 -0.000000
v 94.300003 103.633774 8.000000
v 94.300003 108.879997 -0.000000
v 94.300003 108.879997 8.000000
v 94.300003 112.720001 -0.000000
v 94.300003 112.720001 8.000000
v 94.300003 117.966225 -0.000000
v 94.300003 117.966225 8.000000
v 94.300003 122.833771 -0.000000
v 94.300003 122.833771 8.000000
v 94.300003 128.080002 -0.000000
v 94.300003 128.080002 8.000000
v 94.300003 131.919998 -0.000000
v 94.300003 131.919998 8.000000
v 94.300003 137.166229 -0.000000
v 94.300003 137.166229 8.000000
v 94.300003 142.033783 -0.000000
v 94.300003 142.033783 8.000000
v 94.300003 147.279999 -0.000000
v 94.300003 147.279999 8.000000
v 94.300003 151.120010 -0.000000
v 94.300003 151.120010 8.000000
v 94.300003 156.366226 -0.000000
v 94.300003 156.366226 8.000000
v 94.300003 161.233765 -0.000000
v 94.300003 161.233765 8.000000
v 94.300003 166.480011 -0.000000
v 94.300003 166.480011 8.000000
v 94.300003 170.320007 -0.000000
v 94.300003 170.320007 8.000000
v 94.300003 175.566223 -0.000000
v 94.300003 175.566223 8.000000
v 95.993996 82.004532 -0.000000
v 95.993996 82.004532 8.000000
v 95.993996 120.395470 -0.000000
v 95.993996 120.395470 8.000000
v 95.993996 120.404526 -0.000000
v 95.993996 120.404526 8.000000
v 95.993996 177.995483 -0.000000
v 95.993996 177.995483 8.000000
v 95.997864 82.002747 -0.000000
v 95.997864 82.002747 8.000000
v 95.997864 120.397247 -0.000000
v 95.997864 120.397247 8.000000
v 95.997864 120.402748 -0.000000
v 95.997864 120.402748 8.000000
v 95.997864 177.997253 -0.000000
v 95.997864 177.997253 8.000000
v 96.000000 82.000000 -0.000000
v 96.000000 82.000000 40.000000
v 96.000000 83.153778 -0.000000
v 96.000000 83.153778 8.000000
v 96.000000 100.046227 -0.000000
v 96.000000 100.046227 8.000000
v 96.000000 101.199997 -0.000000
v 96.000000 101.199997 8.000000
v 96.000000 101.200005 -0.000000
v 96.000000 101.200005 8.000000
v 96.000000 102.353775 -0.000000
v 96.000000 102.353775 8.000000
v 96.000000 119.246223 -0.000000
v 96.000000 119.246223 8.000000
v 96.000000 121.553772 -0.000000
v 96.000000 121.553772 8.000000
v 96.000000 138.446228 -0.000000
v 96.000000 138.446228 8.000000
v 96.000000 139.600006 -0.000000
v 96.000000 139.600006 8.000000
v 96.000000 140.753784 -0.000000
v 96.000000 140.753784 8.000000
v 96.000000 157.646225 -0.000000
v 96.000000 157.646225 8.000000
v 96.000000 158.800003 -0.000000
v 96.000000 158.800003 8.000000
v 96.000000 159.953766 -0.000000
v 96.000000 159.953766 8.000000
v 96.000000 176.846222 -0.000000
v 96.000000 176.846222 8.000000
v 96.000000 178.000000 -0.000000
v 96.000000 178.000000 40.000000
v 96.002136 82.002747 -0.000000
v 96.002136 82.002747 8.000000
v 96.002136 120.397247 -0.000000
v 96.002136 120.397247 8.000000
v 96.002136 120.402748 -0.000000
v 96.002136 120.402748 8.000000
v 96.002136 177.997253 -0.000000
v 96.002136 177.997253 8.000000
v 96.006004 82.004532 -0.000000
v 96.006004 82.004532 8.000000
v 96.006004 120.395470 -0.000000
v 96.006004 120.395470 8.000000
v 96.006004 120.404526 -0.000000
v 96.006004 120.404526 8.000000
v 96.006004 177.995483 -0.000000
v 96.006004 177.995483 8.000000
v 97.699997 84.433777 -0.000000
v 97.699997 84.433777 8.000000
v 97.699997 89.680000 -0.000000
v 97.699997 89.680000 8.000000
v 97.699997 93.520004 -0.000000
v 97.699997 93.520004 8.000000
v 97.699997 98.766228 -0.000000
v 97.699997 98.766228 8.000000
v 97.699997 103.633774 -0.000000
v 97.699997 103.633774 8.000000
v 97.699997 108.879997 -0.000000
v 97.699997 108.879997 8.000000
v 97.699997 112.720001 -0.000000
v 97.699997 112.720001 8.000000
v 97.699997 117.966225 -0.000000
v 97.699997 117.966225 8.000000
v 97.699997 122.833771 -0.000000
v 97.699997 122.833771 8.000000
v 97.699997 128.080002 -0.000000
v 97.699997 128.080002 8.000000
v 97.699997 131.919998 -0.000000
v 97.699997 131.919998 8.000000
v 97.699997 137.166229 -0.000000
v 97.699997 137.166229 8.000000
v 97.699997 142.033783 -0.000000
v 97.699997 142.033783 8.000000
v 97.699997 147.279999 -0.000000
v 97.699997 147.279999 8.000000
v 97.699997 151.120010 -0.000000
v 97.699997 151.120010 8.000000
v 97.699997 156.366226 -0.000000
v 97.699997 156.366226 8.000000
v 97.699997 161.233765 -0.000000
v 97.699997 161.233765 8.000000
v 97.699997 166.480011 -0.000000
v 97.699997 166.480011 8.000000
v 97.699997 170.320007 -0.000000
v 97.699997 170.320007 8.000000
v 97.699997 175.566223 -0.000000
v 97.699997 175.566223 8.000000
v 98.550003 83.919998 -0.000000
v 98.550003 83.919998 8.000000
v 98.550003 88.720001 -0.000000
v 98.550003 88.720001 8.000000
v 98.550003 94.479996 -0.000000
v 98.550003 94.479996 8.000000
v 98.550003 99.279999 -0.000000
v 98.550003 99.279999 8.000000
v 98.550003 103.120003 -0.000000
v 98.550003 103.120003 8.000000
v 98.550003 107.919998 -0.000000
v 98.550003 107.919998 8.000000
v 98.550003 113.680000 -0.000000
v 98.550003 113.680000 8.000000
v 98.550003 118.479996 -0.000000
v 98.550003 118.479996 8.000000
v 98.550003 122.320000 -0.000000
v 98.550003 122.320000 8.000000
v 98.550003 127.119995 -0.000000
v 98.550003 127.119995 8.000000
v 98.550003 132.880005 -0.000000
v 98.550003 132.880005 8.000000
v 98.550003 137.679993 -0.000000
v 98.550003 137.679993 8.000000
v 98.550003 141.520004 -0.000000
v 98.550003 141.520004 8.000000
v 98.550003 146.320007 -0.000000
v 98.550003 146.320007 8.000000
v 98.550003 152.080002 -0.000000
v 98.550003 152.080002 8.000000
v 98.550003 156.880005 -0.000000
v 98.550003 156.880005 8.000000
v 98.550003 160.720001 -0.000000
v 98.550003 160.720001 8.000000
v 98.550003 165.519989 -0.000000
v 98.550003 165.519989 8.000000
v 98.550003 171.279999 -0.000000
v 98.550003 171.279999 8.000000
v 98.550003 176.080002 -0.000000
v 98.550003 176.080002 8.000000
v 102.345093 89.680000 -0.000000
v 102.345093 89.680000 8.000000
v 102.345093 93.520004 -0.000000
v 102.345093 93.520004 8.000000
v 102.345093 108.879997 -0.000000
v 102.345093 108.879997 8.000000
v 102.345093 112.720001 -0.000000
v 102.345093 112.720001 8.000000
v 102.345093 128.080002 -0.000000
v 102.345093 128.080002 8.000000
v 102.345093 131.919998 -0.000000
v 102.345093 131.919998 8.000000
v 102.345093 147.279999 -0.000000
v 102.345093 147.279999 8.000000
v 102.345093 151.120010 -0.000000
v 102.345093 151.120010 8.000000
v 102.345093 166.480011 -0.000000
v 102.345093 166.480011 8.000000
v 102.345093 170.320007 -0.000000
v 102.345093 170.320007 8.000000
v 102.800003 88.720001 -0.000000
v 102.800003 88.720001 8.000000
v 102.800003 94.479996 -0.000000
v 102.800003 94.479996 8.000000
v 102.800003 107.919998 -0.000000
v 102.800003 107.919998 8.000000
v 102.800003 113.680000 -0.000000
v 102.800003 113.680000 8.000000
v 102.800003 127.119995 -0.000000
v 102.800003 127.119995 8.000000
v 102.800003 132.880005 -0.000000
v 102.800003 132.880005 8.000000
v 102.800003 146.320007 -0.000000
v 102.800003 146.320007 8.000000
v 102.800003 152.080002 -0.000000
v 102.800003 152.080002 8.000000
v 102.800003 165.519989 -0.000000
v 102.800003 165.519989 8.000000
v 102.800003 171.279999 -0.000000
v 102.800003 171.279999 8.000000
v 103.478424 91.600006 -0.000000
v 103.478424 91.600006 8.000000
v 103.478424 110.800003 -0.000000
v 103.478424 110.800003 8.000000
v 103.478424 130.000000 -0.000000
v 103.478424 130.000000 8.000000
v 103.478424 149.199997 -0.000000
v 103.478424 149.199997 8.000000
v 103.478424 168.399994 -0.000000
v 103.478424 168.399994 8.000000
v 104.500000 91.600006 -0.000000
v 104.500000 91.600006 8.000000
v 104.500000 110.800003 -0.000000
v 104.500000 110.800003 8.000000
v 104.500000 130.000000 -0.000000
v 104.500000 130.000000 8.000000
v 104.500000 149.199997 -0.000000
v 104.500000 149.199997 8.000000
v 104.500000 168.399994 -0.000000
v 104.500000 168.399994 8.000000
v 105.521576 91.600006 -0.000000
v 105.521576 91.600006 8.000000
v 105.521576 110.800003 -0.000000
v 105.521576 110.800003 8.000000
v 105.521576 130.000000 -0.000000
v 105.521576 130.000000 8.000000
v 105.521576 149.199997 -0.000000
v 105.521576 149.199997 8.000000
v 105.521576 168.399994 -0.000000
v 105.521576 168.399994 8.000000
v 106.199997 88.720001 -0.000000
v 106.199997 88.720001 8.000000
v 106.199997 94.480003 -0.000000
v 106.199997 94.480003 8.000000
v 106.199997 107.919998 -0.000000
v 106.199997 107.919998 8.000000
v 106.199997 113.680000 -0.000000
v 106.199997 113.680000 8.000000
v 106.199997 127.119995 -0.000000
v 106.199997 127.119995 8.000000
v 106.199997 132.880005 -0.000000
v 106.199997 132.880005 8.000000
v 106.199997 146.320007 -0.000000
v 106.199997 146.320007 8.000000
v 106.199997 152.080002 -0.000000
v 106.199997 152.080002 8.000000
v 106.199997 165.519989 -0.000000
v 106.199997 165.519989 8.000000
v 106.199997 171.279999 -0.000000
v 106.199997 171.279999 8.000000
v 106.654907 89.680000 -0.000000
v 106.654907 89.680000 8.000000
v 106.654907 93.520004 -0.000000
v 106.654907 93.520004 8.000000
v 106.654907 108.879997 -0.000000
v 106.654907 108.879997 8.000000
v 106.654907 112.720001 -0.000000
v 106.654907 112.720001 8.000000
v 106.654907 128.080002 -0.000000
v 106.654907 128.080002 8.000000
v 106.654907 131.919998 -0.000000
v 106.654907 131.919998 8.000000
v 106.654907 147.279999 -0.000000
v 106.654907 147.279999 8.000000
v 106.654907 151.119995 -0.000000
v 106.654907 151.119995 8.000000
v 106.654907 166.480011 -0.000000
v 106.654907 166.480011 8.000000
v 106.654907 170.320007 -0.000000
v 106.654907 170.320007 8.000000
v 110.449997 83.919998 -0.000000
v 110.449997 83.919998 8.000000
v 110.449997 88.720001 -0.000000
v 110.449997 88.720001 8.000000
v 110.449997 94.480003 -0.000000
v 110.449997 94.480003 8.000000
v 110.449997 99.279999 -0.000000
v 110.449997 99.279999 8.000000
v 110.449997 103.120003 -0.000000
v 110.449997 103.120003 8.000000
v 110.449997 107.919998 -0.000000
v 110.449997 107.919998 8.000000
v 110.449997 113.680000 -0.000000
v 110.449997 113.680000 8.000000
v 110.449997 118.479996 -0.000000
v 110.449997 118.479996 8.000000
v 110.449997 122.320000 -0.000000
v 110.449997 122.320000 8.000000
v 110.449997 127.119995 -0.000000
v 110.449997 127.119995 8.000000
v 110.449997 132.880005 -0.000000
v 110.449997 132.880005 8.000000
v 110.449997 137.679993 -0.000000
v 110.449997 137.679993 8.000000
v 110.449997 141.519989 -0.000000
v 110.449997 141.519989 8.000000
v 110.449997 146.320007 -0.000000
v 110.449997 146.320007 8.000000
v 110.449997 152.080002 -0.000000
v 110.449997 152.080002 8.000000
v 110.449997 156.880005 -0.000000
v 110.449997 156.880005 8.000000
v 110.449997 160.720001 -0.000000
v 110.449997 160.720001 8.000000
v 110.449997 165.519989 -0.000000
v 110.449997 165.519989 8.000000
v 110.449997 171.279999 -0.000000
v 110.449997 171.279999 8.000000
v 110.449997 176.080002 -0.000000
v 110.449997 176.080002 8.000000
v 111.300003 84.433777 -0.000000
v 111.300003 84.433777 8.000000
v 111.300003 89.680000 -0.000000
v 111.300003 89.680000 8.000000
v 111.300003 93.520004 -0.000000
v 111.300003 93.520004 8.000000
v 111.300003 98.766228 -0.000000
v 111.300003 98.766228 8.000000
v 111.300003 103.633774 -0.000000
v 111.300003 103.633774 8.000000
v 111.300003 108.879997 -0.000000
v 111.300003 108.879997 8.000000
v 111.300003 112.720001 -0.000000
v 111.300003 112.720001 8.000000
v 111.300003 117.966225 -0.000000
v 111.300003 117.966225 8.000000
v 111.300003 122.833771 -0.000000
v 111.300003 122.833771 8.000000
v 111.300003 128.080002 -0.000000
v 111.300003 128.080002 8.000000
v 111.300003 131.919998 -0.000000
v 111.300003 131.919998 8.000000
v 111.300003 137.166229 -0.000000
v 111.300003 137.166229 8.000000
v 111.300003 142.033783 -0.000000
v 111.300003 142.033783 8.000000
v 111.300003 147.279999 -0.000000
v 111.300003 147.279999 8.000000
v 111.300003 151.119995 -0.000000
v 111.300003 151.119995 8.000000
v 111.300003 156.366226 -0.000000
v 111.300003 156.366226 8.000000
v 111.300003 161.233765 -0.000000
v 111.300003 161.233765 8.000000
v 111.300003 166.480011 -0.000000
v 111.300003 166.480011 8.000000
v 111.300003 170.320007 -0.000000
v 111.300003 170.320007 8.000000
v 111.300003 175.566223 -0.000000
v 111.300003 175.566223 8.000000
v 112.993988 120.395470 -0.000000
v 112.993988 120.395470 8.000000
v 112.993988 120.404526 -0.000000
v 112.993988 120.404526 8.000000
v 112.993988 158.795471 -0.000000
v 112.993988 158.795471 8.000000
v 112.993988 158.804535 -0.000000
v 112.993988 158.804535 8.000000
v 112.997864 120.397247 -0.000000
v 112.997864 120.397247 8.000000
v 112.997864 120.402748 -0.000000
v 112.997864 120.402748 8.000000
v 112.997864 158.797241 -0.000000
v 112.997864 158.797241 8.000000
v 112.997864 158.802750 -0.000000
v 112.997864 158.802750 8.000000
v 113.000000 82.000000 -0.000000
v 113.000000 82.000000 8.000000
v 113.000000 83.153778 -0.000000
v 113.000000 83.153778 8.000000
v 113.000000 100.046227 -0.000000
v 113.000000 100.046227 8.000000
v 113.000000 101.199997 -0.000000
v 113.000000 101.199997 8.000000
v 113.000000 101.200005 -0.000000
v 113.000000 101.200005 8.000000
v 113.000000 102.353775 -0.000000
v 113.000000 102.353775 8.000000
v 113.000000 119.246223 -0.000000
v 113.000000 119.246223 8.000000
v 113.000000 121.553772 -0.000000
v 113.000000 121.553772 8.000000
v 113.000000 138.446228 -0.000000
v 113.000000 138.446228 8.000000
v 113.000000 139.600006 -0.000000
v 113.000000 139.600006 8.000000
v 113.000000 140.753784 -0.000000
v 113.000000 140.753784 8.000000
v 113.000000 157.646225 -0.000000
v 113.000000 157.646225 8.000000
v 113.000000 159.953766 -0.000000
v 113.000000 159.953766 8.000000
v 113.000000 176.846222 -0.000000
v 113.000000 176.846222 8.000000
v 113.000000 178.000000 -0.000000
v 113.000000 178.000000 8.000000
v 113.002136 120.397247 -0.000000
v 113.002136 120.397247 8.000000
v 113.002136 120.402748 -0.000000
v 113.002136 120.402748 8.000000
v 113.002136 158.797241 -0.000000
v 113.002136 158.797241 8.000000
v 113.002136 158.802750 -0.000000
v 113.002136 158.802750 8.000000
v 113.006012 120.395470 -0.000000
v 113.006012 120.395470 8.000000
v 113.006012 120.404526 -0.000000
v 113.006012 120.404526 8.000000
v 113.006012 158.795471 -0.000000
v 113.006012 158.795471 8.000000
v 113.006012 158.804535 -0.000000
v 113.006012 158.804535 8.000000
v 114.699997 84.433777 -0.000000
v 114.699997 84.433777 8.000000
v 114.699997 89.680000 -0.000000
v 114.699997 89.680000 8.000000
v 114.699997 93.520004 -0.000000
v 114.699997 93.520004 8.000000
v 114.699997 98.766228 -0.000000
v 114.699997 98.766228 8.000000
v 114.699997 103.633774 -0.000000
v 114.699997 103.633774 8.000000
v 114.699997 108.879997 -0.000000
v 114.699997 108.879997 8.000000
v 114.699997 112.720001 -0.000000
v 114.699997 112.720001 8.000000
v 114.699997 117.966225 -0.000000
v 114.699997 117.966225 8.000000
v 114.699997 122.833771 -0.000000
v 114.699997 122.833771 8.000000
v 114.699997 128.080002 -0.000000
v 114.699997 128.080002 8.000000
v 114.699997 131.919998 -0.000000
v 114.699997 131.919998 8.000000
v 114.699997 137.166229 -0.000000
v 114.699997 137.166229 8.000000
v 114.699997 142.033783 -0.000000
v 114.699997 142.033783 8.000000
v 114.699997 147.279999 -0.000000
v 114.699997 147.279999 8.000000
v 114.699997 151.119995 -0.000000
v 114.699997 151.119995 8.000000
v 114.699997 156.366226 -0.000000
v 114.699997 156.366226 8.000000
v 114.699997 161.233765 -0.000000
v 114.699997 161.233765 8.000000
v 114.699997 166.480011 -0.000000
v 114.699997 166.480011 8.000000
v 114.699997 170.320007 -0.000000
v 114.699997 170.320007 8.000000
v 114.699997 175.566223 -0.000000
v 114.699997 175.566223 8.000000
v 115.549995 103.120003 0.000000
v 115.549995 103.120003 8.000000
v 115.549995 107.919998 0.000000
v 115.549995 107.919998 8.000000
v 115.549995 113.680000 0.000000
v 115.549995 113.680000 8.000000
v 115.549995 118.479996 0.000000
v 115.549995 118.479996 8.000000
v 115.550003 83.919998 0.000000
v 115.550003 83.919998 8.000000
v 115.550003 88.720001 0.000000
v 115.550003 88.720001 8.000000
v 115.550003 94.480003 0.000000
v 115.550003 94.480003 8.000000
v 115.550003 99.279999 0.000000
v 115.550003 99.279999 8.000000
v 115.550003 122.320000 0.000000
v 115.550003 122.320000 8.000000
v 115.550003 127.119995 0.000000
v 115.550003 127.119995 8.000000
v 115.550003 132.880005 0.000000
v 115.550003 132.880005 8.000000
v 115.550003 137.679993 0.000000
v 115.550003 137.679993 8.000000
v 115.550003 141.519989 0.000000
v 115.550003 141.519989 8.000000
v 115.550003 146.320007 0.000000
v 115.550003 146.320007 8.000000
v 115.550003 152.080002 0.000000
v 115.550003 152.080002 8.000000
v 115.550003 156.880005 0.000000
v 115.550003 156.880005 8.000000
v 115.550003 160.720001 0.000000
v 115.550003 160.720001 8.000000
v 115.550003 165.519989 0.000000
v 115.550003 165.519989 8.000000
v 115.550003 171.279999 0.000000
v 115.550003 171.279999 8.000000
v 115.550003 176.080002 0.000000
v 115.550003 176.080002 8.000000
v 119.345093 89.680000 0.000000
v 119.345093 89.680000 8.000000
v 119.345093 93.520004 0.000000
v 119.345093 93.520004 8.000000
v 119.345093 108.879997 0.000000
v 119.345093 108.879997 8.000000
v 119.345093 112.720001 0.000000
v 119.345093 112.720001 8.000000
v 119.345093 128.080002 0.000000
v 119.345093 128.080002 8.000000
v 119.345093 131.919998 0.000000
v 119.345093 131.919998 8.000000
v 119.345093 147.279999 0.000000
v 119.345093 147.279999 8.000000
v 119.345093 151.119995 0.000000
v 119.345093 151.119995 8.000000
v 119.345093 166.480011 0.000000
v 119.345093 166.480011 8.000000
v 119.345093 170.320007 0.000000
v 119.345093 170.320007 8.000000
v 119.799995 107.919998 0.000000
v 119.799995 107.919998 8.000000
v 119.799995 113.680000 0.000000
v 119.799995 113.680000 8.000000
v 119.800003 88.720001 0.000000
v 119.800003 88.720001 8.000000
v 119.800003 94.480003 0.000000
v 119.800003 94.480003 8.000000
v 119.800003 127.119995 0.000000
v 119.800003 127.119995 8.000000
v 119.800003 132.880005 0.000000
v 119.800003 132.880005 8.000000
v 119.800003 146.320007 0.000000
v 119.800003 146.320007 8.000000
v 119.800003 152.080002 0.000000
v 119.800003 152.080002 8.000000
v 119.800003 165.519989 0.000000
v 119.800003 165.519989 8.000000
v 119.800003 171.279999 0.000000
v 119.800003 171.279999 8.000000
v 120.478424 91.600006 0.000000
v 120.478424 91.600006 8.000000
v 120.478424 110.800003 0.000000
v 120.478424 110.800003 8.000000
v 120.478424 130.000000 0.000000
v 120.478424 130.000000 8.000000
v 120.478424 149.199997 0.000000
v 120.478424 149.199997 8.000000
v 120.478424 168.399994 0.000000
v 120.478424 168.399994 8.000000
v 121.496994 110.794922 0.000000
v 121.496994 110.794922 8.000000
v 121.496994 110.805084 0.000000
v 121.496994 110.805084 8.000000
v 121.498222 110.798233 0.000000
v 121.498222 110.798233 8.000000
v 121.498222 110.801773 0.000000
v 121.498222 110.801773 8.000000
v 121.500000 91.600006 0.000000
v 121.500000 91.600006 8.000000
v 121.500000 130.000000 0.000000
v 121.500000 130.000000 8.000000
v 121.500000 149.199997 0.000000
v 121.500000 149.199997 8.000000
v 121.500000 168.399994 0.000000
v 121.500000 168.399994 8.000000
v 121.501778 110.798233 0.000000
v 121.501778 110.798233 8.000000
v 121.501778 110.801773 0.000000
v 121.501778 110.801773 8.000000
v 121.503006 110.794922 0.000000
v 121.503006 110.794922 8.000000
v 121.503006 110.805084 0.000000
v 121.503006 110.805084 8.000000
v 122.521568 91.600006 0.000000
v 122.521568 91.600006 8.000000
v 122.521568 130.000000 0.000000
v 122.521568 130.000000 8.000000
v 122.521576 110.800003 0.000000
v 122.521576 110.800003 8.000000
v 122.521576 149.199997 0.000000
v 122.521576 149.199997 8.000000
v 122.521576 168.399994 0.000000
v 122.521576 168.399994 8.000000
v 123.199997 88.720001 0.000000
v 123.199997 88.720001 8.000000
v 123.199997 94.480003 0.000000
v 123.199997 94.480003 8.000000
v 123.199997 127.119995 0.000000
v 123.199997 127.119995 8.000000
v 123.199997 132.880005 0.000000
v 123.199997 132.880005 8.000000
v 123.199997 146.320007 0.000000
v 123.199997 146.320007 8.000000
v 123.199997 152.080002 0.000000
v 123.199997 152.080002 8.000000
v 123.199997 165.519989 0.000000
v 123.199997 165.519989 8.000000
v 123.199997 171.279999 0.000000
v 123.199997 171.279999 8.000000
v 123.200005 107.919998 0.000000
v 123.200005 107.919998 8.000000
v 123.200005 113.680000 0.000000
v 123.200005 113.680000 8.000000
v 123.654907 89.680000 0.000000
v 123.654907 89.680000 8.000000
v 123.654907 93.520004 0.000000
v 123.654907 93.520004 8.000000
v 123.654907 108.879997 0.000000
v 123.654907 108.879997 8.000000
v 123.654907 112.720001 0.000000
v 123.654907 112.720001 8.000000
v 123.654907 128.080002 0.000000
v 123.654907 128.080002 8.000000
v 123.654907 131.919998 0.000000
v 123.654907 131.919998 8.000000
v 123.654907 147.279999 0.000000
v 123.654907 147.279999 8.000000
v 123.654907 151.120010 0.000000
v 123.654907 151.120010 8.000000
v 123.654907 166.480011 0.000000
v 123.654907 166.480011 8.000000
v 123.654907 170.320007 0.000000
v 123.654907 170.320007 8.000000
v 127.449997 83.919998 0.000000
v 127.449997 83.919998 8.000000
v 127.449997 88.720001 0.000000
v 127.449997 88.720001 8.000000
v 127.449997 94.480003 0.000000
v 127.449997 94.480003 8.000000
v 127.449997 99.279999 0.000000
v 127.449997 99.279999 8.000000
v 127.449997 122.320000 0.000000
v 127.449997 122.320000 8.000000
v 127.449997 127.119995 0.000000
v 127.449997 127.119995 8.000000
v 127.449997 132.880005 0.000000
v 127.449997 132.880005 8.000000
v 127.449997 137.679993 0.000000
v 127.449997 137.679993 8.000000
v 127.449997 141.520004 0.000000
v 127.449997 141.520004 8.000000
v 127.449997 146.320007 0.000000
v 127.449997 146.320007 8.000000
v 127.449997 152.080002 0.000000
v 127.449997 152.080002 8.000000
v 127.449997 156.880005 0.000000
v 127.449997 156.880005 8.000000
v 127.449997 160.720001 0.000000
v 127.449997 160.720001 8.000000
v 127.449997 165.519989 0.000000
v 127.449997 165.519989 8.000000
v 127.449997 171.279999 0.000000
v 127.449997 171.279999 8.000000
v 127.449997 176.080002 0.000000
v 127.449997 176.080002 8.000000
v 127.450005 103.120003 0.000000
v 127.450005 103.120003 8.000000
v 127.450005 107.919998 0.000000
v 127.450005 107.919998 8.000000
v 127.450005 113.680000 0.000000
v 127.450005 113.680000 8.000000
v 127.450005 118.479996 0.000000
v 127.450005 118.479996 8.000000
v 128.300003 84.433777 0.000000
v 128.300003 84.433777 8.000000
v 128.300003 89.680000 0.000000
v 128.300003 89.680000 8.000000
v 128.300003 93.520004 0.000000
v 128.300003 93.520004 8.000000
v 128.300003 98.766228 0.000000
v 128.300003 98.766228 8.000000
v 128.300003 103.633774 0.000000
v 128.300003 103.633774 8.000000
v 128.300003 108.879997 0.000000
v 128.300003 108.879997 8.000000
v 128.300003 112.720001 0.000000
v 128.300003 112.720001 8.000000
v 128.300003 117.966225 0.000000
v 128.300003 117.966225 8.000000
v 128.300003 122.833771 0.000000
v 128.300003 122.833771 8.000000
v 128.300003 128.080002 0.000000
v 128.300003 128.080002 8.000000
v 128.300003 131.919998 0.000000
v 128.300003 131.919998 8.000000
v 128.300003 137.166229 0.000000
v 128.300003 137.166229 8.000000
v 128.300003 142.033783 0.000000
v 128.300003 142.033783 8.000000
v 128.300003 147.279999 0.000000
v 128.300003 147.279999 8.000000
v 128.300003 151.120010 0.000000
v 128.300003 151.120010 8.000000
v 128.300003 156.366226 0.000000
v 128.300003 156.366226 8.000000
v 128.300003 161.233765 0.000000
v 128.300003 161.233765 8.000000
v 128.300003 166.480011 0.000000
v 128.300003 166.480011 8.000000
v 128.300003 170.320007 0.000000
v 128.300003 170.320007 8.000000
v 128.300003 175.566223 0.000000
v 128.300003 175.566223 8.000000
v 129.993988 120.395470 0.000000
v 129.993988 120.395470 8.000000
v 129.993988 120.404526 0.000000
v 129.993988 120.404526 8.000000
v 129.993988 177.995483 0.000000
v 129.993988 177.995483 8.000000
v 129.997864 120.397247 0.000000
v 129.997864 120.397247 8.000000
v 129.997864 120.402748 0.000000
v 129.997864 120.402748 8.000000
v 129.997864 177.997253 0.000000
v 129.997864 177.997253 8.000000
v 130.000000 82.000000 0.000000
v 130.000000 82.000000 8.000000
v 130.000000 83.153778 0.000000
v 130.000000 83.153778 8.000000
v 130.000000 100.046227 0.000000
v 130.000000 100.046227 8.000000
v 130.000000 101.199997 0.000000
v 130.000000 101.199997 8.000000
v 130.000000 101.200005 0.000000
v 130.000000 101.200005 8.000000
v 130.000000 102.353775 0.000000
v 130.000000 102.353775 8.000000
v 130.000000 119.246223 0.000000
v 130.000000 119.246223 8.000000
v 130.000000 121.553772 0.000000
v 130.000000 121.553772 8.000000
v 130.000000 138.446228 0.000000
v 130.000000 138.446228 8.000000
v 130.000000 139.600006 0.000000
v 130.000000 139.600006 8.000000
v 130.000000 140.753784 0.000000
v 130.000000 140.753784 8.000000
v 130.000000 157.646225 0.000000
v 130.000000 157.646225 8.000000
v 130.000000 158.800003 0.000000
v 130.000000 158.800003 8.000000
v 130.000000 159.953766 0.000000
v 130.000000 159.953766 8.000000
v 130.000000 176.846222 0.000000
v 130.000000 176.846222 8.000000
v 130.000000 178.000000 0.000000
v 130.000000 178.000000 40.000000
v 130.002136 120.397247 0.000000
v 130.002136 120.397247 8.000000
v 130.002136 120.402748 0.000000
v 130.002136 120.402748 8.000000
v 130.002136 177.997253 0.000000
v 130.002136 177.997253 8.000000
v 130.006012 120.395470 0.000000
v 130.006012 120.395470 8.000000
v 130.006012 120.404526 0.000000
v 130.006012 120.404526 8.000000
v 130.006012 177.995483 0.000000
v 130.006012 177.995483 8.000000
v 131.699997 84.433777 0.000000
v 131.699997 84.433777 8.000000
v 131.699997 89.680000 0.000000
v 131.699997 89.680000 8.000000
v 131.699997 93.520004 0.000000
v 131.699997 93.520004 8.000000
v 131.699997 98.766228 0.000000
v 131.699997 98.766228 8.000000
v 131.699997 103.633774 0.000000
v 131.699997 103.633774 8.000000
v 131.699997 108.879997 0.000000
v 131.699997 108.879997 8.000000
v 131.699997 112.720001 0.000000
v 131.699997 112.720001 8.000000
v 131.699997 117.966225 0.000000
v 131.699997 117.966225 8.000000
v 131.699997 122.833771 0.000000
v 131.699997 122.833771 8.000000
v 131.699997 128.080002 0.000000
v 131.699997 128.080002 8.000000
v 131.699997 131.919998 0.000000
v 131.699997 131.919998 8.000000
v 131.699997 137.166229 0.000000
v 131.699997 137.166229 8.000000
v 131.699997 142.033783 0.000000
v 131.699997 142.033783 8.000000
v 131.699997 147.279999 0.000000
v 131.699997 147.279999 8.000000
v 131.699997 151.120010 0.000000
v 131.699997 151.120010 8.000000
v 131.699997 156.366226 0.000000
v 131.699997 156.366226 8.000000
v 131.699997 161.233765 0.000000
v 131.699997 161.233765 8.000000
v 131.699997 166.480011 0.000000
v 131.699997 166.480011 8.000000
v 131.699997 170.320007 0.000000
v 131.699997 170.320007 8.000000
v 131.699997 175.566223 0.000000
v 131.699997 175.566223 8.000000
v 132.550003 83.919998 0.000000
v 132.550003 83.919998 8.000000
v 132.550003 88.720001 0.000000
v 132.550003 88.720001 8.000000
v 132.550003 94.480003 0.000000
v 132.550003 94.480003 8.000000
v 132.550003 99.279999 0.000000
v 132.550003 99.279999 8.000000
v 132.550003 103.120003 0.000000
v 132.550003 103.120003 8.000000
v 132.550003 107.919998 0.000000
v 132.550003 107.919998 8.000000
v 132.550003 113.680000 0.000000
v 132.550003 113.680000 8.000000
v 132.550003 118.479996 0.000000
v 132.550003 118.479996 8.000000
v 132.550003 122.320000 0.000000
v 132.550003 122.320000 8.000000
v 132.550003 127.119995 0.000000
v 132.550003 127.119995 8.000000
v 132.550003 132.880005 0.000000
v 132.550003 132.880005 8.000000
v 132.550003 137.679993 0.000000
v 132.550003 137.679993 8.000000
v 132.550003 141.520004 0.000000
v 132.550003 141.520004 8.000000
v 132.550003 146.320007 0.000000
v 132.550003 146.320007 8.000000
v 132.550003 152.080002 0.000000
v 132.550003 152.080002 8.000000
v 132.550003 156.880005 0.000000
v 132.550003 156.880005 8.000000
v 132.550003 160.720001 0.000000
v 132.550003 160.720001 8.000000
v 132.550003 165.519989 0.000000
v 132.550003 165.519989 8.000000
v 132.550003 171.279999 0.000000
v 132.550003 171.279999 8.000000
v 132.550003 176.080002 0.000000
v 132.550003 176.080002 8.000000
v 136.345093 89.680000 0.000000
v 136.345093 89.680000 8.000000
v 136.345093 93.520004 0.000000
v 136.345093 93.520004 8.000000
v 136.345093 108.879997 0.000000
v 136.345093 108.879997 8.000000
v 136.345093 112.720001 0.000000
v 136.345093 112.720001 8.000000
v 136.345093 128.080002 0.000000
v 136.345093 128.080002 8.000000
v 136.345093 131.919998 0.000000
v 136.345093 131.919998 8.000000
v 136.345093 147.279999 0.000000
v 136.345093 147.279999 8.000000
v 136.345093 151.120010 0.000000
v 136.345093 151.120010 8.000000
v 136.345093 166.480011 0.000000
v 136.345093 166.480011 8.000000
v 136.345093 170.320007 0.000000
v 136.345093 170.320007 8.000000
v 136.800003 88.720001 0.000000
v 136.800003 88.720001 8.000000
v 136.800003 94.480003 0.000000
v 136.800003 94.480003 8.000000
v 136.800003 107.919998 0.000000
v 136.800003 107.919998 8.000000
v 136.800003 113.680000 0.000000
v 136.800003 113.680000 8.000000
v 136.800003 127.119995 0.000000
v 136.800003 127.119995 8.000000
v 136.800003 132.880005 0.000000
v 136.800003 132.880005 8.000000
v 136.800003 146.320007 0.000000
v 136.800003 146.320007 8.000000
v 136.800003 152.080002 0.000000
v 136.800003 152.080002 8.000000
v 136.800003 165.519989 0.000000
v 136.800003 165.519989 8.000000
v 136.800003 171.279999 0.000000
v 136.800003 171.279999 8.000000
v 137.478424 91.600006 0.000000
v 137.478424 91.600006 8.000000
v 137.478424 110.800003 0.000000
v 137.478424 110.800003 8.000000
v 137.478424 130.000000 0.000000
v 137.478424 130.000000 8.000000
v 137.478424 149.199997 0.000000
v 137.478424 149.199997 8.000000
v 137.478424 168.399994 0.000000
v 137.478424 168.399994 8.000000
v 138.496994 91.594917 0.000000
v 138.496994 91.594917 8.000000
v 138.496994 91.605087 0.000000
v 138.496994 91.605087 8.000000
v 138.496994 129.994919 0.000000
v 138.496994 129.994919 8.000000
v 138.496994 130.005081 0.000000
v 138.496994 130.005081 8.000000
v 138.498230 91.598236 0.000000
v 138.498230 91.598236 8.000000
v 138.498230 91.601768 0.000000
v 138.498230 91.601768 8.000000
v 138.498230 129.998230 0.000000
v 138.498230 129.998230 8.000000
v 138.498230 130.001770 0.000000
v 138.498230 130.001770 8.000000
v 138.500000 110.800003 0.000000
v 138.500000 110.800003 8.000000
v 138.500000 149.199997 0.000000
v 138.500000 149.199997 8.000000
v 138.500000 168.399994 0.000000
v 138.500000 168.399994 8.000000
v 138.501770 91.598236 0.000000
v 138.501770 91.598236 8.000000
v 138.501770 91.601768 0.000000
v 138.501770 91.601768 8.000000
v 138.501770 129.998230 0.000000
v 138.501770 129.998230 8.000000
v 138.501770 130.001770 0.000000
v 138.501770 130.001770 8.000000
v 138.503006 91.594917 0.000000
v 138.503006 91.594917 8.000000
v 138.503006 91.605087 0.000000
v 138.503006 91.605087 8.000000
v 138.503006 129.994919 0.000000
v 138.503006 129.994919 8.000000
v 138.503006 130.005081 0.000000
v 138.503006 130.005081 8.000000
v 139.521576 91.600006 0.000000
v 139.521576 91.600006 8.000000
v 139.521576 110.800003 0.000000
v 139.521576 110.800003 8.000000
v 139.521576 130.000000 0.000000
v 139.521576 130.000000 8.000000
v 139.521576 149.199997 0.000000
v 139.521576 149.199997 8.000000
v 139.521576 168.399994 0.000000
v 139.521576 168.399994 8.000000
v 140.199997 88.720001 0.000000
v 140.199997 88.720001 8.000000
v 140.199997 94.479996 0.000000
v 140.199997 94.479996 8.000000
v 140.199997 107.919998 0.000000
v 140.199997 107.919998 8.000000
v 140.199997 113.680000 0.000000
v 140.199997 113.680000 8.000000
v 140.199997 127.119995 0.000000
v 140.199997 127.119995 8.000000
v 140.199997 132.880005 0.000000
v 140.199997 132.880005 8.000000
v 140.199997 146.320007 0.000000
v 140.199997 146.320007 8.000000
v 140.199997 152.080002 0.000000
v 140.199997 152.080002 8.000000
v 140.199997 165.519989 0.000000
v 140.199997 165.519989 8.000000
v 140.199997 171.279999 0.000000
v 140.199997 171.279999 8.000000
v 140.654907 89.680000 0.000000
v 140.654907 89.680000 8.000000
v 140.654907 93.520004 0.000000
v 140.654907 93.520004 8.000000
v 140.654907 108.879997 0.000000
v 140.654907 108.879997 8.000000
v 140.654907 112.720001 0.000000
v 140.654907 112.720001 8.000000
v 140.654907 128.080002 0.000000
v 140.654907 128.080002 8.000000
v 140.654907 131.919998 0.000000
v 140.654907 131.919998 8.000000
v 140.654907 147.279999 0.000000
v 140.654907 147.279999 8.000000
v 140.654907 151.120010 0.000000
v 140.654907 151.120010 8.000000
v 140.654907 166.480011 0.000000
v 140.654907 166.480011 8.000000
v 140.654907 170.320007 0.000000
v 140.654907 170.320007 8.000000
v 144.449997 83.919998 0.000000
v 144.449997 83.919998 8.000000
v 144.449997 88.720001 0.000000
v 144.449997 88.720001 8.000000
v 144.449997 94.479996 0.000000
v 144.449997 94.479996 8.000000
v 144.449997 99.279999 0.000000
v 144.449997 99.279999 8.000000
v 144.449997 103.120003 0.000000
v 144.449997 103.120003 8.000000
v 144.449997 107.919998 0.000000
v 144.449997 107.919998 8.000000
v 144.449997 113.680000 0.000000
v 144.449997 113.680000 8.000000
v 144.449997 118.479996 0.000000
v 144.449997 118.479996 8.000000
v 144.449997 122.320000 0.000000
v 144.449997 122.320000 8.000000
v 144.449997 127.119995 0.000000
v 144.449997 127.119995 8.000000
v 144.449997 132.880005 0.000000
v 144.449997 132.880005 8.000000
v 144.449997 137.679993 0.000000
v 144.449997 137.679993 8.000000
v 144.449997 141.520004 0.000000
v 144.449997 141.520004 8.000000
v 144.449997 146.320007 0.000000
v 144.449997 146.320007 8.000000
v 144.449997 152.080002 0.000000
v 144.449997 152.080002 8.000000
v 144.449997 156.880005 0.000000
v 144.449997 156.880005 8.000000
v 144.449997 160.720001 0.000000
v 144.449997 160.720001 8.000000
v 144.449997 165.519989 0.000000
v 144.449997 165.519989 8.000000
v 144.449997 171.279999 0.000000
v 144.449997 171.279999 8.000000
v 144.449997 176.080002 0.000000
v 144.449997 176.080002 8.000000
v 145.300003 84.433777 0.000000
v 145.300003 84.433777 8.000000
v 145.300003 89.680000 0.000000
v 145.300003 89.680000 8.000000
v 145.300003 93.520004 0.000000
v 145.300003 93.520004 8.000000
v 145.300003 98.766228 0.000000
v 145.300003 98.766228 8.000000
v 145.300003 103.633774 0.000000
v 145.300003 103.633774 8.000000
v 145.300003 108.879997 0.000000
v 145.300003 108.879997 8.000000
v 145.300003 112.720001 0.000000
v 145.300003 112.720001 8.000000
v 145.300003 117.966225 0.000000
v 145.300003 117.966225 8.000000
v 145.300003 122.833771 0.000000
v 145.300003 122.833771 8.000000
v 145.300003 128.080002 0.000000
v 145.300003 128.080002 8.000000
v 145.300003 131.919998 0.000000
v 145.300003 131.919998 8.000000
v 145.300003 137.166229 0.000000
v 145.300003 137.166229 8.000000
v 145.300003 142.033783 0.000000
v 145.300003 142.033783 8.000000
v 145.300003 147.279999 0.000000
v 145.300003 147.279999 8.000000
v 145.300003 151.120010 0.000000
v 145.300003 151.120010 8.000000
v 145.300003 156.366226 0.000000
v 145.300003 156.366226 8.000000
v 145.300003 161.233765 0.000000
v 145.300003 161.233765 8.000000
v 145.300003 166.480011 0.000000
v 145.300003 166.480011 8.000000
v 145.300003 170.320007 0.000000
v 145.300003 170.320007 8.000000
v 145.300003 175.566223 0.000000
v 145.300003 175.566223 8.000000
v 146.993988 82.004532 0.000000
v 146.993988 82.004532 8.000000
v 146.993988 120.395470 0.000000
v 146.993988 120.395470 8.000000
v 146.993988 120.404526 0.000000
v 146.993988 120.404526 8.000000
v 146.993988 177.995483 0.000000
v 146.993988 177.995483 8.000000
v 146.997864 82.002747 0.000000
v 146.997864 82.002747 8.000000
v 146.997864 120.397247 0.000000
v 146.997864 120.397247 8.000000
v 146.997864 120.402748 0.000000
v 146.997864 120.402748 8.000000
v 146.997864 177.997253 0.000000
v 146.997864 177.997253 8.000000
v 147.000000 82.000000 0.000000
v 147.000000 82.000000 40.000000
v 147.000000 83.153778 0.000000
v 147.000000 83.153778 8.000000
v 147.000000 100.046227 0.000000
v 147.000000 100.046227 8.000000
v 147.000000 101.199997 0.000000
v 147.000000 101.199997 8.000000
v 147.000000 101.200005 0.000000
v 147.000000 101.200005 8.000000
v 147.000000 102.353775 0.000000
v 147.000000 102.353775 8.000000
v 147.000000 119.246223 0.000000
v 147.000000 119.246223 8.000000
v 147.000000 121.553772 0.000000
v 147.000000 121.553772 8.000000
v 147.000000 138.446228 0.000000
v 147.000000 138.446228 8.000000
v 147.000000 139.600006 0.000000
v 147.000000 139.600006 8.000000
v 147.000000 140.753784 0.000000
v 147.000000 140.753784 8.000000
v 147.000000 157.646225 0.000000
v 147.000000 157.646225 8.000000
v 147.000000 158.800003 0.000000
v 147.000000 158.800003 8.000000
v 147.000000 159.953766 0.000000
v 147.000000 159.953766 8.000000
v 147.000000 176.846222 0.000000
v 147.000000 176.846222 8.000000
v 147.000000 178.000000 0.000000
v 147.000000 178.000000 40.000000
v 147.002136 82.002747 0.000000
v 147.002136 82.002747 8.000000
v 147.002136 120.397247 0.000000
v 147.002136 120.397247 8.000000
v 147.002136 120.402748 0.000000
v 147.002136 120.402748 8.000000
v 147.002136 177.997253 0.000000
v 147.002136 177.997253 8.000000
v 147.006012 82.004532 0.000000
v 147.006012 82.004532 8.000000
v 147.006012 120.395470 0.000000
v 147.006012 120.395470 8.000000
v 147.006012 120.404526 0.000000
v 147.006012 120.404526 8.000000
v 147.006012 177.995483 0.000000
v 147.006012 177.995483 8.000000
v 148.699997 84.433777 0.000000
v 148.699997 84.433777 8.000000
v 148.699997 89.680000 0.000000
v 148.699997 89.680000 8.000000
v 148.699997 93.520004 0.000000
v 148.699997 93.520004 8.000000
v 148.699997 98.766228 0.000000
v 148.699997 98.766228 8.000000
v 148.699997 103.633774 0.000000
v 148.699997 103.633774 8.000000
v 148.699997 108.879997 0.000000
v 148.699997 108.879997 8.000000
v 148.699997 112.720001 0.000000
v 148.699997 112.720001 8.000000
v 148.699997 117.966225 0.000000
v 148.699997 117.966225 8.000000
v 148.699997 122.833771 0.000000
v 148.699997 122.833771 8.000000
v 148.699997 128.080002 0.000000
v 148.699997 128.080002 8.000000
v 148.699997 131.919998 0.000000
v 148.699997 131.919998 8.000000
v 148.699997 137.166229 0.000000
v 148.699997 137.166229 8.000000
v 148.699997 142.033783 0.000000
v 148.699997 142.033783 8.000000
v 148.699997 147.279999 0.000000
v 148.699997 147.279999 8.000000
v 148.699997 151.120010 0.000000
v 148.699997 151.120010 8.000000
v 148.699997 156.366226 0.000000
v 148.699997 156.366226 8.000000
v 148.699997 161.233765 0.000000
v 148.699997 161.233765 8.000000
v 148.699997 166.480011 0.000000
v 148.699997 166.480011 8.000000
v 148.699997 170.320007 0.000000
v 148.699997 170.320007 8.000000
v 148.699997 175.566223 0.000000
v 148.699997 175.566223 8.000000
v 149.550003 83.919998 0.000000
v 149.550003 83.919998 8.000000
v 149.550003 88.720001 0.000000
v 149.550003 88.720001 8.000000
v 149.550003 94.479996 0.000000
v 149.550003 94.479996 8.000000
v 149.550003 99.279999 0.000000
v 149.550003 99.279999 8.000000
v 149.550003 103.120003 0.000000
v 149.550003 103.120003 8.000000
v 149.550003 107.919998 0.000000
v 149.550003 107.919998 8.000000
v 149.550003 113.680000 0.000000
v 149.550003 113.680000 8.000000
v 149.550003 118.479996 0.000000
v 149.550003 118.479996 8.000000
v 149.550003 122.320000 0.000000
v 149.550003 122.320000 8.000000
v 149.550003 127.119995 0.000000
v 149.550003 127.119995 8.000000
v 149.550003 132.880005 0.000000
v 149.550003 132.880005 8.000000
v 149.550003 137.679993 0.000000
v 149.550003 137.679993 8.000000
v 149.550003 141.520004 0.000000
v 149.550003 141.520004 8.000000
v 149.550003 146.320007 0.000000
v 149.550003 146.320007 8.000000
v 149.550003 152.080002 0.000000
v 149.550003 152.080002 8.000000
v 149.550003 156.880005 0.000000
v 149.550003 156.880005 8.000000
v 149.550003 160.720001 0.000000
v 149.550003 160.720001 8.000000
v 149.550003 165.519989 0.000000
v 149.550003 165.519989 8.000000
v 149.550003 171.279999 0.000000
v 149.550003 171.279999 8.000000
v 149.550003 176.080002 0.000000
v 149.550003 176.080002 8.000000
v 153.345093 89.680000 0.000000
v 153.345093 89.680000 8.000000
v 153.345093 93.520004 0.000000
v 153.345093 93.520004 8.000000
v 153.345093 108.879997 0.000000
v 153.345093 108.879997 8.000000
v 153.345093 112.720001 0.000000
v 153.345093 112.720001 8.000000
v 153.345093 128.080002 0.000000
v 153.345093 128.080002 8.000000
v 153.345093 131.919998 0.000000
v 153.345093 131.919998 8.000000
v 153.345093 147.279999 0.000000
v 153.345093 147.279999 8.000000
v 153.345093 151.120010 0.000000
v 153.345093 151.120010 8.000000
v 153.345093 166.480011 0.000000
v 153.345093 166.480011 8.000000
v 153.345093 170.320007 0.000000
v 153.345093 170.320007 8.000000
v 153.800003 88.720001 0.000000
v 153.800003 88.720001 8.000000
v 153.800003 94.479996 0.000000
v 153.800003 94.479996 8.000000
v 153.800003 107.919998 0.000000
v 153.800003 107.919998 8.000000
v 153.800003 113.680000 0.000000
v 153.800003 113.680000 8.000000
v 153.800003 127.119995 0.000000
v 153.800003 127.119995 8.000000
v 153.800003 132.880005 0.000000
v 153.800003 132.880005 8.000000
v 153.800003 146.320007 0.000000
v 153.800003 146.320007 8.000000
v 153.800003 152.080002 0.000000
v 153.800003 152.080002 8.000000
v 153.800003 165.519989 0.000000
v 153.800003 165.519989 8.000000
v 153.800003 171.279999 0.000000
v 153.800003 171.279999 8.000000
v 154.478424 91.600006 0.000000
v 154.478424 91.600006 8.000000
v 154.478424 110.800003 0.000000
v 154.478424 110.800003 8.000000
v 154.478424 130.000000 0.000000
v 154.478424 130.000000 8.000000
v 154.478424 149.199997 0.000000
v 154.478424 149.199997 8.000000
v 154.478424 168.399994 0.000000
v 154.478424 168.399994 8.000000
v 155.500000 91.600006 0.000000
v 155.500000 91.600006 8.000000
v 155.500000 110.799995 0.000000
v 155.500000 110.799995 8.000000
v 155.500000 110.800003 0.000000
v 155.500000 110.800003 8.000000
v 155.500000 130.000000 0.000000
v 155.500000 130.000000 8.000000
v 155.500000 149.199997 0.000000
v 155.500000 149.199997 8.000000
v 155.500000 168.399994 0.000000
v 155.500000 168.399994 8.000000
v 156.521576 91.600006 0.000000
v 156.521576 91.600006 8.000000
v 156.521576 110.799995 0.000000
v 156.521576 110.799995 8.000000
v 156.521576 130.000000 0.000000
v 156.521576 130.000000 8.000000
v 156.521576 149.199997 0.000000
v 156.521576 149.199997 8.000000
v 156.521576 168.399994 0.000000
v 156.521576 168.399994 8.000000
v 157.199997 88.720001 0.000000
v 157.199997 88.720001 8.000000
v 157.199997 94.479996 0.000000
v 157.199997 94.479996 8.000000
v 157.199997 107.919998 0.000000
v 157.199997 107.919998 8.000000
v 157.199997 113.680000 0.000000
v 157.199997 113.680000 8.000000
v 157.199997 127.119995 0.000000
v 157.199997 127.119995 8.000000
v 157.199997 132.880005 0.000000
v 157.199997 132.880005 8.000000
v 157.199997 146.320007 0.000000
v 157.199997 146.320007 8.000000
v 157.199997 152.080002 0.000000
v 157.199997 152.080002 8.000000
v 157.199997 165.519989 0.000000
v 157.199997 165.519989 8.000000
v 157.199997 171.279999 0.000000
v 157.199997 171.279999 8.000000
v 157.654907 89.680000 0.000000
v 157.654907 89.680000 8.000000
v 157.654907 93.520004 0.000000
v 157.654907 93.520004 8.000000
v 157.654907 108.879997 0.000000
v 157.654907 108.879997 8.000000
v 157.654907 112.720001 0.000000
v 157.654907 112.720001 8.000000
v 157.654907 128.080002 0.000000
v 157.654907 128.080002 8.000000
v 157.654907 131.919998 0.000000
v 157.654907 131.919998 8.000000
v 157.654907 147.279999 0.000000
v 157.654907 147.279999 8.000000
v 157.654907 151.119995 0.000000
v 157.654907 151.119995 8.000000
v 157.654907 166.480011 0.000000
v 157.654907 166.480011 8.000000
v 157.654907 170.320007 0.000000
v 157.654907 170.320007 8.000000
v 161.449997 83.919998 0.000000
v 161.449997 83.919998 8.000000
v 161.449997 88.720001 0.000000
v 161.449997 88.720001 8.000000
v 161.449997 94.479996 0.000000
v 161.449997 94.479996 8.000000
v 161.449997 99.279999 0.000000
v 161.449997 99.279999 8.000000
v 161.449997 103.119995 0.000000
v 161.449997 103.119995 8.000000
v 161.449997 107.919998 0.000000
v 161.449997 107.919998 8.000000
v 161.449997 113.680000 0.000000
v 161.449997 113.680000 8.000000
v 161.449997 118.479996 0.000000
v 161.449997 118.479996 8.000000
v 161.449997 122.320000 0.000000
v 161.449997 122.320000 8.000000
v 161.449997 127.119995 0.000000
v 161.449997 127.119995 8.000000
v 161.449997 132.880005 0.000000
v 161.449997 132.880005 8.000000
v 161.449997 137.679993 0.000000
v 161.449997 137.679993 8.000000
v 161.449997 141.519989 0.000000
v 161.449997 141.519989 8.000000
v 161.449997 146.320007 0.000000
v 161.449997 146.320007 8.000000
v 161.449997 152.080002 0.000000
v 161.449997 152.080002 8.000000
v 161.449997 156.880005 0.000000
v 161.449997 156.880005 8.000000
v 161.449997 160.720001 0.000000
v 161.449997 160.720001 8.000000
v 161.449997 165.519989 0.000000
v 161.449997 165.519989 8.000000
v 161.449997 171.279999 0.000000
v 161.449997 171.279999 8.000000
v 161.449997 176.080002 0.000000
v 161.449997 176.080002 8.000000
v 162.300003 84.433777 0.000000
v 162.300003 84.433777 8.000000
v 162.300003 89.680000 0.000000
v 162.300003 89.680000 8.000000
v 162.300003 93.520004 0.000000
v 162.300003 93.520004 8.000000
v 162.300003 98.766228 0.000000
v 162.300003 98.766228 8.000000
v 162.300003 103.633774 0.000000
v 162.300003 103.633774 8.000000
v 162.300003 108.879997 0.000000
v 162.300003 108.879997 8.000000
v 162.300003 112.720001 0.000000
v 162.300003 112.720001 8.000000
v 162.300003 117.966225 0.000000
v 162.300003 117.966225 8.000000
v 162.300003 122.833771 0.000000
v 162.300003 122.833771 8.000000
v 162.300003 128.080002 0.000000
v 162.300003 128.080002 8.000000
v 162.300003 131.919998 0.000000
v 162.300003 131.919998 8.000000
v 162.300003 137.166229 0.000000
v 162.300003 137.166229 8.000000
v 162.300003 142.033783 0.000000
v 162.300003 142.033783 8.000000
v 162.300003 147.279999 0.000000
v 162.300003 147.279999 8.000000
v 162.300003 151.119995 0.000000
v 162.300003 151.119995 8.000000
v 162.300003 156.366226 0.000000
v 162.300003 156.366226 8.000000
v 162.300003 161.233765 0.000000
v 162.300003 161.233765 8.000000
v 162.300003 166.480011 0.000000
v 162.300003 166.480011 8.000000
v 162.300003 170.320007 0.000000
v 162.300003 170.320007 8.000000
v 162.300003 175.566223 0.000000
v 162.300003 175.566223 8.000000
v 163.993988 82.004532 0.000000
v 163.993988 82.004532 8.000000
v 163.993988 158.795471 0.000000
v 163.993988 158.795471 8.000000
v 163.993988 158.804535 0.000000
v 163.993988 158.804535 8.000000
v 163.997864 82.002747 0.000000
v 163.997864 82.002747 8.000000
v 163.997864 158.797241 0.000000
v 163.997864 158.797241 8.000000
v 163.997864 158.802750 0.000000
v 163.997864 158.802750 8.000000
v 164.000000 82.000000 0.000000
v 164.000000 82.000000 40.000000
v 164.000000 83.153778 0.000000
v 164.000000 83.153778 8.000000
v 164.000000 100.046227 0.000000
v 164.000000 100.046227 8.000000
v 164.000000 101.199997 0.000000
v 164.000000 101.199997 8.000000
v 164.000000 101.200005 0.000000
v 164.000000 101.200005 8.000000
v 164.000000 102.353775 0.000000
v 164.000000 102.353775 8.000000
v 164.000000 119.246223 0.000000
v 164.000000 119.246223 8.000000
v 164.000000 120.400002 0.000000
v 164.000000 120.400002 8.000000
v 164.000000 121.553772 0.000000
v 164.000000 121.553772 8.000000
v 164.000000 138.446228 0.000000
v 164.000000 138.446228 8.000000
v 164.000000 139.600006 0.000000
v 164.000000 139.600006 8.000000
v 164.000000 140.753784 0.000000
v 164.000000 140.753784 8.000000
v 164.000000 157.646225 0.000000
v 164.000000 157.646225 8.000000
v 164.000000 159.953766 0.000000
v 164.000000 159.953766 8.000000
v 164.000000 176.846222 0.000000
v 164.000000 176.846222 8.000000
v 164.000000 178.000000 0.000000
v 164.000000 178.000000 8.000000
v 164.002136 82.002747 0.000000
v 164.002136 82.002747 8.000000
v 164.002136 158.797241 0.000000
v 164.002136 158.797241 8.000000
v 164.002136 158.802750 0.000000
v 164.002136 158.802750 8.000000
v 164.006012 82.004532 0.000000
v 164.006012 82.004532 8.000000
v 164.006012 158.795471 0.000000
v 164.006012 158.795471 8.000000
v 164.006012 158.804535 0.000000
v 164.006012 158.804535 8.000000
v 165.699997 84.433777 0.000000
v 165.699997 84.433777 8.000000
v 165.699997 89.680000 0.000000
v 165.699997 89.680000 8.000000
v 165.699997 93.520004 0.000000
v 165.699997 93.520004 8.000000
v 165.699997 98.766228 0.000000
v 165.699997 98.766228 8.000000
v 165.699997 103.633774 0.000000
v 165.699997 103.633774 8.000000
v 165.699997 108.879997 0.000000
v 165.699997 108.879997 8.000000
v 165.699997 112.720001 0.000000
v 165.699997 112.720001 8.000000
v 165.699997 117.966225 0.000000
v 165.699997 117.966225 8.000000
v 165.699997 122.833771 0.000000
v 165.699997 122.833771 8.000000
v 165.699997 128.080002 0.000000
v 165.699997 128.080002 8.000000
v 165.699997 131.919998 0.000000
v 165.699997 131.919998 8.000000
v 165.699997 137.166229 0.000000
v 165.699997 137.166229 8.000000
v 165.699997 142.033783 0.000000
v 165.699997 142.033783 8.000000
v 165.699997 147.279999 0.000000
v 165.699997 147.279999 8.000000
v 165.699997 151.119995 0.000000
v 165.699997 151.119995 8.000000
v 165.699997 156.366226 0.000000
v 165.699997 156.366226 8.000000
v 165.699997 161.233765 0.000000
v 165.699997 161.233765 8.000000
v 165.699997 166.480011 0.000000
v 165.699997 166.480011 8.000000
v 165.699997 170.320007 0.000000
v 165.699997 170.320007 8.000000
v 165.699997 175.566223 0.000000
v 165.699997 175.566223 8.000000
v 166.550003 83.919998 0.000000
v 166.550003 83.919998 8.000000
v 166.550003 88.720001 0.000000
v 166.550003 88.720001 8.000000
v 166.550003 94.479996 0.000000
v 166.550003 94.479996 8.000000
v 166.550003 99.279999 0.000000
v 166.550003 99.279999 8.000000
v 166.550003 103.119995 0.000000
v 166.550003 103.119995 8.000000
v 166.550003 107.919998 0.000000
v 166.550003 107.919998 8.000000
v 166.550003 113.680000 0.000000
v 166.550003 113.680000 8.000000
v 166.550003 118.479996 0.000000
v 166.550003 118.479996 8.000000
v 166.550003 122.320000 0.000000
v 166.550003 122.320000 8.000000
v 166.550003 127.119995 0.000000
v 166.550003 127.119995 8.000000
v 166.550003 132.880005 0.000000
v 166.550003 132.880005 8.000000
v 166.550003 137.679993 0.000000
v 166.550003 137.679993 8.000000
v 166.550003 141.519989 0.000000
v 166.550003 141.519989 8.000000
v 166.550003 146.320007 0.000000
v 166.550003 146.320007 8.000000
v 166.550003 152.080002 0.000000
v 166.550003 152.080002 8.000000
v 166.550003 156.880005 0.000000
v 166.550003 156.880005 8.000000
v 166.550003 160.720001 0.000000
v 166.550003 160.720001 8.000000
v 166.550003 165.519989 0.000000
v 166.550003 165.519989 8.000000
v 166.550003 171.279999 0.000000
v 166.550003 171.279999 8.000000
v 166.550003 176.080002 0.000000
v 166.550003 176.080002 8.000000
v 169.500000 77.000000 0.000000
v 169.500000 77.000000 4.000000
v 169.500000 183.000000 0.000000
v 169.500000 183.000000 4.000000
v 170.345093 89.680000 0.000000
v 170.345093 89.680000 8.000000
v 170.345093 93.520004 0.000000
v 170.345093 93.520004 8.000000
v 170.345093 108.879997 0.000000
v 170.345093 108.879997 8.000000
v 170.345093 112.720001 0.000000
v 170.345093 112.720001 8.000000
v 170.345093 128.080002 0.000000
v 170.345093 128.080002 8.000000
v 170.345093 131.919998 0.000000
v 170.345093 131.919998 8.000000
v 170.345093 147.279999 0.000000
v 170.345093 147.279999 8.000000
v 170.345093 151.119995 0.000000
v 170.345093 151.119995 8.000000
v 170.345093 166.480011 0.000000
v 170.345093 166.480011 8.000000
v 170.345093 170.320007 0.000000
v 170.345093 170.320007 8.000000
v 170.800003 82.000000 0.000000
v 170.800003 82.000000 40.000000
v 170.800003 88.720001 0.000000
v 170.800003 88.720001 8.000000
v 170.800003 94.479996 0.000000
v 170.800003 94.479996 8.000000
v 170.800003 107.919998 0.000000
v 170.800003 107.919998 8.000000
v 170.800003 113.680000 0.000000
v 170.800003 113.680000 8.000000
v 170.800003 127.119995 0.000000
v 170.800003 127.119995 8.000000
v 170.800003 132.880005 0.000000
v 170.800003 132.880005 8.000000
v 170.800003 146.320007 0.000000
v 170.800003 146.320007 8.000000
v 170.800003 152.080002 0.000000
v 170.800003 152.080002 8.000000
v 170.800003 165.519989 0.000000
v 170.800003 165.519989 8.000000
v 170.800003 171.279999 0.000000
v 170.800003 171.279999 8.000000
v 171.000000 178.000000 0.000000
v 171.000000 178.000000 40.000000
v 171.478424 91.600006 0.000000
v 171.478424 91.600006 8.000000
v 171.478424 110.799995 0.000000
v 171.478424 110.799995 8.000000
v 171.478424 130.000000 0.000000
v 171.478424 130.000000 8.000000
v 171.478424 149.199997 0.000000
v 171.478424 149.199997 8.000000
v 171.478424 168.399994 0.000000
v 171.478424 168.399994 8.000000
v 171.669830 82.364319 0.000000
v 171.669830 82.364319 40.000000
v 171.779068 177.576111 0.000000
v 171.779068 177.576111 40.000000
v 172.280579 83.082848 0.000000
v 172.280579 83.082848 40.000000
v 172.311218 176.866577 0.000000
v 172.311218 176.866577 40.000000
v 172.497009 91.594917 0.000000
v 172.497009 91.594917 8.000000
v 172.497009 91.605087 0.000000
v 172.497009 91.605087 8.000000
v 172.497009 149.194916 0.000000
v 172.497009 149.194916 8.000000
v 172.497009 149.205078 0.000000
v 172.497009 149.205078 8.000000
v 172.497009 168.394928 0.000000
v 172.497009 168.394928 8.000000
v 172.497009 168.405090 0.000000
v 172.497009 168.405090 8.000000
v 172.498230 91.598236 0.000000
v 172.498230 91.598236 8.000000
v 172.498230 91.601768 0.000000
v 172.498230 91.601768 8.000000
v 172.498230 149.198242 0.000000
v 172.498230 149.198242 8.000000
v 172.498230 149.201767 0.000000
v 172.498230 149.201767 8.000000
v 172.498230 168.398224 0.000000
v 172.498230 168.398224 8.000000
v 172.498230 168.401764 0.000000
v 172.498230 168.401764 8.000000
v 172.500000 84.000000 0.000000
v 172.500000 84.000000 40.000000
v 172.500000 91.599998 0.000000
v 172.500000 91.599998 40.000000
v 172.500000 110.799995 0.000000
v 172.500000 110.799995 8.000000
v 172.500000 130.000000 0.000000
v 172.500000 130.000000 8.000000
v 172.500000 149.199997 0.000000
v 172.500000 149.199997 40.000000
v 172.500000 168.399994 0.000000
v 172.500000 168.399994 40.000000
v 172.500000 176.000000 0.000000
v 172.500000 176.000000 40.000000
v 172.561462 77.608963 0.000000
v 172.561462 77.608963 4.000000
v 172.561462 182.391037 0.000000
v 172.561462 182.391037 4.000000
v 173.000000 81.500000 8.000000
v 173.000000 81.500000 10.000000
v 173.000000 178.500000 8.000000
v 173.000000 178.500000 10.000000
v 174.000000 80.500000 4.000000
v 174.000000 80.500000 40.000000
v 174.000000 179.500000 4.000000
v 174.000000 179.500000 40.000000
v 175.156860 79.343140 0.000000
v 175.156860 79.343140 4.000000
v 175.156860 180.656860 0.000000
v 175.156860 180.656860 4.000000
v 176.891037 81.938530 0.000000
v 176.891037 81.938530 4.000000
v 176.891037 178.061462 0.000000
v 176.891037 178.061462 4.000000
v 177.500000 85.000000 0.000000
v 177.500000 85.000000 4.000000
v 177.500000 175.000000 0.000000
v 177.500000 175.000000 4.000000
usemtl Acier_-_Satiné
f 193 195 196
f 196 194 193
f 194 128 127
f 127 193 194
f 128 88 87
f 87 127 128
f 88 126 125
f 125 87 88
f 125 126 192
f 192 191 125
f 191 192 190
f 190 189 191
f 189 190 248
f 248 247 189
f 247 248 294
f 294 293 247
f 293 294 296
f 296 295 293
f 295 296 374
f 374 373 295
f 373 374 414
f 414 413 373
f 414 376 375
f 375 413 414
f 376 298 297
f 297 375 376
f 298 300 299
f 299 297 298
f 300 250 249
f 249 299 300
f 250 196 195
f 195 249 250
f 247 285 277
f 333 285 247
f 149 189 247
f 59 87 125
f 293 295 335
f 247 293 333
f 247 237 229
f 189 149 151
f 125 191 151
f 125 101 59
f 277 237 247
f 151 191 189
f 375 297 337
f 423 413 375
f 423 393 373
f 373 393 335
f 195 193 153
f 155 253 249
f 339 299 249
f 299 339 337
f 61 103 127
f 87 39 41
f 59 39 87
f 247 229 149
f 375 395 423
f 335 295 373
f 249 195 155
f 337 297 299
f 41 61 87
f 127 103 153
f 335 333 293
f 373 413 423
f 249 253 339
f 153 193 127
f 337 395 375
f 127 87 61
f 153 155 195
f 151 101 125
f 150 230 248
f 334 294 248
f 248 238 278
f 190 192 152
f 248 190 150
f 278 286 248
f 294 334 336
f 88 62 42
f 62 88 128
f 60 102 126
f 374 296 336
f 424 414 374
f 230 238 248
f 336 296 294
f 128 194 154
f 128 104 62
f 88 40 60
f 126 102 152
f 374 394 424
f 248 286 334
f 42 40 88
f 152 192 126
f 300 298 338
f 340 254 250
f 156 196 250
f 196 156 154
f 152 150 190
f 126 88 60
f 250 300 340
f 154 194 196
f 154 104 128
f 250 254 156
f 424 396 376
f 376 396 338
f 338 340 300
f 338 298 376
f 376 414 424
f 336 394 374
f 394 336 335
f 335 393 394
f 336 334 333
f 333 335 336
f 334 286 285
f 285 333 334
f 285 286 278
f 277 278 238
f 237 238 230
f 230 229 237
f 238 237 277
f 278 277 285
f 149 229 230
f 230 150 149
f 152 151 149
f 149 150 152
f 152 102 101
f 101 151 152
f 59 101 102
f 102 60 59
f 59 60 40
f 39 40 42
f 41 42 62
f 62 61 41
f 42 41 39
f 40 39 59
f 104 103 61
f 61 62 104
f 103 104 154
f 154 153 103
f 154 156 155
f 155 153 154
f 155 156 254
f 254 253 155
f 424 394 393
f 393 423 424
f 340 339 253
f 253 254 340
f 339 340 338
f 338 337 339
f 337 338 396
f 396 395 337
f 395 396 424
f 424 423 395
f 18 1844 1846
f 1846 20 18
f 1844 1843 1845
f 1845 1846 1844
f 1846 1845 19
f 19 20 1846
f 20 19 17
f 17 18 20
f 18 17 1843
f 1843 1844 18
f 1845 1843 17
f 17 19 1845
f 174 176 175
f 175 173 174
f 176 114 113
f 113 175 176
f 71 113 114
f 114 72 71
f 71 72 52
f 51 52 54
f 53 54 74
f 74 73 53
f 54 53 51
f 52 51 71
f 116 115 73
f 73 74 116
f 115 116 178
f 178 177 115
f 178 180 179
f 179 177 178
f 179 180 270
f 270 269 179
f 363 269 270
f 270 364 363
f 363 364 362
f 362 361 363
f 361 362 408
f 408 407 361
f 407 408 430
f 430 429 407
f 264 174 173
f 173 263 264
f 358 264 263
f 263 357 358
f 360 358 357
f 357 359 360
f 406 360 359
f 359 405 406
f 430 406 405
f 405 429 430
f 387 321 361
f 429 419 387
f 429 405 385
f 385 405 359
f 179 269 267
f 363 323 267
f 323 363 361
f 73 115 139
f 93 51 53
f 71 93 137
f 317 319 359
f 357 263 265
f 173 213 265
f 213 173 175
f 387 407 429
f 359 319 385
f 267 219 179
f 361 321 323
f 53 73 93
f 139 115 177
f 137 215 175
f 137 113 71
f 265 317 357
f 175 215 213
f 385 419 429
f 267 269 363
f 177 217 139
f 71 51 93
f 265 263 173
f 219 177 179
f 139 93 73
f 359 357 317
f 177 219 217
f 361 407 387
f 175 113 137
f 214 216 176
f 174 264 266
f 358 318 266
f 318 358 360
f 94 74 54
f 74 94 140
f 72 114 138
f 386 320 360
f 430 420 386
f 266 214 174
f 360 320 318
f 140 116 74
f 94 52 72
f 138 114 176
f 324 322 362
f 364 270 268
f 180 220 268
f 220 180 178
f 386 406 430
f 266 264 358
f 54 52 94
f 176 216 138
f 268 324 364
f 178 218 220
f 176 174 214
f 138 94 72
f 268 270 180
f 140 178 116
f 362 364 324
f 430 408 388
f 388 408 362
f 178 140 218
f 362 322 388
f 388 420 430
f 360 406 386
f 218 217 219
f 219 220 218
f 218 140 139
f 139 217 218
f 140 94 93
f 93 139 140
f 94 138 137
f 137 93 94
f 137 138 216
f 216 215 137
f 215 216 214
f 214 213 215
f 213 214 266
f 266 265 213
f 265 266 318
f 318 317 265
f 317 318 320
f 320 319 317
f 319 320 386
f 386 385 319
f 385 386 420
f 420 419 385
f 420 388 387
f 387 419 420
f 388 322 321
f 321 387 388
f 322 324 323
f 323 321 322
f 324 268 267
f 267 323 324
f 267 268 220
f 220 219 267
f 182 184 183
f 183 181 182
f 184 118 117
f 117 183 184
f 75 117 118
f 118 76 75
f 75 76 56
f 55 56 58
f 57 58 78
f 78 77 57
f 58 57 55
f 56 55 75
f 120 119 77
f 77 78 120
f 119 120 186
f 186 185 119
f 186 188 187
f 187 185 186
f 187 188 236
f 236 235 187
f 235 236 244
f 243 244 284
f 283 284 292
f 292 291 283
f 284 283 243
f 244 243 235
f 371 291 292
f 292 372 371
f 371 372 370
f 370 369 371
f 369 370 412
f 412 411 369
f 411 412 432
f 432 431 411
f 270 182 181
f 181 269 270
f 366 270 269
f 269 365 366
f 368 366 365
f 365 367 368
f 410 368 367
f 367 409 410
f 432 410 409
f 409 431 432
f 187 235 273
f 371 331 273
f 273 243 283
f 391 329 369
f 431 421 391
f 431 409 389
f 389 409 367
f 227 225 185
f 273 227 187
f 283 291 273
f 331 371 369
f 75 95 141
f 325 327 367
f 365 269 271
f 181 221 271
f 221 181 183
f 391 411 431
f 367 327 389
f 235 243 273
f 369 329 331
f 77 119 143
f 95 55 57
f 141 223 183
f 141 117 75
f 271 325 365
f 183 223 221
f 389 421 431
f 273 291 371
f 57 77 95
f 143 119 185
f 75 55 95
f 271 269 181
f 185 187 227
f 185 225 143
f 367 365 325
f 143 95 77
f 369 411 391
f 183 117 141
f 222 224 184
f 182 270 272
f 366 326 272
f 326 366 368
f 96 78 58
f 78 96 144
f 76 118 142
f 390 328 368
f 432 422 390
f 272 222 182
f 368 328 326
f 144 226 186
f 144 120 78
f 96 56 76
f 142 118 184
f 274 292 284
f 372 292 274
f 188 228 274
f 390 410 432
f 272 270 366
f 58 56 96
f 184 224 142
f 332 330 370
f 274 332 372
f 274 244 236
f 228 188 186
f 184 182 222
f 142 96 76
f 284 244 274
f 186 226 228
f 186 120 144
f 274 236 188
f 432 412 392
f 392 412 370
f 370 372 332
f 370 330 392
f 392 422 432
f 368 410 390
f 227 228 226
f 226 225 227
f 226 144 143
f 143 225 226
f 144 96 95
f 95 143 144
f 96 142 141
f 141 95 96
f 141 142 224
f 224 223 141
f 223 224 222
f 222 221 223
f 221 222 272
f 272 271 221
f 271 272 326
f 326 325 271
f 325 326 328
f 328 327 325
f 327 328 390
f 390 389 327
f 389 390 422
f 422 421 389
f 422 392 391
f 391 421 422
f 392 330 329
f 329 391 392
f 330 332 331
f 331 329 330
f 332 274 273
f 273 331 332
f 274 228 227
f 227 273 274
f 898 897 899
f 899 900 898
f 898 824 823
f 823 897 898
f 824 786 785
f 785 823 824
f 786 822 821
f 821 785 786
f 821 822 896
f 896 895 821
f 895 896 894
f 894 893 895
f 893 894 942
f 942 941 893
f 941 942 990
f 990 989 941
f 989 990 992
f 992 991 989
f 991 992 1058
f 1058 1057 991
f 1057 1058 1092
f 1092 1091 1057
f 1092 1060 1059
f 1059 1091 1092
f 1060 994 993
f 993 1059 1060
f 994 996 995
f 995 993 994
f 996 944 943
f 943 995 996
f 943 944 900
f 900 899 943
f 894 896 848
f 846 940 942
f 1030 990 942
f 990 1030 1032
f 768 786 824
f 768 798 822
f 822 798 848
f 942 894 846
f 1032 992 990
f 824 800 768
f 848 896 822
f 1036 946 944
f 852 900 944
f 900 852 850
f 1058 992 1032
f 1114 1092 1058
f 942 940 1030
f 822 786 768
f 944 996 1036
f 850 898 900
f 1058 1078 1114
f 824 850 800
f 944 946 852
f 1114 1080 1060
f 1060 1080 1034
f 848 846 894
f 996 1034 1036
f 1034 994 1060
f 850 824 898
f 1060 1092 1114
f 1034 996 994
f 1032 1078 1058
f 1059 993 1033
f 1113 1091 1059
f 1113 1077 1057
f 1057 1077 1031
f 851 945 943
f 1035 995 943
f 995 1035 1033
f 989 991 1031
f 1029 939 941
f 845 893 941
f 893 845 847
f 1059 1079 1113
f 1031 991 1057
f 943 899 851
f 1033 993 995
f 767 799 823
f 823 799 849
f 821 895 847
f 767 785 821
f 941 989 1029
f 847 895 893
f 1057 1091 1113
f 943 945 1035
f 849 897 823
f 821 797 767
f 941 939 845
f 899 849 851
f 823 785 767
f 1031 1029 989
f 849 899 897
f 1033 1079 1059
f 847 797 821
f 1031 1077 1078
f 1078 1032 1031
f 1032 1030 1029
f 1029 1031 1032
f 1030 940 939
f 939 1029 1030
f 940 846 845
f 845 939 940
f 846 848 847
f 847 845 846
f 848 798 797
f 797 847 848
f 797 798 768
f 768 767 797
f 767 768 800
f 800 799 767
f 799 800 850
f 850 849 799
f 850 852 851
f 851 849 850
f 1114 1078 1077
f 1077 1113 1114
f 851 852 946
f 946 945 851
f 945 946 1036
f 1036 1035 945
f 1035 1036 1034
f 1034 1033 1035
f 1033 1034 1080
f 1080 1079 1033
f 1079 1080 1114
f 1114 1113 1079
f 1229 1230 1228
f 1228 1227 1229
f 1228 1166 1165
f 1165 1227 1228
f 1166 1134 1133
f 1133 1165 1166
f 1134 1164 1163
f 1163 1133 1134
f 1163 1164 1226
f 1226 1225 1163
f 1225 1226 1224
f 1224 1223 1225
f 1223 1224 1282
f 1282 1281 1223
f 1281 1282 1328
f 1328 1327 1281
f 1327 1328 1330
f 1330 1329 1327
f 1329 1330 1408
f 1408 1407 1329
f 1407 1408 1448
f 1448 1447 1407
f 1448 1410 1409
f 1409 1447 1448
f 1410 1332 1331
f 1331 1409 1410
f 1332 1334 1333
f 1333 1331 1332
f 1333 1334 1284
f 1284 1283 1333
f 1229 1283 1284
f 1284 1230 1229
f 1409 1331 1371
f 1457 1447 1409
f 1457 1427 1407
f 1407 1427 1369
f 1281 1319 1311
f 1367 1319 1281
f 1183 1223 1281
f 1409 1429 1457
f 1369 1329 1407
f 1189 1287 1283
f 1373 1333 1283
f 1333 1373 1371
f 1127 1145 1165
f 1133 1117 1119
f 1125 1133 1163
f 1281 1327 1367
f 1281 1271 1263
f 1223 1183 1185
f 1407 1447 1457
f 1283 1229 1189
f 1371 1331 1333
f 1119 1127 1133
f 1165 1145 1187
f 1163 1225 1185
f 1163 1143 1125
f 1311 1271 1281
f 1185 1225 1223
f 1371 1429 1409
f 1283 1287 1373
f 1187 1227 1165
f 1125 1117 1133
f 1281 1263 1183
f 1229 1187 1189
f 1165 1133 1127
f 1327 1369 1367
f 1187 1229 1227
f 1369 1327 1329
f 1185 1143 1163
f 1282 1264 1272
f 1184 1264 1282
f 1368 1328 1282
f 1224 1226 1186
f 1282 1224 1184
f 1282 1312 1320
f 1328 1368 1370
f 1134 1128 1120
f 1128 1134 1166
f 1126 1144 1164
f 1408 1330 1370
f 1458 1448 1408
f 1272 1312 1282
f 1370 1330 1328
f 1166 1146 1128
f 1134 1118 1126
f 1164 1144 1186
f 1334 1332 1372
f 1374 1288 1284
f 1190 1230 1284
f 1230 1190 1188
f 1408 1428 1458
f 1282 1320 1368
f 1120 1118 1134
f 1186 1226 1164
f 1284 1334 1374
f 1188 1228 1230
f 1186 1184 1224
f 1164 1134 1126
f 1284 1288 1190
f 1166 1188 1146
f 1372 1374 1334
f 1458 1430 1410
f 1410 1430 1372
f 1188 1166 1228
f 1372 1332 1410
f 1410 1448 1458
f 1370 1428 1408
f 1428 1370 1369
f 1369 1427 1428
f 1370 1368 1367
f 1367 1369 1370
f 1367 1368 1320
f 1320 1319 1367
f 1319 1320 1312
f 1311 1312 1272
f 1271 1272 1264
f 1264 1263 1271
f 1272 1271 1311
f 1312 1311 1319
f 1183 1263 1264
f 1264 1184 1183
f 1185 1183 1184
f 1184 1186 1185
f 1186 1144 1143
f 1143 1185 1186
f 1143 1144 1126
f 1126 1125 1143
f 1125 1126 1118
f 1117 1118 1120
f 1119 1120 1128
f 1128 1127 1119
f 1120 1119 1117
f 1118 1117 1125
f 1145 1127 1128
f 1128 1146 1145
f 1145 1146 1188
f 1188 1187 1145
f 1188 1190 1189
f 1189 1187 1188
f 1189 1190 1288
f 1288 1287 1189
f 1458 1428 1427
f 1427 1457 1458
f 1287 1288 1374
f 1374 1373 1287
f 1373 1374 1372
f 1372 1371 1373
f 1371 1372 1430
f 1430 1429 1371
f 1429 1430 1458
f 1458 1457 1429
f 561 562 560
f 560 559 561
f 560 482 481
f 481 559 560
f 482 442 441
f 441 481 482
f 442 480 479
f 479 441 442
f 479 480 558
f 558 557 479
f 557 558 556
f 556 555 557
f 555 556 604
f 604 603 555
f 603 604 658
f 658 657 603
f 657 658 660
f 660 659 657
f 659 660 722
f 722 721 659
f 721 722 754
f 754 753 721
f 754 724 723
f 723 753 754
f 724 662 661
f 661 723 724
f 662 664 663
f 663 661 662
f 664 606 605
f 605 663 664
f 606 562 561
f 561 605 606
f 604 570 578
f 516 570 604
f 698 658 604
f 556 558 518
f 604 556 516
f 604 616 624
f 658 698 700
f 722 660 700
f 770 754 722
f 578 616 604
f 700 660 658
f 482 560 520
f 432 442 482
f 432 460 480
f 480 460 518
f 664 662 702
f 704 608 606
f 522 562 606
f 562 522 520
f 722 742 770
f 604 624 698
f 482 462 432
f 518 558 480
f 606 664 704
f 520 560 562
f 770 744 724
f 724 744 702
f 518 516 556
f 480 442 432
f 606 608 522
f 702 662 724
f 520 462 482
f 724 754 770
f 702 704 664
f 700 742 722
f 697 623 603
f 515 555 603
f 603 615 577
f 657 659 699
f 603 657 697
f 577 569 603
f 555 515 517
f 479 557 517
f 431 441 479
f 623 615 603
f 517 557 555
f 723 661 701
f 769 753 723
f 769 741 721
f 721 741 699
f 561 559 519
f 521 607 605
f 703 663 605
f 663 703 701
f 479 459 431
f 603 569 515
f 723 743 769
f 699 659 721
f 605 561 521
f 701 661 663
f 431 461 481
f 481 461 519
f 699 697 657
f 721 753 769
f 605 607 703
f 519 559 481
f 701 743 723
f 481 441 431
f 519 521 561
f 517 459 479
f 700 699 741
f 741 742 700
f 700 698 697
f 697 699 700
f 623 697 698
f 698 624 623
f 623 624 616
f 615 616 578
f 577 578 570
f 570 569 577
f 578 577 615
f 616 615 623
f 515 569 570
f 570 516 515
f 516 518 517
f 517 515 516
f 518 460 459
f 459 517 518
f 459 460 432
f 432 431 459
f 431 432 462
f 462 461 431
f 461 462 520
f 520 519 461
f 520 522 521
f 521 519 520
f 770 742 741
f 741 769 770
f 521 522 608
f 608 607 521
f 703 704 702
f 702 701 703
f 701 702 744
f 744 743 701
f 743 744 770
f 770 769 743
f 607 608 704
f 704 703 607
f 544 543 545
f 545 546 544
f 544 474 473
f 473 543 544
f 474 438 437
f 437 473 474
f 438 472 471
f 471 437 438
f 471 472 542
f 542 541 471
f 541 542 540
f 540 539 541
f 539 540 594
f 594 593 539
f 593 594 642
f 642 641 593
f 641 642 644
f 644 643 641
f 643 644 714
f 714 713 643
f 713 714 750
f 750 749 713
f 750 716 715
f 715 749 750
f 716 646 645
f 645 715 716
f 646 648 647
f 647 645 646
f 648 596 595
f 595 647 648
f 595 596 546
f 546 545 595
f 594 566 574
f 500 566 594
f 682 642 594
f 540 542 502
f 594 540 500
f 594 612 620
f 642 682 684
f 714 644 684
f 766 750 714
f 574 612 594
f 684 644 642
f 474 544 504
f 428 438 474
f 428 452 472
f 472 452 502
f 714 734 766
f 594 620 682
f 474 454 428
f 502 542 472
f 648 646 686
f 688 598 596
f 506 546 596
f 546 506 504
f 502 500 540
f 472 438 428
f 596 648 688
f 504 544 546
f 504 454 474
f 596 598 506
f 766 736 716
f 716 736 686
f 686 688 648
f 686 646 716
f 716 750 766
f 684 734 714
f 681 619 593
f 499 539 593
f 593 611 573
f 715 645 685
f 765 749 715
f 765 733 713
f 713 733 683
f 545 543 503
f 505 597 595
f 687 647 595
f 647 687 685
f 641 643 683
f 593 641 681
f 573 565 593
f 539 499 501
f 715 735 765
f 683 643 713
f 595 545 505
f 685 645 647
f 471 541 501
f 427 437 471
f 619 611 593
f 501 541 539
f 713 749 765
f 595 597 687
f 427 453 473
f 473 453 503
f 471 451 427
f 593 565 499
f 503 505 545
f 503 543 473
f 683 681 641
f 473 437 427
f 685 735 715
f 501 451 471
f 684 683 733
f 733 734 684
f 684 682 681
f 681 683 684
f 619 681 682
f 682 620 619
f 619 620 612
f 611 612 574
f 573 574 566
f 566 565 573
f 574 573 611
f 612 611 619
f 500 499 565
f 565 566 500
f 500 502 501
f 501 499 500
f 502 452 451
f 451 501 502
f 451 452 428
f 428 427 451
f 427 428 454
f 454 453 427
f 453 454 504
f 504 503 453
f 504 506 505
f 505 503 504
f 766 734 733
f 733 765 766
f 505 506 598
f 598 597 505
f 597 598 688
f 688 687 597
f 687 688 686
f 686 685 687
f 685 686 736
f 736 735 685
f 735 736 766
f 766 765 735
f 158 160 159
f 159 157 158
f 160 106 105
f 105 159 160
f 105 106 64
f 64 63 105
f 63 64 44
f 43 44 46
f 45 46 66
f 66 65 45
f 46 45 43
f 44 43 63
f 107 65 66
f 66 108 107
f 107 108 162
f 162 161 107
f 162 164 163
f 163 161 162
f 231 163 164
f 164 232 231
f 231 232 240
f 239 240 280
f 279 280 288
f 288 287 279
f 280 279 239
f 240 239 231
f 347 287 288
f 288 348 347
f 347 348 346
f 346 345 347
f 345 346 400
f 400 399 345
f 399 400 426
f 426 425 399
f 252 158 157
f 157 251 252
f 342 252 251
f 251 341 342
f 344 342 341
f 341 343 344
f 398 344 343
f 343 397 398
f 426 398 397
f 397 425 426
f 63 89 129
f 301 303 343
f 341 251 255
f 157 197 255
f 197 157 159
f 163 231 257
f 347 307 257
f 257 239 279
f 129 199 159
f 129 105 63
f 255 301 341
f 159 199 197
f 379 305 345
f 425 415 379
f 425 397 377
f 377 397 343
f 203 201 161
f 257 203 163
f 279 287 257
f 307 347 345
f 65 107 131
f 89 43 45
f 63 43 89
f 255 251 157
f 379 399 425
f 343 303 377
f 231 239 257
f 345 305 307
f 45 65 89
f 131 107 161
f 343 341 301
f 377 415 425
f 257 287 347
f 161 201 131
f 345 399 379
f 131 89 65
f 161 163 203
f 159 105 129
f 198 200 160
f 158 252 256
f 342 302 256
f 302 342 344
f 90 66 46
f 66 90 132
f 64 106 130
f 258 288 280
f 348 288 258
f 164 204 258
f 378 304 344
f 426 416 378
f 256 198 158
f 344 304 302
f 132 108 66
f 90 44 64
f 130 106 160
f 308 306 346
f 258 308 348
f 258 240 232
f 204 164 162
f 378 398 426
f 256 252 342
f 46 44 90
f 160 200 130
f 280 240 258
f 162 202 204
f 160 158 198
f 130 90 64
f 258 232 164
f 132 162 108
f 346 348 308
f 426 400 380
f 380 400 346
f 162 132 202
f 346 306 380
f 380 416 426
f 344 398 378
f 201 203 204
f 204 202 201
f 202 132 131
f 131 201 202
f 132 90 89
f 89 131 132
f 90 130 129
f 129 89 90
f 129 130 200
f 200 199 129
f 199 200 198
f 198 197 199
f 197 198 256
f 256 255 197
f 255 256 302
f 302 301 255
f 301 302 304
f 304 303 301
f 303 304 378
f 378 377 303
f 377 378 416
f 416 415 377
f 416 380 379
f 379 415 416
f 380 306 305
f 305 379 380
f 306 308 307
f 307 305 306
f 308 258 257
f 257 307 308
f 204 203 257
f 257 258 204
f 1192 1194 1193
f 1193 1191 1192
f 1194 1148 1147
f 1147 1193 1194
f 1147 1148 1112
f 1112 1111 1147
f 1111 1112 1150
f 1150 1149 1111
f 1149 1150 1196
f 1196 1195 1149
f 1196 1198 1197
f 1197 1195 1196
f 1198 1266 1265
f 1265 1197 1198
f 1265 1266 1274
f 1273 1274 1314
f 1313 1314 1322
f 1322 1321 1313
f 1314 1313 1273
f 1274 1273 1265
f 1381 1321 1322
f 1322 1382 1381
f 1381 1382 1380
f 1380 1379 1381
f 1379 1380 1434
f 1434 1433 1379
f 1433 1434 1462
f 1462 1461 1433
f 1286 1192 1191
f 1191 1285 1286
f 1376 1286 1285
f 1285 1375 1376
f 1378 1376 1375
f 1375 1377 1378
f 1378 1377 1431
f 1431 1432 1378
f 1461 1462 1432
f 1432 1431 1461
f 1197 1265 1291
f 1381 1341 1291
f 1291 1273 1313
f 1413 1339 1379
f 1461 1449 1413
f 1461 1431 1411
f 1411 1431 1377
f 1291 1237 1197
f 1313 1321 1291
f 1341 1381 1379
f 1335 1337 1377
f 1375 1285 1289
f 1191 1231 1289
f 1231 1191 1193
f 1413 1433 1461
f 1377 1337 1411
f 1265 1273 1291
f 1379 1339 1341
f 1111 1149 1169
f 1169 1149 1195
f 1167 1233 1193
f 1111 1135 1167
f 1289 1335 1375
f 1193 1233 1231
f 1411 1449 1461
f 1291 1321 1381
f 1195 1235 1169
f 1167 1147 1111
f 1289 1285 1191
f 1237 1195 1197
f 1169 1135 1111
f 1377 1375 1335
f 1195 1237 1235
f 1379 1433 1413
f 1193 1147 1167
f 1232 1234 1194
f 1192 1286 1290
f 1376 1336 1290
f 1336 1376 1378
f 1382 1322 1292
f 1198 1238 1292
f 1292 1314 1274
f 1412 1338 1378
f 1462 1450 1412
f 1290 1232 1192
f 1378 1338 1336
f 1112 1136 1170
f 1112 1148 1168
f 1168 1148 1194
f 1292 1342 1382
f 1274 1266 1292
f 1238 1198 1196
f 1412 1432 1462
f 1290 1286 1376
f 1170 1150 1112
f 1194 1234 1168
f 1322 1314 1292
f 1196 1236 1238
f 1194 1192 1232
f 1168 1136 1112
f 1292 1266 1198
f 1462 1434 1414
f 1414 1434 1380
f 1170 1196 1150
f 1342 1380 1382
f 1380 1340 1414
f 1196 1170 1236
f 1414 1450 1462
f 1380 1342 1340
f 1378 1432 1412
f 1236 1235 1237
f 1237 1238 1236
f 1236 1170 1169
f 1169 1235 1236
f 1170 1136 1135
f 1135 1169 1170
f 1136 1168 1167
f 1167 1135 1136
f 1167 1168 1234
f 1234 1233 1167
f 1233 1234 1232
f 1232 1231 1233
f 1231 1232 1290
f 1290 1289 1231
f 1289 1290 1336
f 1336 1335 1289
f 1335 1336 1338
f 1338 1337 1335
f 1337 1338 1412
f 1412 1411 1337
f 1411 1412 1450
f 1450 1449 1411
f 1450 1414 1413
f 1413 1449 1450
f 1414 1340 1339
f 1339 1413 1414
f 1340 1342 1341
f 1341 1339 1340
f 1341 1342 1292
f 1292 1291 1341
f 1237 1291 1292
f 1292 1238 1237
f 209 211 212
f 212 210 209
f 210 136 135
f 135 209 210
f 136 92 91
f 91 135 136
f 92 134 133
f 133 91 92
f 133 134 208
f 208 207 133
f 207 208 206
f 206 205 207
f 205 206 260
f 260 259 205
f 259 260 310
f 310 309 259
f 309 310 312
f 312 311 309
f 311 312 382
f 382 381 311
f 381 382 418
f 418 417 381
f 418 384 383
f 383 417 418
f 384 314 313
f 313 383 384
f 314 316 315
f 315 313 314
f 316 262 261
f 261 315 316
f 212 211 261
f 261 262 212
f 166 234 260
f 350 310 260
f 260 242 282
f 206 208 168
f 260 206 166
f 282 290 260
f 310 350 352
f 92 70 50
f 70 92 136
f 68 110 134
f 382 312 352
f 428 418 382
f 234 242 260
f 352 312 310
f 136 112 70
f 92 48 68
f 134 110 168
f 316 314 354
f 356 264 262
f 172 212 262
f 212 172 170
f 382 402 428
f 260 290 350
f 50 48 92
f 168 208 134
f 262 316 356
f 170 210 212
f 168 166 206
f 134 92 68
f 262 264 172
f 136 170 112
f 354 356 316
f 428 404 384
f 384 404 354
f 170 136 210
f 354 314 384
f 384 418 428
f 352 402 382
f 259 289 281
f 349 289 259
f 165 205 259
f 67 91 133
f 309 311 351
f 259 309 349
f 259 241 233
f 205 165 167
f 133 207 167
f 133 109 67
f 281 241 259
f 167 207 205
f 383 313 353
f 427 417 383
f 427 401 381
f 381 401 351
f 67 47 91
f 259 233 165
f 383 403 427
f 351 311 381
f 171 263 261
f 355 315 261
f 315 355 353
f 69 111 135
f 91 47 49
f 351 349 309
f 381 417 427
f 261 211 171
f 353 313 315
f 49 69 91
f 135 111 169
f 353 403 383
f 261 263 355
f 169 209 135
f 211 169 171
f 135 91 69
f 169 211 209
f 167 109 133
f 402 352 351
f 351 401 402
f 352 350 349
f 349 351 352
f 350 290 289
f 289 349 350
f 289 290 282
f 281 282 242
f 241 242 234
f 234 233 241
f 242 241 281
f 282 281 289
f 166 165 233
f 233 234 166
f 166 168 167
f 167 165 166
f 168 110 109
f 109 167 168
f 67 109 110
f 110 68 67
f 67 68 48
f 47 48 50
f 49 50 70
f 70 69 49
f 50 49 47
f 48 47 67
f 112 111 69
f 69 70 112
f 111 112 170
f 170 169 111
f 170 172 171
f 171 169 170
f 428 402 401
f 401 427 428
f 171 172 264
f 264 263 171
f 263 264 356
f 356 355 263
f 355 356 354
f 354 353 355
f 353 354 404
f 404 403 353
f 403 404 428
f 428 427 403
f 862 864 863
f 863 861 862
f 864 806 805
f 805 863 864
f 805 806 776
f 776 775 805
f 775 776 772
f 771 772 774
f 773 774 778
f 778 777 773
f 774 773 771
f 772 771 775
f 808 807 777
f 777 778 808
f 807 808 866
f 866 865 807
f 866 868 867
f 867 865 866
f 867 868 910
f 910 909 867
f 909 910 916
f 915 916 954
f 953 954 960
f 960 959 953
f 954 953 915
f 916 915 909
f 1020 1019 959
f 959 960 1020
f 1019 1020 1018
f 1018 1017 1019
f 1017 1018 1072
f 1072 1071 1017
f 928 862 861
f 861 927 928
f 1071 1072 1112
f 1112 1111 1071
f 1014 928 927
f 927 1013 1014
f 1016 1014 1013
f 1013 1015 1016
f 1015 1069 1070
f 1070 1016 1015
f 1112 1070 1069
f 1069 1111 1112
f 878 880 864
f 862 928 932
f 1014 974 932
f 974 1014 1016
f 784 778 774
f 778 784 816
f 776 806 814
f 1050 976 1016
f 1112 1088 1050
f 932 878 862
f 1016 976 974
f 816 882 866
f 816 808 778
f 784 772 776
f 814 806 864
f 1020 960 934
f 868 884 934
f 934 954 916
f 1050 1070 1112
f 932 928 1014
f 774 772 784
f 864 880 814
f 980 978 1018
f 934 980 1020
f 916 910 934
f 884 868 866
f 864 862 878
f 814 784 776
f 960 954 934
f 866 882 884
f 866 808 816
f 934 910 868
f 1112 1072 1052
f 1052 1072 1018
f 1018 1020 980
f 1018 978 1052
f 1052 1088 1112
f 1016 1070 1050
f 1051 977 1017
f 1111 1087 1051
f 1111 1069 1049
f 1049 1069 1015
f 933 909 915
f 867 909 933
f 1019 979 933
f 1051 1071 1111
f 1015 975 1049
f 933 883 867
f 933 953 959
f 979 1019 1017
f 777 807 815
f 783 771 773
f 775 783 813
f 1013 927 931
f 861 877 931
f 877 861 863
f 1049 1087 1111
f 915 953 933
f 1017 977 979
f 773 777 783
f 815 807 865
f 813 879 863
f 813 805 775
f 931 973 1013
f 863 879 877
f 1017 1071 1051
f 933 959 1019
f 865 881 815
f 775 771 783
f 931 927 861
f 883 865 867
f 815 783 777
f 973 1015 1013
f 865 883 881
f 1015 973 975
f 863 805 813
f 882 881 883
f 883 884 882
f 882 816 815
f 815 881 882
f 816 784 783
f 783 815 816
f 784 814 813
f 813 783 784
f 813 814 880
f 880 879 813
f 879 880 878
f 878 877 879
f 877 878 932
f 932 931 877
f 931 932 974
f 974 973 931
f 973 974 976
f 976 975 973
f 975 976 1050
f 1050 1049 975
f 1049 1050 1088
f 1088 1087 1049
f 1088 1052 1051
f 1051 1087 1088
f 1052 978 977
f 977 1051 1052
f 978 980 979
f 979 977 978
f 980 934 933
f 933 979 980
f 884 883 933
f 933 934 884
f 13 1847 1848
f 1848 14 13
f 13 14 16
f 16 15 13
f 16 1850 1849
f 1849 15 16
f 1847 1849 1850
f 1850 1848 1847
f 15 148 24
f 15 1849 1738
f 13 2 6
f 13 15 4
f 1847 1736 1840
f 1847 13 146
f 1849 1862 1858
f 1849 1847 1860
f 1738 148 15
f 1849 1854 1842
f 4 2 13
f 15 12 8
f 146 1736 1847
f 13 10 22
f 1860 1862 1849
f 1847 1852 1856
f 1842 1738 1849
f 8 4 15
f 22 146 13
f 1856 1860 1847
f 6 10 13
f 1858 1854 1849
f 1840 1852 1847
f 24 12 15
f 1859 1860 1856
f 1855 1856 1852
f 1851 1852 1840
f 1839 1840 1736
f 1736 1735 1839
f 1840 1839 1851
f 1852 1851 1855
f 1856 1855 1859
f 1862 1860 1859
f 1859 1861 1862
f 145 146 22
f 21 22 10
f 9 10 6
f 5 6 2
f 2 1 5
f 6 5 9
f 10 9 21
f 22 21 145
f 3 1 2
f 2 4 3
f 3 4 8
f 7 8 12
f 11 12 24
f 23 24 148
f 148 147 23
f 24 23 11
f 12 11 7
f 8 7 3
f 1737 1738 1842
f 1841 1842 1854
f 1853 1854 1858
f 1857 1858 1862
f 1862 1861 1857
f 1858 1857 1853
f 1854 1853 1841
f 1842 1841 1737
f 1737 147 148
f 148 1738 1737
f 145 1735 1736
f 1736 146 145
f 1 3 31
f 31 29 1
f 3 33 31
f 1759 1839 1735
f 3 35 33
f 1861 1833 1835
f 1859 1827 1833
f 1735 1279 1611
f 145 245 1279
f 25 5 1
f 3 37 35
f 1833 1861 1859
f 1279 1735 145
f 9 85 99
f 9 5 81
f 29 27 1
f 147 1737 951
f 1857 1861 1837
f 1859 1825 1827
f 145 123 245
f 21 99 123
f 81 85 9
f 1 27 25
f 1737 1309 951
f 1781 1309 1737
f 1835 1837 1861
f 1855 1797 1825
f 123 145 21
f 25 81 5
f 7 79 37
f 11 83 79
f 1737 1841 1781
f 1853 1857 1799
f 1825 1859 1855
f 1839 1759 1793
f 99 21 9
f 79 7 11
f 11 23 97
f 23 147 121
f 951 275 147
f 1841 1853 1795
f 1837 1799 1857
f 1851 1793 1797
f 1735 1611 1759
f 97 83 11
f 275 121 147
f 1799 1795 1853
f 1793 1851 1839
f 121 97 23
f 1797 1855 1851
f 1795 1781 1841
f 37 3 7
f 16 14 32
f 32 34 16
f 14 1848 1280
f 14 30 32
f 1280 246 14
f 14 28 30
f 1848 1612 1280
f 14 26 28
f 1848 1760 1612
f 16 276 952
f 34 36 16
f 246 124 14
f 1850 952 1310
f 16 122 276
f 36 38 16
f 124 100 14
f 952 1850 16
f 14 82 26
f 100 86 14
f 16 98 122
f 86 82 14
f 1848 1850 1834
f 16 84 98
f 38 80 16
f 1834 1828 1848
f 80 84 16
f 1850 1836 1834
f 1848 1794 1760
f 1850 1838 1836
f 1850 1782 1796
f 1848 1798 1794
f 1828 1826 1848
f 1796 1800 1850
f 1826 1798 1848
f 1310 1782 1850
f 1800 1838 1850
f 36 35 37
f 37 38 36
f 84 80 79
f 98 84 83
f 122 98 97
f 79 80 38
f 38 37 79
f 97 121 122
f 83 97 98
f 79 83 84
f 276 122 121
f 121 275 276
f 1825 1826 1828
f 1828 1827 1825
f 1793 1759 1760
f 1797 1793 1794
f 1825 1797 1798
f 1798 1826 1825
f 1794 1798 1797
f 1760 1794 1793
f 1760 1759 1611
f 1611 1612 1760
f 123 124 246
f 246 245 123
f 81 25 26
f 85 81 82
f 99 85 86
f 123 99 100
f 100 124 123
f 86 100 99
f 82 86 85
f 26 82 81
f 25 27 28
f 28 26 25
f 1781 1782 1310
f 1310 1309 1781
f 1799 1837 1838
f 1795 1799 1800
f 1781 1795 1796
f 1796 1782 1781
f 1800 1796 1795
f 1838 1800 1799
f 1838 1837 1835
f 1835 1836 1838
f 1279 245 246
f 246 1280 1279
f 31 33 34
f 34 32 31
f 36 34 33
f 33 35 36
f 1833 1834 1836
f 1836 1835 1833
f 31 32 30
f 30 29 31
f 30 28 27
f 27 29 30
f 1279 1280 1612
f 1612 1611 1279
f 1827 1828 1834
f 1834 1833 1827
f 951 952 276
f 276 275 951
f 1309 1310 952
f 952 951 1309
f 508 510 509
f 509 507 508
f 510 456 455
f 455 509 510
f 455 456 430
f 430 429 455
f 429 430 458
f 458 457 429
f 457 458 512
f 512 511 457
f 512 514 513
f 513 511 512
f 567 513 514
f 514 568 567
f 567 568 576
f 575 576 614
f 613 614 622
f 622 621 613
f 614 613 575
f 576 575 567
f 696 695 621
f 621 622 696
f 695 696 694
f 694 693 695
f 693 694 740
f 740 739 693
f 598 508 507
f 507 597 598
f 739 740 768
f 768 767 739
f 690 598 597
f 597 689 690
f 692 690 689
f 689 691 692
f 692 691 737
f 737 738 692
f 768 738 737
f 737 767 768
f 548 550 510
f 508 598 600
f 690 650 600
f 650 690 692
f 696 622 602
f 514 554 602
f 602 614 576
f 718 652 692
f 768 752 718
f 600 548 508
f 692 652 650
f 430 440 478
f 430 456 476
f 476 456 510
f 602 656 696
f 576 568 602
f 554 514 512
f 718 738 768
f 600 598 690
f 478 458 430
f 510 550 476
f 622 614 602
f 512 552 554
f 510 508 548
f 476 440 430
f 602 568 514
f 768 740 720
f 720 740 694
f 478 512 458
f 656 694 696
f 694 654 720
f 512 478 552
f 720 752 768
f 694 656 654
f 692 738 718
f 513 567 601
f 695 655 601
f 601 575 613
f 719 653 693
f 767 751 719
f 767 737 717
f 717 737 691
f 601 553 513
f 613 621 601
f 655 695 693
f 649 651 691
f 689 597 599
f 507 547 599
f 547 507 509
f 719 739 767
f 691 651 717
f 567 575 601
f 693 653 655
f 429 457 477
f 477 457 511
f 475 549 509
f 429 439 475
f 599 649 689
f 509 549 547
f 717 751 767
f 601 621 695
f 511 551 477
f 475 455 429
f 599 597 507
f 553 511 513
f 477 439 429
f 691 689 649
f 511 553 551
f 693 739 719
f 509 455 475
f 552 551 553
f 553 554 552
f 552 478 477
f 477 551 552
f 478 440 439
f 439 477 478
f 440 476 475
f 475 439 440
f 475 476 550
f 550 549 475
f 549 550 548
f 548 547 549
f 547 548 600
f 600 599 547
f 599 600 650
f 650 649 599
f 649 650 652
f 652 651 649
f 651 652 718
f 718 717 651
f 717 718 752
f 752 751 717
f 752 720 719
f 719 751 752
f 720 654 653
f 653 719 720
f 654 656 655
f 655 653 654
f 656 602 601
f 601 655 656
f 601 602 554
f 554 553 601
f 1572 1571 1573
f 1573 1574 1572
f 1572 1506 1505
f 1505 1571 1572
f 1506 1472 1471
f 1471 1505 1506
f 1472 1504 1503
f 1503 1471 1472
f 1503 1504 1570
f 1570 1569 1503
f 1569 1570 1568
f 1568 1567 1569
f 1567 1568 1622
f 1622 1621 1567
f 1621 1622 1664
f 1664 1663 1621
f 1663 1664 1666
f 1666 1665 1663
f 1665 1666 1744
f 1744 1743 1665
f 1743 1744 1786
f 1786 1785 1743
f 1786 1746 1745
f 1745 1785 1786
f 1746 1668 1667
f 1667 1745 1746
f 1668 1670 1669
f 1669 1667 1668
f 1669 1670 1624
f 1624 1623 1669
f 1573 1623 1624
f 1624 1574 1573
f 1663 1665 1705
f 1703 1617 1621
f 1527 1567 1621
f 1567 1527 1529
f 1503 1569 1529
f 1459 1471 1503
f 1621 1663 1703
f 1529 1569 1567
f 1745 1667 1707
f 1829 1785 1745
f 1829 1765 1743
f 1743 1765 1705
f 1503 1483 1459
f 1621 1617 1527
f 1745 1767 1829
f 1705 1665 1743
f 1573 1571 1531
f 1533 1625 1623
f 1709 1669 1623
f 1669 1709 1707
f 1705 1703 1663
f 1743 1785 1829
f 1623 1573 1533
f 1707 1667 1669
f 1707 1767 1745
f 1623 1625 1709
f 1459 1485 1505
f 1505 1485 1531
f 1531 1533 1573
f 1531 1571 1505
f 1505 1471 1459
f 1529 1483 1503
f 1506 1572 1532
f 1460 1472 1506
f 1460 1484 1504
f 1504 1484 1530
f 1670 1668 1708
f 1710 1626 1624
f 1534 1574 1624
f 1574 1534 1532
f 1568 1570 1530
f 1528 1618 1622
f 1704 1664 1622
f 1664 1704 1706
f 1506 1486 1460
f 1530 1570 1504
f 1624 1670 1710
f 1532 1572 1574
f 1744 1666 1706
f 1830 1786 1744
f 1622 1568 1528
f 1706 1666 1664
f 1504 1472 1460
f 1624 1626 1534
f 1830 1768 1746
f 1746 1768 1708
f 1744 1766 1830
f 1622 1618 1704
f 1708 1710 1670
f 1708 1668 1746
f 1530 1528 1568
f 1746 1786 1830
f 1532 1486 1506
f 1706 1766 1744
f 1766 1706 1705
f 1705 1765 1766
f 1706 1704 1703
f 1703 1705 1706
f 1704 1618 1617
f 1617 1703 1704
f 1459 1460 1486
f 1486 1485 1459
f 1485 1486 1532
f 1532 1531 1485
f 1532 1534 1533
f 1533 1531 1532
f 1533 1534 1626
f 1626 1625 1533
f 1830 1766 1765
f 1765 1829 1830
f 1625 1626 1710
f 1710 1709 1625
f 1709 1710 1708
f 1708 1707 1709
f 1707 1708 1768
f 1768 1767 1707
f 1767 1768 1830
f 1830 1829 1767
f 1483 1484 1460
f 1460 1459 1483
f 1530 1484 1483
f 1483 1529 1530
f 1528 1530 1529
f 1529 1527 1528
f 1618 1528 1527
f 1527 1617 1618
f 1563 1565 1566
f 1566 1564 1563
f 1564 1502 1501
f 1501 1563 1564
f 1502 1470 1469
f 1469 1501 1502
f 1470 1500 1499
f 1499 1469 1470
f 1499 1500 1562
f 1562 1561 1499
f 1561 1562 1560
f 1560 1559 1561
f 1559 1560 1614
f 1614 1613 1559
f 1613 1614 1656
f 1656 1655 1613
f 1655 1656 1658
f 1658 1657 1655
f 1657 1658 1740
f 1740 1739 1657
f 1739 1740 1784
f 1784 1783 1739
f 1784 1742 1741
f 1741 1783 1784
f 1742 1660 1659
f 1659 1741 1742
f 1660 1662 1661
f 1661 1659 1660
f 1661 1662 1616
f 1616 1615 1661
f 1565 1615 1616
f 1616 1566 1565
f 1695 1649 1613
f 1519 1559 1613
f 1613 1643 1605
f 1655 1657 1697
f 1613 1655 1695
f 1605 1599 1613
f 1559 1519 1521
f 1803 1783 1741
f 1801 1761 1739
f 1783 1815 1813
f 1499 1561 1521
f 1457 1469 1499
f 1649 1643 1613
f 1521 1561 1559
f 1741 1659 1699
f 1741 1763 1803
f 1813 1801 1783
f 1739 1761 1697
f 1565 1563 1523
f 1525 1619 1615
f 1701 1661 1615
f 1661 1701 1699
f 1499 1479 1457
f 1613 1599 1519
f 1803 1815 1783
f 1697 1657 1739
f 1615 1565 1525
f 1699 1659 1661
f 1457 1481 1501
f 1501 1481 1523
f 1697 1695 1655
f 1739 1783 1801
f 1615 1619 1701
f 1523 1563 1501
f 1699 1763 1741
f 1501 1469 1457
f 1523 1525 1565
f 1521 1479 1499
f 1520 1600 1614
f 1696 1656 1614
f 1614 1606 1644
f 1784 1802 1814
f 1802 1784 1740
f 1560 1562 1522
f 1614 1560 1520
f 1644 1650 1614
f 1656 1696 1698
f 1662 1660 1700
f 1702 1620 1616
f 1526 1566 1616
f 1566 1526 1524
f 1740 1658 1698
f 1740 1762 1802
f 1600 1606 1614
f 1698 1658 1656
f 1458 1470 1502
f 1458 1480 1500
f 1500 1480 1522
f 1616 1662 1702
f 1524 1564 1566
f 1804 1764 1742
f 1814 1816 1784
f 1614 1650 1696
f 1502 1482 1458
f 1522 1562 1500
f 1616 1620 1526
f 1784 1816 1804
f 1742 1764 1700
f 1522 1520 1560
f 1500 1470 1458
f 1700 1702 1662
f 1700 1660 1742
f 1502 1524 1482
f 1742 1784 1804
f 1524 1502 1564
f 1698 1762 1740
f 1701 1702 1700
f 1700 1699 1701
f 1699 1700 1764
f 1764 1763 1699
f 1763 1764 1804
f 1804 1803 1763
f 1802 1801 1813
f 1814 1813 1815
f 1816 1815 1803
f 1803 1804 1816
f 1815 1816 1814
f 1813 1814 1802
f 1802 1762 1761
f 1761 1801 1802
f 1697 1761 1762
f 1762 1698 1697
f 1698 1696 1695
f 1695 1697 1698
f 1695 1696 1650
f 1650 1649 1695
f 1649 1650 1644
f 1643 1644 1606
f 1605 1606 1600
f 1600 1599 1605
f 1606 1605 1643
f 1644 1643 1649
f 1520 1519 1599
f 1599 1600 1520
f 1521 1519 1520
f 1520 1522 1521
f 1522 1480 1479
f 1479 1521 1522
f 1479 1480 1458
f 1458 1457 1479
f 1619 1620 1702
f 1702 1701 1619
f 1457 1458 1482
f 1482 1481 1457
f 1481 1482 1524
f 1524 1523 1481
f 1524 1526 1525
f 1525 1523 1524
f 1525 1526 1620
f 1620 1619 1525
f 1400 1304 1303
f 1303 1399 1400
f 1402 1400 1399
f 1399 1401 1402
f 1402 1401 1443
f 1443 1444 1402
f 1467 1468 1444
f 1444 1443 1467
f 1445 1446 1468
f 1468 1467 1445
f 1403 1404 1446
f 1446 1445 1403
f 1405 1406 1404
f 1404 1403 1405
f 1406 1405 1325
f 1325 1326 1406
f 1269 1270 1278
f 1277 1278 1318
f 1317 1318 1326
f 1326 1325 1317
f 1318 1317 1277
f 1278 1277 1269
f 1221 1222 1270
f 1270 1269 1221
f 1220 1222 1221
f 1221 1219 1220
f 1161 1162 1220
f 1220 1219 1161
f 1115 1116 1162
f 1162 1161 1115
f 1159 1160 1116
f 1116 1115 1159
f 1218 1160 1159
f 1159 1217 1218
f 1216 1218 1217
f 1217 1215 1216
f 1304 1216 1215
f 1215 1303 1304
f 1359 1361 1401
f 1399 1303 1305
f 1215 1255 1305
f 1255 1215 1217
f 1179 1257 1217
f 1115 1141 1179
f 1305 1359 1399
f 1217 1257 1255
f 1425 1363 1403
f 1467 1455 1425
f 1467 1443 1423
f 1423 1443 1401
f 1221 1269 1307
f 1405 1365 1307
f 1307 1277 1317
f 1179 1159 1115
f 1305 1303 1215
f 1425 1445 1467
f 1401 1361 1423
f 1261 1259 1219
f 1307 1261 1221
f 1317 1325 1307
f 1365 1405 1403
f 1401 1399 1359
f 1423 1455 1467
f 1269 1277 1307
f 1403 1363 1365
f 1403 1445 1425
f 1307 1325 1405
f 1115 1161 1181
f 1181 1161 1219
f 1219 1221 1261
f 1219 1259 1181
f 1181 1141 1115
f 1217 1159 1179
f 1406 1326 1308
f 1222 1262 1308
f 1308 1318 1278
f 1182 1260 1220
f 1116 1142 1182
f 1116 1160 1180
f 1180 1160 1218
f 1366 1364 1404
f 1308 1366 1406
f 1278 1270 1308
f 1262 1222 1220
f 1256 1258 1218
f 1216 1304 1306
f 1400 1360 1306
f 1360 1400 1402
f 1182 1162 1116
f 1218 1258 1180
f 1326 1318 1308
f 1220 1260 1262
f 1424 1362 1402
f 1468 1456 1424
f 1306 1256 1216
f 1402 1362 1360
f 1180 1142 1116
f 1308 1270 1222
f 1468 1446 1426
f 1426 1446 1404
f 1424 1444 1468
f 1306 1304 1400
f 1404 1406 1366
f 1404 1364 1426
f 1218 1216 1256
f 1426 1456 1468
f 1220 1162 1182
f 1402 1444 1424
f 1426 1364 1363
f 1363 1425 1426
f 1456 1426 1425
f 1425 1455 1456
f 1423 1424 1456
f 1456 1455 1423
f 1361 1362 1424
f 1424 1423 1361
f 1359 1360 1362
f 1362 1361 1359
f 1305 1306 1360
f 1360 1359 1305
f 1255 1256 1306
f 1306 1305 1255
f 1257 1258 1256
f 1256 1255 1257
f 1179 1180 1258
f 1258 1257 1179
f 1142 1180 1179
f 1179 1141 1142
f 1182 1142 1141
f 1141 1181 1182
f 1260 1182 1181
f 1181 1259 1260
f 1261 1262 1260
f 1260 1259 1261
f 1261 1307 1308
f 1308 1262 1261
f 1365 1366 1308
f 1308 1307 1365
f 1364 1366 1365
f 1365 1363 1364
f 528 527 529
f 529 530 528
f 528 466 465
f 465 527 528
f 466 434 433
f 433 465 466
f 434 464 463
f 463 433 434
f 463 464 526
f 526 525 463
f 525 526 524
f 524 523 525
f 523 524 582
f 582 581 523
f 581 582 626
f 626 625 581
f 625 626 628
f 628 627 625
f 627 628 706
f 706 705 627
f 705 706 746
f 746 745 705
f 746 708 707
f 707 745 746
f 708 630 629
f 629 707 708
f 630 632 631
f 631 629 630
f 632 584 583
f 583 631 632
f 583 584 530
f 530 529 583
f 625 627 675
f 673 579 581
f 483 523 581
f 523 483 485
f 707 629 677
f 763 745 707
f 763 729 705
f 705 729 675
f 581 625 673
f 485 525 523
f 707 731 763
f 675 627 705
f 529 527 487
f 489 587 583
f 679 631 583
f 631 679 677
f 581 579 483
f 705 745 763
f 583 529 489
f 677 629 631
f 677 731 707
f 583 587 679
f 423 445 465
f 465 445 487
f 463 525 485
f 423 433 463
f 487 489 529
f 487 527 465
f 463 443 423
f 465 433 423
f 675 673 625
f 485 443 463
f 466 528 488
f 424 434 466
f 424 444 464
f 464 444 486
f 632 630 678
f 680 588 584
f 490 530 584
f 530 490 488
f 524 526 486
f 484 580 582
f 674 626 582
f 626 674 676
f 466 446 424
f 486 526 464
f 584 632 680
f 488 528 530
f 706 628 676
f 764 746 706
f 582 524 484
f 676 628 626
f 464 434 424
f 584 588 490
f 764 732 708
f 708 732 678
f 706 730 764
f 582 580 674
f 678 680 632
f 678 630 708
f 486 484 524
f 708 746 764
f 488 446 466
f 676 730 706
f 679 680 678
f 678 677 679
f 677 678 732
f 732 731 677
f 731 732 764
f 764 763 731
f 764 730 729
f 729 763 764
f 730 676 675
f 675 729 730
f 676 674 673
f 673 675 676
f 674 580 579
f 579 673 674
f 580 484 483
f 483 579 580
f 485 483 484
f 484 486 485
f 486 444 443
f 443 485 486
f 587 588 680
f 680 679 587
f 443 444 424
f 424 423 443
f 423 424 446
f 446 445 423
f 445 446 488
f 488 487 445
f 488 490 489
f 489 487 488
f 489 490 588
f 588 587 489
f 1252 1251 1253
f 1253 1254 1252
f 1252 1178 1177
f 1177 1251 1252
f 1178 1140 1139
f 1139 1177 1178
f 1140 1176 1175
f 1175 1139 1140
f 1175 1176 1250
f 1250 1249 1175
f 1249 1250 1248
f 1248 1247 1249
f 1247 1248 1300
f 1300 1299 1247
f 1299 1300 1352
f 1352 1351 1299
f 1351 1352 1354
f 1354 1353 1351
f 1353 1354 1420
f 1420 1419 1353
f 1419 1420 1454
f 1454 1453 1419
f 1454 1422 1421
f 1421 1453 1454
f 1422 1356 1355
f 1355 1421 1422
f 1356 1358 1357
f 1357 1355 1356
f 1358 1302 1301
f 1301 1357 1358
f 1254 1253 1301
f 1301 1302 1254
f 1351 1353 1393
f 1391 1297 1299
f 1207 1247 1299
f 1247 1207 1209
f 1253 1251 1211
f 1213 1303 1301
f 1397 1357 1301
f 1357 1397 1395
f 1175 1249 1209
f 1113 1139 1175
f 1299 1351 1391
f 1209 1249 1247
f 1465 1453 1421
f 1465 1439 1419
f 1419 1439 1393
f 1301 1253 1213
f 1395 1355 1357
f 1175 1155 1113
f 1299 1297 1207
f 1421 1441 1465
f 1393 1353 1419
f 1301 1303 1397
f 1113 1157 1177
f 1177 1157 1211
f 1393 1391 1351
f 1419 1453 1465
f 1211 1213 1253
f 1211 1251 1177
f 1421 1395 1441
f 1177 1139 1113
f 1395 1421 1355
f 1209 1155 1175
f 1248 1250 1210
f 1208 1298 1300
f 1392 1352 1300
f 1352 1392 1394
f 1358 1356 1396
f 1398 1304 1302
f 1214 1254 1302
f 1254 1214 1212
f 1420 1354 1394
f 1466 1454 1420
f 1300 1248 1208
f 1394 1354 1352
f 1114 1140 1178
f 1114 1156 1176
f 1176 1156 1210
f 1302 1358 1398
f 1212 1252 1254
f 1420 1440 1466
f 1300 1298 1392
f 1178 1158 1114
f 1210 1250 1176
f 1302 1304 1214
f 1466 1442 1422
f 1422 1442 1396
f 1210 1208 1248
f 1176 1140 1114
f 1396 1398 1358
f 1396 1356 1422
f 1178 1212 1158
f 1422 1454 1466
f 1212 1178 1252
f 1394 1440 1420
f 1397 1398 1396
f 1396 1395 1397
f 1395 1396 1442
f 1442 1441 1395
f 1441 1442 1466
f 1466 1465 1441
f 1466 1440 1439
f 1439 1465 1466
f 1440 1394 1393
f 1393 1439 1440
f 1394 1392 1391
f 1391 1393 1394
f 1392 1298 1297
f 1297 1391 1392
f 1298 1208 1207
f 1207 1297 1298
f 1208 1210 1209
f 1209 1207 1208
f 1210 1156 1155
f 1155 1209 1210
f 1155 1156 1114
f 1114 1113 1155
f 1303 1304 1398
f 1398 1397 1303
f 1113 1114 1158
f 1158 1157 1113
f 1157 1158 1212
f 1212 1211 1157
f 1212 1214 1213
f 1213 1211 1212
f 1213 1214 1304
f 1304 1303 1213
f 1418 1348 1347
f 1347 1417 1418
f 1452 1418 1417
f 1417 1451 1452
f 1415 1416 1452
f 1452 1451 1415
f 1345 1346 1416
f 1416 1415 1345
f 1343 1344 1346
f 1346 1345 1343
f 1293 1294 1344
f 1344 1343 1293
f 1239 1240 1294
f 1294 1293 1239
f 1241 1242 1240
f 1240 1239 1241
f 1171 1172 1242
f 1242 1241 1171
f 1138 1172 1171
f 1171 1137 1138
f 1174 1138 1137
f 1137 1173 1174
f 1244 1174 1173
f 1173 1243 1244
f 1244 1243 1245
f 1245 1246 1244
f 1245 1295 1296
f 1296 1246 1245
f 1349 1350 1296
f 1296 1295 1349
f 1348 1350 1349
f 1349 1347 1348
f 1417 1347 1387
f 1463 1451 1417
f 1463 1435 1415
f 1415 1435 1385
f 1293 1323 1315
f 1383 1323 1293
f 1199 1239 1293
f 1417 1437 1463
f 1385 1345 1415
f 1205 1297 1295
f 1389 1349 1295
f 1349 1389 1387
f 1131 1153 1173
f 1137 1121 1123
f 1129 1137 1171
f 1293 1343 1383
f 1293 1275 1267
f 1239 1199 1201
f 1415 1451 1463
f 1295 1245 1205
f 1387 1347 1349
f 1123 1131 1137
f 1173 1153 1203
f 1171 1241 1201
f 1171 1151 1129
f 1315 1275 1293
f 1201 1241 1239
f 1387 1437 1417
f 1295 1297 1389
f 1203 1243 1173
f 1129 1121 1137
f 1293 1267 1199
f 1245 1203 1205
f 1173 1137 1131
f 1343 1385 1383
f 1203 1245 1243
f 1385 1343 1345
f 1201 1151 1171
f 1294 1268 1276
f 1200 1268 1294
f 1384 1344 1294
f 1240 1242 1202
f 1294 1240 1200
f 1294 1316 1324
f 1344 1384 1386
f 1138 1132 1124
f 1132 1138 1174
f 1130 1152 1172
f 1416 1346 1386
f 1464 1452 1416
f 1276 1316 1294
f 1386 1346 1344
f 1174 1154 1132
f 1138 1122 1130
f 1172 1152 1202
f 1350 1348 1388
f 1390 1298 1296
f 1206 1246 1296
f 1246 1206 1204
f 1416 1436 1464
f 1294 1324 1384
f 1124 1122 1138
f 1202 1242 1172
f 1296 1350 1390
f 1204 1244 1246
f 1202 1200 1240
f 1172 1138 1130
f 1296 1298 1206
f 1174 1204 1154
f 1388 1390 1350
f 1464 1438 1418
f 1418 1438 1388
f 1204 1174 1244
f 1388 1348 1418
f 1418 1452 1464
f 1386 1436 1416
f 1204 1206 1205
f 1205 1203 1204
f 1153 1154 1204
f 1204 1203 1153
f 1153 1131 1132
f 1132 1154 1153
f 1129 1130 1122
f 1121 1122 1124
f 1123 1124 1132
f 1132 1131 1123
f 1124 1123 1121
f 1122 1121 1129
f 1151 1152 1130
f 1130 1129 1151
f 1202 1152 1151
f 1151 1201 1202
f 1200 1202 1201
f 1201 1199 1200
f 1200 1199 1267
f 1267 1268 1200
f 1323 1324 1316
f 1315 1316 1276
f 1275 1276 1268
f 1268 1267 1275
f 1276 1275 1315
f 1316 1315 1323
f 1323 1383 1384
f 1384 1324 1323
f 1386 1384 1383
f 1383 1385 1386
f 1386 1385 1435
f 1435 1436 1386
f 1205 1206 1298
f 1298 1297 1205
f 1463 1464 1436
f 1436 1435 1463
f 1297 1298 1390
f 1390 1389 1297
f 1388 1387 1389
f 1389 1390 1388
f 1387 1388 1438
f 1438 1437 1387
f 1437 1438 1464
f 1464 1463 1437
f 890 889 891
f 891 892 890
f 890 820 819
f 819 889 890
f 820 782 781
f 781 819 820
f 782 818 817
f 817 781 782
f 817 818 888
f 888 887 817
f 887 888 886
f 886 885 887
f 885 886 936
f 936 935 885
f 935 936 982
f 982 981 935
f 981 982 984
f 984 983 981
f 983 984 1054
f 1054 1053 983
f 1053 1054 1090
f 1090 1089 1053
f 1090 1056 1055
f 1055 1089 1090
f 1056 986 985
f 985 1055 1056
f 986 988 987
f 987 985 986
f 988 938 937
f 937 987 988
f 892 891 937
f 937 938 892
f 1021 961 935
f 837 885 935
f 935 955 917
f 981 983 1023
f 935 981 1021
f 917 911 935
f 885 837 839
f 1101 1089 1055
f 1099 1073 1053
f 1089 1109 1107
f 891 889 841
f 843 939 937
f 1027 987 937
f 987 1027 1025
f 817 887 839
f 765 781 817
f 961 955 935
f 839 887 885
f 1055 1075 1101
f 1107 1099 1089
f 1053 1073 1023
f 937 891 843
f 1025 985 987
f 817 793 765
f 935 911 837
f 1101 1109 1089
f 1023 983 1053
f 937 939 1027
f 765 795 819
f 819 795 841
f 1023 1021 981
f 1053 1089 1099
f 841 843 891
f 841 889 819
f 1055 1025 1075
f 819 781 765
f 1025 1055 985
f 839 793 817
f 936 912 918
f 838 912 936
f 1022 982 936
f 1090 1100 1108
f 1100 1090 1054
f 886 888 840
f 936 886 838
f 936 956 962
f 982 1022 1024
f 1054 984 1024
f 1054 1074 1100
f 918 956 936
f 1024 984 982
f 820 890 842
f 766 782 820
f 766 794 818
f 818 794 840
f 988 986 1026
f 1028 940 938
f 844 892 938
f 892 844 842
f 1102 1076 1056
f 1108 1110 1090
f 936 962 1022
f 820 796 766
f 840 888 818
f 938 988 1028
f 842 890 892
f 1090 1110 1102
f 1056 1076 1026
f 840 838 886
f 818 782 766
f 938 940 844
f 1026 986 1056
f 842 796 820
f 1056 1090 1102
f 1026 1028 988
f 1024 1074 1054
f 1027 1028 1026
f 1026 1025 1027
f 1025 1026 1076
f 1076 1075 1025
f 1075 1076 1102
f 1102 1101 1075
f 1100 1099 1107
f 1108 1107 1109
f 1110 1109 1101
f 1101 1102 1110
f 1109 1110 1108
f 1107 1108 1100
f 1074 1073 1099
f 1099 1100 1074
f 1023 1073 1074
f 1074 1024 1023
f 1024 1022 1021
f 1021 1023 1024
f 961 1021 1022
f 1022 962 961
f 961 962 956
f 955 956 918
f 917 918 912
f 912 911 917
f 918 917 955
f 956 955 961
f 838 837 911
f 911 912 838
f 838 840 839
f 839 837 838
f 840 794 793
f 793 839 840
f 939 940 1028
f 1028 1027 939
f 793 794 766
f 766 765 793
f 765 766 796
f 796 795 765
f 795 796 842
f 842 841 795
f 842 844 843
f 843 841 842
f 843 844 940
f 940 939 843
f 1597 1598 1596
f 1596 1595 1597
f 1596 1518 1517
f 1517 1595 1596
f 1518 1478 1477
f 1477 1517 1518
f 1478 1516 1515
f 1515 1477 1478
f 1515 1516 1594
f 1594 1593 1515
f 1593 1594 1592
f 1592 1591 1593
f 1591 1592 1638
f 1638 1637 1591
f 1637 1638 1688
f 1688 1687 1637
f 1687 1688 1690
f 1690 1689 1687
f 1689 1690 1756
f 1756 1755 1689
f 1755 1756 1792
f 1792 1791 1755
f 1792 1758 1757
f 1757 1791 1792
f 1758 1692 1691
f 1691 1757 1758
f 1692 1694 1693
f 1693 1691 1692
f 1693 1694 1640
f 1640 1639 1693
f 1597 1639 1640
f 1640 1598 1597
f 1727 1653 1637
f 1551 1591 1637
f 1637 1647 1609
f 1687 1689 1729
f 1637 1687 1727
f 1609 1603 1637
f 1591 1551 1553
f 1791 1811 1823
f 1811 1791 1757
f 1809 1777 1755
f 1515 1593 1553
f 1467 1477 1515
f 1653 1647 1637
f 1553 1593 1591
f 1757 1691 1731
f 1757 1779 1811
f 1791 1821 1809
f 1755 1777 1729
f 1597 1595 1555
f 1557 1641 1639
f 1733 1693 1639
f 1693 1733 1731
f 1515 1495 1467
f 1637 1603 1551
f 1823 1821 1791
f 1729 1689 1755
f 1639 1597 1557
f 1731 1691 1693
f 1467 1497 1517
f 1517 1497 1555
f 1729 1727 1687
f 1755 1791 1809
f 1639 1641 1733
f 1555 1595 1517
f 1731 1779 1757
f 1517 1477 1467
f 1555 1557 1597
f 1553 1495 1515
f 1552 1604 1638
f 1728 1688 1638
f 1638 1610 1648
f 1792 1810 1822
f 1810 1792 1756
f 1592 1594 1554
f 1638 1592 1552
f 1648 1654 1638
f 1688 1728 1730
f 1694 1692 1732
f 1734 1642 1640
f 1558 1598 1640
f 1598 1558 1556
f 1756 1690 1730
f 1756 1778 1810
f 1604 1610 1638
f 1730 1690 1688
f 1468 1478 1518
f 1468 1496 1516
f 1516 1496 1554
f 1640 1694 1734
f 1556 1596 1598
f 1812 1780 1758
f 1822 1824 1792
f 1638 1654 1728
f 1518 1498 1468
f 1554 1594 1516
f 1640 1642 1558
f 1792 1824 1812
f 1758 1780 1732
f 1554 1552 1592
f 1516 1478 1468
f 1732 1734 1694
f 1732 1692 1758
f 1518 1556 1498
f 1758 1792 1812
f 1556 1518 1596
f 1730 1778 1756
f 1733 1734 1732
f 1732 1731 1733
f 1731 1732 1780
f 1780 1779 1731
f 1811 1779 1780
f 1780 1812 1811
f 1810 1809 1821
f 1822 1821 1823
f 1824 1823 1811
f 1811 1812 1824
f 1823 1824 1822
f 1821 1822 1810
f 1778 1777 1809
f 1809 1810 1778
f 1778 1730 1729
f 1729 1777 1778
f 1730 1728 1727
f 1727 1729 1730
f 1728 1654 1653
f 1653 1727 1728
f 1653 1654 1648
f 1647 1648 1610
f 1609 1610 1604
f 1604 1603 1609
f 1610 1609 1647
f 1648 1647 1653
f 1552 1551 1603
f 1603 1604 1552
f 1552 1554 1553
f 1553 1551 1552
f 1554 1496 1495
f 1495 1553 1554
f 1495 1496 1468
f 1468 1467 1495
f 1641 1642 1734
f 1734 1733 1641
f 1557 1558 1642
f 1642 1641 1557
f 1556 1558 1557
f 1557 1555 1556
f 1497 1498 1556
f 1556 1555 1497
f 1467 1468 1498
f 1498 1497 1467
f 854 856 855
f 855 853 854
f 856 802 801
f 801 855 856
f 801 802 770
f 770 769 801
f 769 770 804
f 804 803 769
f 803 804 858
f 858 857 803
f 858 860 859
f 859 857 858
f 859 860 914
f 914 913 859
f 913 914 920
f 919 920 958
f 957 958 964
f 964 963 957
f 958 957 919
f 920 919 913
f 1044 1043 963
f 963 964 1044
f 1043 1044 1042
f 1042 1041 1043
f 1041 1042 1084
f 1084 1083 1041
f 946 854 853
f 853 945 946
f 1083 1084 1116
f 1116 1115 1083
f 1038 946 945
f 945 1037 1038
f 1040 1038 1037
f 1037 1039 1040
f 1039 1081 1082
f 1082 1040 1039
f 1116 1082 1081
f 1081 1115 1116
f 902 904 856
f 854 946 948
f 1038 998 948
f 998 1038 1040
f 1062 1000 1040
f 1116 1094 1062
f 948 902 854
f 1040 1000 998
f 828 906 858
f 770 788 828
f 770 802 826
f 826 802 856
f 1044 964 950
f 860 908 950
f 950 958 920
f 1062 1082 1116
f 948 946 1038
f 828 804 770
f 856 904 826
f 1004 1002 1042
f 950 1004 1044
f 920 914 950
f 908 860 858
f 856 854 902
f 826 788 770
f 964 958 950
f 858 906 908
f 858 804 828
f 950 914 860
f 1116 1084 1064
f 1064 1084 1042
f 1042 1044 1004
f 1042 1002 1064
f 1064 1094 1116
f 1040 1082 1062
f 859 913 949
f 1043 1003 949
f 949 919 957
f 1063 1001 1041
f 1115 1093 1063
f 1115 1081 1061
f 1061 1081 1039
f 907 905 857
f 949 907 859
f 957 963 949
f 1003 1043 1041
f 997 999 1039
f 1037 945 947
f 853 901 947
f 901 853 855
f 1063 1083 1115
f 1039 999 1061
f 913 919 949
f 1041 1001 1003
f 825 903 855
f 769 787 825
f 947 997 1037
f 855 903 901
f 1061 1093 1115
f 949 963 1043
f 769 803 827
f 827 803 857
f 825 801 769
f 947 945 853
f 857 859 907
f 857 905 827
f 1039 1037 997
f 827 787 769
f 1041 1083 1063
f 855 801 825
f 906 905 907
f 907 908 906
f 906 828 827
f 827 905 906
f 828 788 787
f 787 827 828
f 788 826 825
f 825 787 788
f 825 826 904
f 904 903 825
f 903 904 902
f 902 901 903
f 901 902 948
f 948 947 901
f 947 948 998
f 998 997 947
f 997 998 1000
f 1000 999 997
f 999 1000 1062
f 1062 1061 999
f 1061 1062 1094
f 1094 1093 1061
f 1094 1064 1063
f 1063 1093 1094
f 1064 1002 1001
f 1001 1063 1064
f 1002 1004 1003
f 1003 1001 1002
f 1004 950 949
f 949 1003 1004
f 949 950 908
f 908 907 949
f 1465 1466 1494
f 1494 1493 1465
f 1493 1494 1548
f 1548 1547 1493
f 1548 1550 1549
f 1549 1547 1548
f 1550 1602 1601
f 1601 1549 1550
f 1601 1602 1608
f 1607 1608 1646
f 1645 1646 1652
f 1652 1651 1645
f 1646 1645 1607
f 1608 1607 1601
f 1726 1725 1651
f 1651 1652 1726
f 1725 1726 1724
f 1724 1723 1725
f 1723 1724 1776
f 1776 1775 1723
f 1807 1775 1776
f 1776 1808 1807
f 1806 1805 1817
f 1818 1817 1819
f 1820 1819 1807
f 1807 1808 1820
f 1819 1820 1818
f 1817 1818 1806
f 1774 1773 1805
f 1805 1806 1774
f 1774 1722 1721
f 1721 1773 1774
f 1722 1720 1719
f 1719 1721 1722
f 1720 1632 1631
f 1631 1719 1720
f 1491 1492 1466
f 1466 1465 1491
f 1546 1492 1491
f 1491 1545 1546
f 1544 1546 1545
f 1545 1543 1544
f 1632 1544 1543
f 1543 1631 1632
f 1514 1588 1548
f 1466 1476 1514
f 1466 1492 1512
f 1512 1492 1546
f 1636 1652 1646
f 1726 1652 1636
f 1550 1590 1636
f 1514 1494 1466
f 1546 1586 1512
f 1686 1684 1724
f 1636 1686 1726
f 1636 1608 1602
f 1590 1550 1548
f 1790 1806 1818
f 1806 1790 1752
f 1544 1632 1634
f 1720 1680 1634
f 1680 1720 1722
f 1512 1476 1466
f 1646 1608 1636
f 1548 1588 1590
f 1808 1776 1754
f 1752 1682 1722
f 1752 1774 1806
f 1634 1584 1544
f 1722 1682 1680
f 1548 1494 1514
f 1636 1602 1550
f 1790 1820 1808
f 1754 1776 1724
f 1818 1820 1790
f 1634 1632 1720
f 1724 1726 1686
f 1724 1684 1754
f 1584 1546 1544
f 1754 1790 1808
f 1546 1584 1586
f 1722 1774 1752
f 1679 1681 1721
f 1719 1631 1633
f 1543 1583 1633
f 1583 1543 1545
f 1789 1807 1819
f 1807 1789 1753
f 1805 1773 1751
f 1549 1601 1635
f 1725 1685 1635
f 1635 1607 1645
f 1511 1585 1545
f 1465 1475 1511
f 1633 1679 1719
f 1545 1585 1583
f 1753 1775 1807
f 1789 1817 1805
f 1751 1773 1721
f 1635 1589 1549
f 1645 1651 1635
f 1685 1725 1723
f 1511 1491 1465
f 1633 1631 1543
f 1819 1817 1789
f 1721 1681 1751
f 1601 1607 1635
f 1723 1683 1685
f 1721 1719 1679
f 1751 1789 1805
f 1635 1651 1725
f 1465 1493 1513
f 1513 1493 1547
f 1753 1723 1775
f 1589 1547 1549
f 1547 1587 1513
f 1723 1753 1683
f 1513 1475 1465
f 1547 1589 1587
f 1545 1491 1511
f 1588 1587 1589
f 1589 1590 1588
f 1588 1514 1513
f 1513 1587 1588
f 1514 1476 1475
f 1475 1513 1514
f 1476 1512 1511
f 1511 1475 1476
f 1511 1512 1586
f 1586 1585 1511
f 1585 1586 1584
f 1584 1583 1585
f 1583 1584 1634
f 1634 1633 1583
f 1633 1634 1680
f 1680 1679 1633
f 1679 1680 1682
f 1682 1681 1679
f 1681 1682 1752
f 1752 1751 1681
f 1751 1752 1790
f 1790 1789 1751
f 1790 1754 1753
f 1753 1789 1790
f 1754 1684 1683
f 1683 1753 1754
f 1684 1686 1685
f 1685 1683 1684
f 1686 1636 1635
f 1635 1685 1686
f 1635 1636 1590
f 1590 1589 1635
f 1750 1676 1675
f 1675 1749 1750
f 1788 1750 1749
f 1749 1787 1788
f 1747 1748 1788
f 1788 1787 1747
f 1673 1674 1748
f 1748 1747 1673
f 1671 1672 1674
f 1674 1673 1671
f 1627 1628 1672
f 1672 1671 1627
f 1575 1576 1628
f 1628 1627 1575
f 1577 1578 1576
f 1576 1575 1577
f 1507 1508 1578
f 1578 1577 1507
f 1474 1508 1507
f 1507 1473 1474
f 1510 1474 1473
f 1473 1509 1510
f 1580 1510 1509
f 1509 1579 1580
f 1580 1579 1581
f 1581 1582 1580
f 1581 1629 1630
f 1630 1582 1581
f 1677 1678 1630
f 1630 1629 1677
f 1676 1678 1677
f 1677 1675 1676
f 1671 1673 1713
f 1711 1625 1627
f 1535 1575 1627
f 1575 1535 1537
f 1507 1577 1537
f 1463 1473 1507
f 1627 1671 1711
f 1537 1577 1575
f 1749 1675 1715
f 1831 1787 1749
f 1831 1769 1747
f 1747 1769 1713
f 1581 1579 1539
f 1541 1631 1629
f 1717 1677 1629
f 1677 1717 1715
f 1507 1487 1463
f 1627 1625 1535
f 1749 1771 1831
f 1713 1673 1747
f 1629 1581 1541
f 1715 1675 1677
f 1463 1489 1509
f 1509 1489 1539
f 1713 1711 1671
f 1747 1787 1831
f 1629 1631 1717
f 1539 1579 1509
f 1715 1771 1749
f 1509 1473 1463
f 1539 1541 1581
f 1537 1487 1507
f 1576 1578 1538
f 1536 1626 1628
f 1712 1672 1628
f 1672 1712 1714
f 1678 1676 1716
f 1718 1632 1630
f 1542 1582 1630
f 1582 1542 1540
f 1748 1674 1714
f 1832 1788 1748
f 1628 1576 1536
f 1714 1674 1672
f 1464 1474 1510
f 1464 1488 1508
f 1508 1488 1538
f 1630 1678 1718
f 1540 1580 1582
f 1748 1770 1832
f 1628 1626 1712
f 1510 1490 1464
f 1538 1578 1508
f 1630 1632 1542
f 1832 1772 1750
f 1750 1772 1716
f 1538 1536 1576
f 1508 1474 1464
f 1716 1718 1678
f 1716 1676 1750
f 1510 1540 1490
f 1750 1788 1832
f 1540 1510 1580
f 1714 1770 1748
f 1538 1488 1487
f 1487 1537 1538
f 1536 1538 1537
f 1537 1535 1536
f 1626 1536 1535
f 1535 1625 1626
f 1712 1626 1625
f 1625 1711 1712
f 1714 1712 1711
f 1711 1713 1714
f 1770 1714 1713
f 1713 1769 1770
f 1832 1770 1769
f 1769 1831 1832
f 1771 1772 1832
f 1832 1831 1771
f 1715 1716 1772
f 1772 1771 1715
f 1717 1718 1716
f 1716 1715 1717
f 1631 1632 1718
f 1718 1717 1631
f 1487 1488 1464
f 1464 1463 1487
f 1463 1464 1490
f 1490 1489 1463
f 1540 1539 1489
f 1489 1490 1540
f 1540 1542 1541
f 1541 1539 1540
f 1541 1542 1632
f 1632 1631 1541
f 791 792 834
f 834 833 791
f 834 836 835
f 835 833 834
f 835 836 930
f 930 929 835
f 929 930 1012
f 1012 1011 929
f 1011 1012 1010
f 1010 1009 1011
f 1009 1010 1068
f 1068 1067 1009
f 1067 1068 1098
f 1098 1097 1067
f 1096 1095 1103
f 1104 1103 1105
f 1106 1105 1097
f 1097 1098 1106
f 1105 1106 1104
f 1103 1104 1096
f 1065 1095 1096
f 1096 1066 1065
f 1066 1008 1007
f 1007 1065 1066
f 1008 1006 1005
f 1005 1007 1008
f 1006 922 921
f 921 1005 1006
f 763 764 792
f 792 791 763
f 789 790 764
f 764 763 789
f 832 790 789
f 789 831 832
f 831 829 830
f 830 832 831
f 922 830 829
f 829 921 922
f 870 872 832
f 830 922 924
f 1006 966 924
f 966 1006 1008
f 812 874 834
f 764 780 812
f 764 790 810
f 810 790 832
f 924 870 830
f 1008 968 966
f 812 792 764
f 832 872 810
f 972 970 1010
f 1012 930 926
f 836 876 926
f 876 836 834
f 924 922 1006
f 810 780 764
f 926 972 1012
f 834 874 876
f 1098 1068 1048
f 1086 1096 1104
f 1096 1086 1046
f 834 792 812
f 926 930 836
f 1086 1106 1098
f 1048 1068 1010
f 1046 968 1008
f 1046 1066 1096
f 1010 1012 972
f 1010 970 1048
f 1104 1106 1086
f 1048 1086 1098
f 832 830 870
f 1008 1066 1046
f 1097 1085 1047
f 1095 1065 1045
f 1085 1105 1103
f 965 967 1007
f 1005 921 923
f 829 869 923
f 869 829 831
f 1047 1067 1097
f 1103 1095 1085
f 1045 1065 1007
f 835 929 925
f 1011 971 925
f 971 1011 1009
f 923 965 1005
f 831 871 869
f 1097 1105 1085
f 1007 967 1045
f 925 875 835
f 1009 969 971
f 923 921 829
f 1045 1085 1095
f 925 929 1011
f 763 791 811
f 811 791 833
f 1047 1009 1067
f 875 833 835
f 833 873 811
f 809 871 831
f 763 779 809
f 1009 1047 969
f 811 779 763
f 809 789 763
f 833 875 873
f 1007 1005 965
f 831 789 809
f 874 873 875
f 875 876 874
f 874 812 811
f 811 873 874
f 812 780 779
f 779 811 812
f 780 810 809
f 809 779 780
f 809 810 872
f 872 871 809
f 871 872 870
f 870 869 871
f 869 870 924
f 924 923 869
f 923 924 966
f 966 965 923
f 965 966 968
f 968 967 965
f 967 968 1046
f 1046 1045 967
f 1045 1046 1086
f 1086 1085 1045
f 1086 1048 1047
f 1047 1085 1086
f 1048 970 969
f 969 1047 1048
f 970 972 971
f 971 969 970
f 972 926 925
f 925 971 972
f 876 875 925
f 925 926 876
f 425 426 450
f 450 449 425
f 449 450 496
f 496 495 449
f 496 498 497
f 497 495 496
f 498 564 563
f 563 497 498
f 563 564 572
f 571 572 610
f 609 610 618
f 618 617 609
f 610 609 571
f 572 571 563
f 671 617 618
f 618 672 671
f 671 672 670
f 670 669 671
f 669 670 728
f 728 727 669
f 727 728 758
f 758 757 727
f 756 755 759
f 760 759 761
f 762 761 757
f 757 758 762
f 761 762 760
f 759 760 756
f 755 756 726
f 726 725 755
f 668 667 725
f 725 726 668
f 668 666 665
f 665 667 668
f 666 586 585
f 585 665 666
f 447 448 426
f 426 425 447
f 494 448 447
f 447 493 494
f 492 494 493
f 493 491 492
f 586 492 491
f 491 585 586
f 633 635 667
f 665 585 589
f 491 531 589
f 531 491 493
f 747 757 761
f 757 747 711
f 755 725 709
f 467 533 493
f 425 435 467
f 589 633 665
f 493 533 531
f 711 637 669
f 711 727 757
f 747 759 755
f 709 725 667
f 591 563 571
f 497 563 591
f 671 639 591
f 467 447 425
f 589 585 491
f 761 759 747
f 667 635 709
f 537 535 495
f 591 537 497
f 591 609 617
f 639 671 669
f 667 665 633
f 709 747 755
f 571 609 591
f 669 637 639
f 669 727 711
f 591 617 671
f 425 449 469
f 469 449 495
f 495 497 537
f 495 535 469
f 469 435 425
f 493 447 467
f 672 618 592
f 498 538 592
f 592 610 572
f 470 536 496
f 426 436 470
f 426 448 468
f 468 448 494
f 592 640 672
f 572 564 592
f 538 498 496
f 758 728 712
f 748 760 762
f 756 748 710
f 532 534 494
f 492 586 590
f 666 634 590
f 634 666 668
f 470 450 426
f 494 534 468
f 618 610 592
f 496 536 538
f 762 758 748
f 712 728 670
f 710 636 668
f 710 726 756
f 590 532 492
f 668 636 634
f 468 436 426
f 592 564 498
f 670 638 712
f 756 760 748
f 590 586 666
f 640 670 672
f 712 748 758
f 494 492 532
f 670 640 638
f 496 450 470
f 668 726 710
f 536 535 537
f 537 538 536
f 536 470 469
f 469 535 536
f 470 436 435
f 435 469 470
f 436 468 467
f 467 435 436
f 467 468 534
f 534 533 467
f 533 534 532
f 532 531 533
f 531 532 590
f 590 589 531
f 589 590 634
f 634 633 589
f 633 634 636
f 636 635 633
f 635 636 710
f 710 709 635
f 709 710 748
f 748 747 709
f 748 712 711
f 711 747 748
f 712 638 637
f 637 711 712
f 638 640 639
f 639 637 638
f 640 592 591
f 591 639 640
f 591 592 538
f 538 537 591
# 1862 vertices
# 0 texture params
# 0 normals
# 3820 facets

# 1 groups
