# WaveFront *.obj file (generated by Autodesk ATF)

mtllib mandala4.mtl

g Corps1

v -43.755299 -0.000000 -0.100000
v -43.266589 -6.521389 -0.100000
v -41.811374 -12.897101 -0.100000
v -39.422163 -18.984713 -0.100000
v -36.152325 -24.648238 -0.100000
v -32.074904 -29.761162 -0.100000
v -27.280983 -34.209271 -0.100000
v -21.877650 -37.893201 -0.100000
v -15.985606 -40.730660 -0.100000
v -9.736470 -42.658263 -0.100000
v -3.269838 -43.632951 -0.100000
v 3.269838 -43.632951 -0.100000
v 9.736470 -42.658263 -0.100000
v 15.985606 -40.730660 -0.100000
v 21.877650 -37.893201 -0.100000
v 27.280983 -34.209271 -0.100000
v 32.074904 -29.761162 -0.100000
v 36.152325 -24.648238 -0.100000
v 39.422163 -18.984713 -0.100000
v 41.811374 -12.897101 -0.100000
v 43.266589 -6.521389 -0.100000
v 43.755299 0.000000 -0.100000
v 43.266589 6.521389 -0.100000
v 41.811374 12.897101 -0.100000
v 39.422163 18.984713 -0.100000
v 36.152325 24.648238 -0.100000
v 32.074904 29.761162 -0.100000
v 27.280983 34.209271 -0.100000
v 21.877650 37.893201 -0.100000
v 15.985606 40.730660 -0.100000
v 9.736470 42.658263 -0.100000
v 3.269838 43.632951 -0.100000
v -3.269838 43.632951 -0.100000
v -9.736470 42.658263 -0.100000
v -15.985606 40.730660 -0.100000
v -21.877650 37.893201 -0.100000
v -27.280983 34.209271 -0.100000
v -32.074904 29.761162 -0.100000
v -36.152325 24.648238 -0.100000
v -39.422163 18.984713 -0.100000
v -41.811374 12.897101 -0.100000
v -43.266589 6.521389 -0.100000
v -43.755299 -0.000000 0.000000
v -43.266589 6.521389 0.000000
v -41.811374 12.897101 0.000000
v -39.422163 18.984713 0.000000
v -36.152325 24.648238 0.000000
v -32.074904 29.761162 0.000000
v -27.280983 34.209271 0.000000
v -21.877650 37.893201 0.000000
v -15.985606 40.730660 0.000000
v -9.736470 42.658263 0.000000
v -3.269838 43.632951 0.000000
v 3.269838 43.632951 0.000000
v 9.736470 42.658263 0.000000
v 15.985606 40.730660 0.000000
v 21.877650 37.893201 0.000000
v 27.280983 34.209271 0.000000
v 32.074904 29.761162 0.000000
v 36.152325 24.648238 0.000000
v 39.422163 18.984713 0.000000
v 41.811374 12.897101 0.000000
v 43.266589 6.521389 0.000000
v 43.755299 0.000000 0.000000
v 43.266589 -6.521389 0.000000
v 41.811374 -12.897101 0.000000
v 39.422163 -18.984713 0.000000
v 36.152325 -24.648238 0.000000
v 32.074904 -29.761162 0.000000
v 27.280983 -34.209271 0.000000
v 21.877650 -37.893201 0.000000
v 15.985606 -40.730660 0.000000
v 9.736470 -42.658263 0.000000
v 3.269838 -43.632951 0.000000
v -3.269838 -43.632951 0.000000
v -9.736470 -42.658263 0.000000
v -15.985606 -40.730660 0.000000
v -21.877650 -37.893201 0.000000
v -27.280983 -34.209271 0.000000
v -32.074904 -29.761162 0.000000
v -36.152325 -24.648238 0.000000
v -39.422163 -18.984713 0.000000
v -41.811374 -12.897101 0.000000
v -43.266589 -6.521389 0.000000
v 32.816475 -0.000000 0.000000
v 21.877650 -0.000000 0.000000
v 10.938825 -0.000000 0.000000
v 0.000000 -0.000000 0.000000
v -10.938825 -0.000000 0.000000
v -21.877650 -0.000000 0.000000
v -32.816475 -0.000000 0.000000
v -32.816475 -10.908238 0.000000
v -21.877650 -10.908238 0.000000
v -10.938825 -10.908238 0.000000
v 0.000000 -10.908238 0.000000
v 10.938825 -10.908238 0.000000
v 21.877650 -10.908238 0.000000
v 32.816475 -10.908238 0.000000
v -32.816475 -21.816475 0.000000
v -21.877650 -21.816475 0.000000
v -10.938825 -21.816475 0.000000
v 0.000000 -21.816475 0.000000
v 10.938825 -21.816475 0.000000
v 21.877650 -21.816475 0.000000
v 32.816475 -21.816475 0.000000
v -21.877650 -32.724713 0.000000
v -10.938825 -32.724713 0.000000
v 0.000000 -32.724713 0.000000
v 10.938825 -32.724713 0.000000
v 21.877650 -32.724713 0.000000
v 32.816475 10.908238 0.000000
v 21.877650 10.908238 0.000000
v 10.938825 10.908238 0.000000
v 0.000000 10.908238 0.000000
v -10.938825 10.908238 0.000000
v -21.877650 10.908238 0.000000
v -32.816475 10.908238 0.000000
v 32.816475 21.816475 0.000000
v 21.877650 21.816475 0.000000
v 10.938825 21.816475 0.000000
v 0.000000 21.816475 0.000000
v -10.938825 21.816475 0.000000
v -21.877650 21.816475 0.000000
v -32.816475 21.816475 0.000000
v 21.877650 32.724713 0.000000
v 10.938825 32.724713 0.000000
v 0.000000 32.724713 0.000000
v -10.938825 32.724713 0.000000
v -21.877650 32.724713 0.000000
v 32.816475 -0.000000 -0.100000
v 21.877650 -0.000000 -0.100000
v 10.938825 -0.000000 -0.100000
v 0.000000 -0.000000 -0.100000
v -10.938825 -0.000000 -0.100000
v -21.877650 -0.000000 -0.100000
v -32.816475 -0.000000 -0.100000
v -32.816475 10.908238 -0.100000
v -21.877650 10.908238 -0.100000
v -10.938825 10.908238 -0.100000
v 0.000000 10.908238 -0.100000
v 10.938825 10.908238 -0.100000
v 21.877650 10.908238 -0.100000
v 32.816475 10.908238 -0.100000
v -32.816475 21.816475 -0.100000
v -21.877650 21.816475 -0.100000
v -10.938825 21.816475 -0.100000
v 0.000000 21.816475 -0.100000
v 10.938825 21.816475 -0.100000
v 21.877650 21.816475 -0.100000
v 32.816475 21.816475 -0.100000
v -21.877650 32.724713 -0.100000
v -10.938825 32.724713 -0.100000
v 0.000000 32.724713 -0.100000
v 10.938825 32.724713 -0.100000
v 21.877650 32.724713 -0.100000
v 32.816475 -10.908238 -0.100000
v 21.877650 -10.908238 -0.100000
v 10.938825 -10.908238 -0.100000
v 0.000000 -10.908238 -0.100000
v -10.938825 -10.908238 -0.100000
v -21.877650 -10.908238 -0.100000
v -32.816475 -10.908238 -0.100000
v 32.816475 -21.816475 -0.100000
v 21.877650 -21.816475 -0.100000
v 10.938825 -21.816475 -0.100000
v 0.000000 -21.816475 -0.100000
v -10.938825 -21.816475 -0.100000
v -21.877650 -21.816475 -0.100000
v -32.816475 -21.816475 -0.100000
v 21.877650 -32.724713 -0.100000
v 10.938825 -32.724713 -0.100000
v 0.000000 -32.724713 -0.100000
v -10.938825 -32.724713 -0.100000
v -21.877650 -32.724713 -0.100000
vt -0.100000 130.915549 0.000000
vt 0.000000 137.461327 0.000000
vt -0.100000 137.461327 0.000000
vt -0.100000 -137.461327 0.000000
vt 0.000000 -137.461327 0.000000
vt -0.000000 -130.915549 0.000000
vt -0.100000 -130.915549 0.000000
vt -0.000000 -124.369772 0.000000
vt -0.100000 -124.369772 0.000000
vt -0.000000 -117.823994 0.000000
vt -0.100000 -117.823994 0.000000
vt -0.000000 -111.278217 0.000000
vt -0.100000 -111.278217 0.000000
vt -0.000000 -104.732440 0.000000
vt -0.100000 -104.732440 0.000000
vt -0.000000 -98.186662 0.000000
vt -0.100000 -98.186662 0.000000
vt -0.000000 -91.640885 0.000000
vt -0.100000 -91.640885 0.000000
vt -0.000000 -85.095107 0.000000
vt -0.100000 -85.095107 0.000000
vt -0.000000 -78.549330 0.000000
vt -0.100000 -78.549330 0.000000
vt -0.000000 -72.003552 0.000000
vt -0.100000 -72.003552 0.000000
vt -0.000000 -65.457775 0.000000
vt -0.100000 -65.457775 0.000000
vt -0.000000 -58.911997 0.000000
vt -0.100000 -58.911997 0.000000
vt -0.000000 -52.366220 0.000000
vt -0.100000 -52.366220 0.000000
vt -0.000000 -45.820442 0.000000
vt -0.100000 -45.820442 0.000000
vt -0.000000 -39.274665 0.000000
vt -0.100000 -39.274665 0.000000
vt -0.000000 -32.728887 0.000000
vt -0.100000 -32.728887 0.000000
vt -0.000000 -26.183110 0.000000
vt -0.100000 -26.183110 0.000000
vt -0.000000 -19.637332 0.000000
vt -0.100000 -19.637332 0.000000
vt -0.000000 -13.091555 0.000000
vt -0.100000 -13.091555 0.000000
vt -0.000000 -6.545777 0.000000
vt -0.100000 -6.545777 0.000000
vt -0.000000 0.000000 0.000000
vt -0.100000 0.000000 0.000000
vt -0.000000 6.545777 0.000000
vt -0.100000 6.545777 0.000000
vt -0.000000 13.091555 0.000000
vt -0.100000 13.091555 0.000000
vt -0.000000 19.637332 0.000000
vt -0.100000 19.637332 0.000000
vt -0.000000 26.183110 0.000000
vt -0.100000 26.183110 0.000000
vt -0.000000 32.728887 0.000000
vt -0.100000 32.728887 0.000000
vt -0.000000 39.274665 0.000000
vt -0.100000 39.274665 0.000000
vt -0.000000 45.820442 0.000000
vt -0.100000 45.820442 0.000000
vt -0.000000 52.366220 0.000000
vt -0.100000 52.366220 0.000000
vt -0.000000 58.911997 0.000000
vt -0.100000 58.911997 0.000000
vt -0.000000 65.457775 0.000000
vt -0.100000 65.457775 0.000000
vt 0.000000 72.003552 0.000000
vt -0.100000 72.003552 0.000000
vt 0.000000 78.549330 0.000000
vt -0.100000 78.549330 0.000000
vt 0.000000 85.095107 0.000000
vt -0.100000 85.095107 0.000000
vt 0.000000 91.640885 0.000000
vt -0.100000 91.640885 0.000000
vt 0.000000 98.186662 0.000000
vt -0.100000 98.186662 0.000000
vt 0.000000 104.732440 0.000000
vt -0.100000 104.732440 0.000000
vt -0.000000 111.278217 0.000000
vt -0.100000 111.278217 0.000000
vt 0.000000 117.823994 0.000000
vt -0.100000 117.823994 0.000000
vt 0.000000 124.369772 0.000000
vt -0.100000 124.369772 0.000000
vt 0.000000 130.915549 0.000000
vt -43.266589 6.521389 0.000000
vt -43.755299 -0.000000 0.000000
vt -32.816475 -0.000000 0.000000
vt -43.266589 -6.521389 0.000000
vt -32.816475 -10.908238 0.000000
vt -41.811374 -12.897101 0.000000
vt -39.422163 -18.984713 0.000000
vt -32.816475 -21.816475 0.000000
vt -36.152325 -24.648238 0.000000
vt -32.074904 -29.761162 0.000000
vt -21.877650 -21.816475 0.000000
vt -27.280983 -34.209271 0.000000
vt -21.877650 -32.724713 0.000000
vt -21.877650 -37.893201 0.000000
vt -10.938825 -32.724713 0.000000
vt -15.985606 -40.730660 0.000000
vt -9.736470 -42.658263 0.000000
vt 0.000000 -32.724713 0.000000
vt -3.269838 -43.632951 0.000000
vt 3.269838 -43.632951 0.000000
vt 9.736470 -42.658263 0.000000
vt 10.938825 -32.724713 0.000000
vt 0.000000 -21.816475 0.000000
vt 10.938825 -21.816475 0.000000
vt 0.000000 -10.908238 0.000000
vt 10.938825 -10.908238 0.000000
vt 0.000000 -0.000000 0.000000
vt 10.938825 -0.000000 0.000000
vt 0.000000 10.908238 0.000000
vt 10.938825 10.908238 0.000000
vt 0.000000 21.816475 0.000000
vt 10.938825 21.816475 0.000000
vt 0.000000 32.724713 0.000000
vt 10.938825 32.724713 0.000000
vt 9.736470 42.658263 0.000000
vt 15.985606 40.730660 0.000000
vt 21.877650 37.893201 0.000000
vt 21.877650 32.724713 0.000000
vt 27.280983 34.209271 0.000000
vt 21.877650 21.816475 0.000000
vt 32.074904 29.761162 0.000000
vt 32.816475 21.816475 0.000000
vt 36.152325 24.648238 0.000000
vt 39.422163 18.984713 0.000000
vt 32.816475 10.908238 0.000000
vt 41.811374 12.897101 0.000000
vt 43.266589 6.521389 0.000000
vt 32.816475 -0.000000 0.000000
vt 43.755299 0.000000 0.000000
vt 43.266589 -6.521389 0.000000
vt 32.816475 -10.908238 0.000000
vt 41.811374 -12.897101 0.000000
vt 39.422163 -18.984713 0.000000
vt 32.816475 -21.816475 0.000000
vt 36.152325 -24.648238 0.000000
vt 32.074904 -29.761162 0.000000
vt 21.877650 -21.816475 0.000000
vt 27.280983 -34.209271 0.000000
vt 21.877650 -32.724713 0.000000
vt 21.877650 -37.893201 0.000000
vt 15.985606 -40.730660 0.000000
vt 3.269838 43.632951 0.000000
vt -3.269838 43.632951 0.000000
vt -9.736470 42.658263 0.000000
vt -10.938825 32.724713 0.000000
vt -15.985606 40.730660 0.000000
vt -21.877650 37.893201 0.000000
vt -21.877650 32.724713 0.000000
vt -27.280983 34.209271 0.000000
vt -21.877650 21.816475 0.000000
vt -32.074904 29.761162 0.000000
vt -32.816475 21.816475 0.000000
vt -36.152325 24.648238 0.000000
vt -39.422163 18.984713 0.000000
vt -32.816475 10.908238 0.000000
vt -41.811374 12.897101 0.000000
vt 21.877650 -0.000000 0.000000
vt 21.877650 -10.908238 0.000000
vt 21.877650 10.908238 0.000000
vt -10.938825 -0.000000 0.000000
vt -10.938825 -10.908238 0.000000
vt -10.938825 -21.816475 0.000000
vt -21.877650 -0.000000 0.000000
vt -21.877650 -10.908238 0.000000
vt -10.938825 10.908238 0.000000
vt -10.938825 21.816475 0.000000
vt -21.877650 10.908238 0.000000
vt 43.266589 -6.521389 0.000000
vt 43.755299 -0.000000 0.000000
vt 32.816475 -0.000000 0.000000
vt 43.266589 6.521389 0.000000
vt 32.816475 10.908238 0.000000
vt 41.811374 12.897101 0.000000
vt 39.422163 18.984713 0.000000
vt 32.816475 21.816475 0.000000
vt 36.152325 24.648238 0.000000
vt 32.074904 29.761162 0.000000
vt 21.877650 21.816475 0.000000
vt 27.280983 34.209271 0.000000
vt 21.877650 32.724713 0.000000
vt 21.877650 37.893201 0.000000
vt 10.938825 32.724713 0.000000
vt 15.985606 40.730660 0.000000
vt 9.736470 42.658263 0.000000
vt 0.000000 32.724713 0.000000
vt 3.269838 43.632951 0.000000
vt -3.269838 43.632951 0.000000
vt -9.736470 42.658263 0.000000
vt -10.938825 32.724713 0.000000
vt 0.000000 21.816475 0.000000
vt -10.938825 21.816475 0.000000
vt 0.000000 10.908238 0.000000
vt -10.938825 10.908238 0.000000
vt 0.000000 -0.000000 0.000000
vt -10.938825 -0.000000 0.000000
vt 0.000000 -10.908238 0.000000
vt -10.938825 -10.908238 0.000000
vt 0.000000 -21.816475 0.000000
vt -10.938825 -21.816475 0.000000
vt -0.000000 -32.724713 0.000000
vt -10.938825 -32.724713 0.000000
vt -9.736470 -42.658263 0.000000
vt -15.985606 -40.730660 0.000000
vt -21.877650 -37.893201 0.000000
vt -21.877650 -32.724713 0.000000
vt -27.280983 -34.209271 0.000000
vt -21.877650 -21.816475 0.000000
vt -32.074904 -29.761162 0.000000
vt -32.816475 -21.816475 0.000000
vt -36.152325 -24.648238 0.000000
vt -39.422163 -18.984713 0.000000
vt -32.816475 -10.908238 0.000000
vt -41.811374 -12.897101 0.000000
vt -43.266589 -6.521389 0.000000
vt -32.816475 -0.000000 0.000000
vt -43.755299 0.000000 0.000000
vt -43.266589 6.521389 0.000000
vt -32.816475 10.908238 0.000000
vt -41.811374 12.897101 0.000000
vt -39.422163 18.984713 0.000000
vt -32.816475 21.816475 0.000000
vt -36.152325 24.648238 0.000000
vt -32.074904 29.761162 0.000000
vt -21.877650 21.816475 0.000000
vt -27.280983 34.209271 0.000000
vt -21.877650 32.724713 0.000000
vt -21.877650 37.893201 0.000000
vt -15.985606 40.730660 0.000000
vt -3.269838 -43.632951 0.000000
vt 3.269838 -43.632951 0.000000
vt 9.736470 -42.658263 0.000000
vt 10.938825 -32.724713 0.000000
vt 15.985606 -40.730660 0.000000
vt 21.877650 -37.893201 0.000000
vt 21.877650 -32.724713 0.000000
vt 27.280983 -34.209271 0.000000
vt 21.877650 -21.816475 0.000000
vt 32.074904 -29.761162 0.000000
vt 32.816475 -21.816475 0.000000
vt 36.152325 -24.648238 0.000000
vt 39.422163 -18.984713 0.000000
vt 32.816475 -10.908238 0.000000
vt 41.811374 -12.897101 0.000000
vt -21.877650 -0.000000 0.000000
vt -21.877650 10.908238 0.000000
vt -21.877650 -10.908238 0.000000
vt 10.938825 -0.000000 0.000000
vt 10.938825 10.908238 0.000000
vt 10.938825 21.816475 0.000000
vt 21.877650 -0.000000 0.000000
vt 21.877650 10.908238 0.000000
vt 10.938825 -10.908238 0.000000
vt 10.938825 -21.816475 0.000000
vt 21.877650 -10.908238 0.000000
vn -0.988831 -0.149042 -0.000000
vn -1.000000 -0.000000 -0.000000
vn -1.000000 -0.000000 -0.000000
vn -0.988831 0.149042 -0.000000
vn -0.988831 0.149042 -0.000000
vn -0.955573 0.294755 -0.000000
vn -0.955573 0.294755 -0.000000
vn -0.900969 0.433884 -0.000000
vn -0.900969 0.433884 -0.000000
vn -0.826239 0.563320 -0.000000
vn -0.826239 0.563320 -0.000000
vn -0.733052 0.680173 -0.000000
vn -0.733052 0.680173 -0.000000
vn -0.623490 0.781831 -0.000000
vn -0.623490 0.781831 -0.000000
vn -0.500000 0.866025 -0.000000
vn -0.500000 0.866025 -0.000000
vn -0.365341 0.930874 -0.000000
vn -0.365341 0.930874 -0.000000
vn -0.222521 0.974928 -0.000000
vn -0.222521 0.974928 -0.000000
vn -0.074730 0.997204 -0.000000
vn -0.074730 0.997204 -0.000000
vn 0.074730 0.997204 0.000000
vn 0.074730 0.997204 0.000000
vn 0.222521 0.974928 0.000000
vn 0.222521 0.974928 0.000000
vn 0.365341 0.930874 0.000000
vn 0.365341 0.930874 0.000000
vn 0.500000 0.866025 0.000000
vn 0.500000 0.866025 0.000000
vn 0.623490 0.781831 0.000000
vn 0.623490 0.781831 0.000000
vn 0.733052 0.680173 0.000000
vn 0.733052 0.680173 0.000000
vn 0.826239 0.563320 0.000000
vn 0.826239 0.563320 0.000000
vn 0.900969 0.433884 0.000000
vn 0.900969 0.433884 0.000000
vn 0.955573 0.294755 0.000000
vn 0.955573 0.294755 0.000000
vn 0.988831 0.149042 0.000000
vn 0.988831 0.149042 0.000000
vn 1.000000 0.000000 0.000000
vn 1.000000 0.000000 0.000000
vn 0.988831 -0.149042 -0.000000
vn 0.988831 -0.149042 -0.000000
vn 0.955573 -0.294755 -0.000000
vn 0.955573 -0.294755 -0.000000
vn 0.900969 -0.433884 -0.000000
vn 0.900969 -0.433884 -0.000000
vn 0.826239 -0.563320 -0.000000
vn 0.826239 -0.563320 -0.000000
vn 0.733052 -0.680173 -0.000000
vn 0.733052 -0.680173 -0.000000
vn 0.623490 -0.781831 -0.000000
vn 0.623490 -0.781831 -0.000000
vn 0.500000 -0.866025 -0.000000
vn 0.500000 -0.866025 -0.000000
vn 0.365341 -0.930874 -0.000000
vn 0.365341 -0.930874 -0.000000
vn 0.222521 -0.974928 -0.000000
vn 0.222521 -0.974928 -0.000000
vn 0.074730 -0.997204 -0.000000
vn 0.074730 -0.997204 -0.000000
vn -0.074730 -0.997204 -0.000000
vn -0.074730 -0.997204 -0.000000
vn -0.222521 -0.974928 -0.000000
vn -0.222521 -0.974928 -0.000000
vn -0.365341 -0.930874 -0.000000
vn -0.365341 -0.930874 -0.000000
vn -0.500000 -0.866025 -0.000000
vn -0.500000 -0.866025 -0.000000
vn -0.623490 -0.781831 -0.000000
vn -0.623490 -0.781831 -0.000000
vn -0.733052 -0.680173 -0.000000
vn -0.733052 -0.680173 -0.000000
vn -0.826239 -0.563320 -0.000000
vn -0.826239 -0.563320 -0.000000
vn -0.900969 -0.433884 -0.000000
vn -0.900969 -0.433884 -0.000000
vn -0.955573 -0.294755 -0.000000
vn -0.955573 -0.294755 -0.000000
vn -0.988831 -0.149042 -0.000000
vn 0.000000 0.000000 1.000000
vn 0.000000 0.000000 1.000000
vn 0.000000 0.000000 1.000000
vn 0.000000 0.000000 1.000000
vn 0.000000 0.000000 1.000000
vn 0.000000 0.000000 1.000000
vn 0.000000 0.000000 1.000000
vn 0.000000 0.000000 1.000000
vn 0.000000 0.000000 1.000000
vn 0.000000 0.000000 1.000000
vn 0.000000 0.000000 1.000000
vn 0.000000 0.000000 1.000000
vn 0.000000 0.000000 1.000000
vn 0.000000 0.000000 1.000000
vn 0.000000 0.000000 1.000000
vn 0.000000 0.000000 1.000000
vn 0.000000 0.000000 1.000000
vn 0.000000 0.000000 1.000000
vn 0.000000 0.000000 1.000000
vn 0.000000 0.000000 1.000000
vn 0.000000 0.000000 1.000000
vn 0.000000 0.000000 1.000000
vn 0.000000 0.000000 1.000000
vn 0.000000 0.000000 1.000000
vn 0.000000 0.000000 1.000000
vn 0.000000 0.000000 1.000000
vn 0.000000 0.000000 1.000000
vn 0.000000 0.000000 1.000000
vn 0.000000 0.000000 1.000000
vn 0.000000 0.000000 1.000000
vn 0.000000 0.000000 1.000000
vn 0.000000 0.000000 1.000000
vn 0.000000 0.000000 1.000000
vn 0.000000 0.000000 1.000000
vn 0.000000 0.000000 1.000000
vn 0.000000 0.000000 1.000000
vn 0.000000 0.000000 1.000000
vn 0.000000 0.000000 1.000000
vn 0.000000 0.000000 1.000000
vn 0.000000 0.000000 1.000000
vn 0.000000 0.000000 1.000000
vn 0.000000 0.000000 1.000000
vn 0.000000 0.000000 1.000000
vn 0.000000 0.000000 1.000000
vn 0.000000 0.000000 1.000000
vn 0.000000 0.000000 1.000000
vn 0.000000 0.000000 1.000000
vn 0.000000 0.000000 1.000000
vn 0.000000 0.000000 1.000000
vn 0.000000 0.000000 1.000000
vn 0.000000 0.000000 1.000000
vn 0.000000 0.000000 1.000000
vn 0.000000 0.000000 1.000000
vn 0.000000 0.000000 1.000000
vn 0.000000 0.000000 1.000000
vn 0.000000 0.000000 1.000000
vn 0.000000 0.000000 1.000000
vn 0.000000 0.000000 1.000000
vn 0.000000 0.000000 1.000000
vn 0.000000 0.000000 1.000000
vn 0.000000 0.000000 1.000000
vn 0.000000 0.000000 1.000000
vn 0.000000 0.000000 1.000000
vn 0.000000 0.000000 1.000000
vn 0.000000 0.000000 1.000000
vn 0.000000 0.000000 1.000000
vn 0.000000 0.000000 1.000000
vn 0.000000 0.000000 1.000000
vn 0.000000 0.000000 1.000000
vn 0.000000 0.000000 1.000000
vn 0.000000 0.000000 1.000000
vn 0.000000 0.000000 1.000000
vn 0.000000 0.000000 1.000000
vn 0.000000 0.000000 1.000000
vn 0.000000 0.000000 1.000000
vn 0.000000 0.000000 1.000000
vn 0.000000 0.000000 1.000000
vn 0.000000 0.000000 1.000000
vn 0.000000 0.000000 1.000000
vn 0.000000 0.000000 1.000000
vn 0.000000 0.000000 1.000000
vn 0.000000 0.000000 1.000000
vn 0.000000 0.000000 1.000000
vn 0.000000 0.000000 1.000000
vn 0.000000 0.000000 1.000000
vn 0.000000 0.000000 1.000000
vn 0.000000 0.000000 1.000000
vn -0.000000 -0.000000 -1.000000
vn -0.000000 -0.000000 -1.000000
vn -0.000000 -0.000000 -1.000000
vn -0.000000 -0.000000 -1.000000
vn -0.000000 -0.000000 -1.000000
vn -0.000000 -0.000000 -1.000000
vn -0.000000 -0.000000 -1.000000
vn -0.000000 -0.000000 -1.000000
vn -0.000000 -0.000000 -1.000000
vn -0.000000 -0.000000 -1.000000
vn -0.000000 -0.000000 -1.000000
vn -0.000000 -0.000000 -1.000000
vn -0.000000 -0.000000 -1.000000
vn -0.000000 -0.000000 -1.000000
vn -0.000000 -0.000000 -1.000000
vn -0.000000 -0.000000 -1.000000
vn -0.000000 -0.000000 -1.000000
vn -0.000000 -0.000000 -1.000000
vn -0.000000 -0.000000 -1.000000
vn -0.000000 -0.000000 -1.000000
vn -0.000000 -0.000000 -1.000000
vn -0.000000 -0.000000 -1.000000
vn -0.000000 -0.000000 -1.000000
vn -0.000000 -0.000000 -1.000000
vn -0.000000 -0.000000 -1.000000
vn -0.000000 -0.000000 -1.000000
vn -0.000000 -0.000000 -1.000000
vn -0.000000 -0.000000 -1.000000
vn -0.000000 -0.000000 -1.000000
vn -0.000000 -0.000000 -1.000000
vn -0.000000 -0.000000 -1.000000
vn -0.000000 -0.000000 -1.000000
vn -0.000000 -0.000000 -1.000000
vn -0.000000 -0.000000 -1.000000
vn -0.000000 -0.000000 -1.000000
vn -0.000000 -0.000000 -1.000000
vn -0.000000 -0.000000 -1.000000
vn -0.000000 -0.000000 -1.000000
vn -0.000000 -0.000000 -1.000000
vn -0.000000 -0.000000 -1.000000
vn -0.000000 -0.000000 -1.000000
vn -0.000000 -0.000000 -1.000000
vn -0.000000 -0.000000 -1.000000
vn -0.000000 -0.000000 -1.000000
vn -0.000000 -0.000000 -1.000000
vn -0.000000 -0.000000 -1.000000
vn -0.000000 -0.000000 -1.000000
vn -0.000000 -0.000000 -1.000000
vn -0.000000 -0.000000 -1.000000
vn -0.000000 -0.000000 -1.000000
vn -0.000000 -0.000000 -1.000000
vn -0.000000 -0.000000 -1.000000
vn -0.000000 -0.000000 -1.000000
vn -0.000000 -0.000000 -1.000000
vn -0.000000 -0.000000 -1.000000
vn -0.000000 -0.000000 -1.000000
vn -0.000000 -0.000000 -1.000000
vn -0.000000 -0.000000 -1.000000
vn -0.000000 -0.000000 -1.000000
vn -0.000000 -0.000000 -1.000000
vn -0.000000 -0.000000 -1.000000
vn -0.000000 -0.000000 -1.000000
vn -0.000000 -0.000000 -1.000000
vn -0.000000 -0.000000 -1.000000
vn -0.000000 -0.000000 -1.000000
vn -0.000000 -0.000000 -1.000000
vn -0.000000 -0.000000 -1.000000
vn -0.000000 -0.000000 -1.000000
vn -0.000000 -0.000000 -1.000000
vn -0.000000 -0.000000 -1.000000
vn -0.000000 -0.000000 -1.000000
vn -0.000000 -0.000000 -1.000000
vn -0.000000 -0.000000 -1.000000
vn -0.000000 -0.000000 -1.000000
vn -0.000000 -0.000000 -1.000000
vn -0.000000 -0.000000 -1.000000
vn -0.000000 -0.000000 -1.000000
vn -0.000000 -0.000000 -1.000000
vn -0.000000 -0.000000 -1.000000
vn -0.000000 -0.000000 -1.000000
vn -0.000000 -0.000000 -1.000000
vn -0.000000 -0.000000 -1.000000
vn -0.000000 -0.000000 -1.000000
vn -0.000000 -0.000000 -1.000000
vn -0.000000 -0.000000 -1.000000
vn -0.000000 -0.000000 -1.000000
vn -0.000000 -0.000000 -1.000000
usemtl Acier_-_Satiné
f 2/1/1 43/2/2 1/3/3
f 1/4/3 43/5/2 44/6/4
f 1/4/3 44/6/4 42/7/5
f 42/7/5 44/6/4 45/8/6
f 42/7/5 45/8/6 41/9/7
f 41/9/7 45/8/6 46/10/8
f 41/9/7 46/10/8 40/11/9
f 40/11/9 46/10/8 47/12/10
f 40/11/9 47/12/10 39/13/11
f 39/13/11 47/12/10 48/14/12
f 39/13/11 48/14/12 38/15/13
f 38/15/13 48/14/12 49/16/14
f 38/15/13 49/16/14 37/17/15
f 37/17/15 49/16/14 50/18/16
f 37/17/15 50/18/16 36/19/17
f 36/19/17 50/18/16 51/20/18
f 36/19/17 51/20/18 35/21/19
f 35/21/19 51/20/18 52/22/20
f 35/21/19 52/22/20 34/23/21
f 34/23/21 52/22/20 53/24/22
f 34/23/21 53/24/22 33/25/23
f 33/25/23 53/24/22 54/26/24
f 33/25/23 54/26/24 32/27/25
f 32/27/25 54/26/24 55/28/26
f 32/27/25 55/28/26 31/29/27
f 31/29/27 55/28/26 56/30/28
f 31/29/27 56/30/28 30/31/29
f 30/31/29 56/30/28 57/32/30
f 30/31/29 57/32/30 29/33/31
f 29/33/31 57/32/30 58/34/32
f 29/33/31 58/34/32 28/35/33
f 28/35/33 58/34/32 59/36/34
f 28/35/33 59/36/34 27/37/35
f 27/37/35 59/36/34 60/38/36
f 27/37/35 60/38/36 26/39/37
f 26/39/37 60/38/36 61/40/38
f 26/39/37 61/40/38 25/41/39
f 25/41/39 61/40/38 62/42/40
f 25/41/39 62/42/40 24/43/41
f 24/43/41 62/42/40 63/44/42
f 24/43/41 63/44/42 23/45/43
f 23/45/43 63/44/42 64/46/44
f 23/45/43 64/46/44 22/47/45
f 22/47/45 64/46/44 65/48/46
f 22/47/45 65/48/46 21/49/47
f 21/49/47 65/48/46 66/50/48
f 21/49/47 66/50/48 20/51/49
f 20/51/49 66/50/48 67/52/50
f 20/51/49 67/52/50 19/53/51
f 19/53/51 67/52/50 68/54/52
f 19/53/51 68/54/52 18/55/53
f 18/55/53 68/54/52 69/56/54
f 18/55/53 69/56/54 17/57/55
f 17/57/55 69/56/54 70/58/56
f 17/57/55 70/58/56 16/59/57
f 16/59/57 70/58/56 71/60/58
f 16/59/57 71/60/58 15/61/59
f 15/61/59 71/60/58 72/62/60
f 15/61/59 72/62/60 14/63/61
f 14/63/61 72/62/60 73/64/62
f 14/63/61 73/64/62 13/65/63
f 13/65/63 73/64/62 74/66/64
f 13/65/63 74/66/64 12/67/65
f 12/67/65 74/66/64 75/68/66
f 12/67/65 75/68/66 11/69/67
f 11/69/67 75/68/66 76/70/68
f 11/69/67 76/70/68 10/71/69
f 10/71/69 76/70/68 77/72/70
f 10/71/69 77/72/70 9/73/71
f 9/73/71 77/72/70 78/74/72
f 9/73/71 78/74/72 8/75/73
f 8/75/73 78/74/72 79/76/74
f 8/75/73 79/76/74 7/77/75
f 7/77/75 79/76/74 80/78/76
f 7/77/75 80/78/76 6/79/77
f 6/79/77 80/78/76 81/80/78
f 6/79/77 81/80/78 5/81/79
f 5/81/79 81/80/78 82/82/80
f 5/81/79 82/82/80 4/83/81
f 4/83/81 82/82/80 83/84/82
f 4/83/81 83/84/82 3/85/83
f 3/85/83 83/84/82 84/86/84
f 3/85/83 84/86/84 2/1/1
f 2/1/1 84/86/84 43/2/2
f 44/87/85 43/88/86 91/89/87
f 91/89/87 43/88/86 84/90/88
f 91/89/87 84/90/88 92/91/89
f 92/91/89 84/90/88 83/92/90
f 92/91/89 83/92/90 82/93/91
f 92/91/89 82/93/91 99/94/92
f 99/94/92 82/93/91 81/95/93
f 99/94/92 81/95/93 80/96/94
f 99/94/92 80/96/94 100/97/95
f 100/97/95 80/96/94 79/98/96
f 100/97/95 79/98/96 106/99/97
f 106/99/97 79/98/96 78/100/98
f 106/99/97 78/100/98 107/101/99
f 107/101/99 78/100/98 77/102/100
f 107/101/99 77/102/100 76/103/101
f 107/101/99 76/103/101 108/104/102
f 108/104/102 76/103/101 75/105/103
f 108/104/102 75/105/103 74/106/104
f 74/106/104 73/107/105 108/104/102
f 108/104/102 73/107/105 109/108/106
f 108/104/102 109/108/106 102/109/107
f 102/109/107 109/108/106 103/110/108
f 102/109/107 103/110/108 95/111/109
f 95/111/109 103/110/108 96/112/110
f 95/111/109 96/112/110 88/113/111
f 88/113/111 96/112/110 87/114/112
f 88/113/111 87/114/112 114/115/113
f 114/115/113 87/114/112 113/116/114
f 114/115/113 113/116/114 121/117/115
f 121/117/115 113/116/114 120/118/116
f 121/117/115 120/118/116 127/119/117
f 127/119/117 120/118/116 126/120/118
f 127/119/117 126/120/118 55/121/119
f 55/121/119 126/120/118 56/122/120
f 56/122/120 126/120/118 57/123/121
f 57/123/121 126/120/118 125/124/122
f 57/123/121 125/124/122 58/125/123
f 58/125/123 125/124/122 119/126/124
f 58/125/123 119/126/124 59/127/125
f 59/127/125 119/126/124 118/128/126
f 59/127/125 118/128/126 60/129/127
f 60/129/127 118/128/126 61/130/128
f 61/130/128 118/128/126 111/131/129
f 61/130/128 111/131/129 62/132/130
f 62/132/130 111/131/129 63/133/131
f 63/133/131 111/131/129 85/134/132
f 63/133/131 85/134/132 64/135/133
f 64/135/133 85/134/132 65/136/134
f 65/136/134 85/134/132 98/137/135
f 65/136/134 98/137/135 66/138/136
f 66/138/136 98/137/135 67/139/137
f 67/139/137 98/137/135 105/140/138
f 67/139/137 105/140/138 68/141/139
f 68/141/139 105/140/138 69/142/140
f 69/142/140 105/140/138 104/143/141
f 69/142/140 104/143/141 70/144/142
f 70/144/142 104/143/141 110/145/143
f 70/144/142 110/145/143 71/146/144
f 71/146/144 110/145/143 109/108/106
f 71/146/144 109/108/106 72/147/145
f 72/147/145 109/108/106 73/107/105
f 55/121/119 54/148/146 127/119/117
f 127/119/117 54/148/146 53/149/147
f 127/119/117 53/149/147 52/150/148
f 127/119/117 52/150/148 128/151/149
f 128/151/149 52/150/148 51/152/150
f 128/151/149 51/152/150 50/153/151
f 128/151/149 50/153/151 129/154/152
f 129/154/152 50/153/151 49/155/153
f 129/154/152 49/155/153 123/156/154
f 123/156/154 49/155/153 48/157/155
f 123/156/154 48/157/155 124/158/156
f 124/158/156 48/157/155 47/159/157
f 124/158/156 47/159/157 46/160/158
f 124/158/156 46/160/158 117/161/159
f 117/161/159 46/160/158 45/162/160
f 117/161/159 45/162/160 44/87/85
f 117/161/159 44/87/85 91/89/87
f 85/134/132 86/163/161 98/137/135
f 98/137/135 86/163/161 97/164/162
f 98/137/135 97/164/162 105/140/138
f 105/140/138 97/164/162 104/143/141
f 86/163/161 87/114/112 97/164/162
f 97/164/162 87/114/112 96/112/110
f 97/164/162 96/112/110 104/143/141
f 104/143/141 96/112/110 103/110/108
f 104/143/141 103/110/108 110/145/143
f 110/145/143 103/110/108 109/108/106
f 86/163/161 85/134/132 112/165/163
f 112/165/163 85/134/132 111/131/129
f 112/165/163 111/131/129 119/126/124
f 119/126/124 111/131/129 118/128/126
f 87/114/112 86/163/161 113/116/114
f 113/116/114 86/163/161 112/165/163
f 113/116/114 112/165/163 120/118/116
f 120/118/116 112/165/163 119/126/124
f 120/118/116 119/126/124 126/120/118
f 126/120/118 119/126/124 125/124/122
f 88/113/111 89/166/164 95/111/109
f 95/111/109 89/166/164 94/167/165
f 95/111/109 94/167/165 102/109/107
f 102/109/107 94/167/165 101/168/166
f 102/109/107 101/168/166 108/104/102
f 108/104/102 101/168/166 107/101/99
f 89/166/164 90/169/167 94/167/165
f 94/167/165 90/169/167 93/170/168
f 94/167/165 93/170/168 101/168/166
f 101/168/166 93/170/168 100/97/95
f 101/168/166 100/97/95 107/101/99
f 107/101/99 100/97/95 106/99/97
f 89/166/164 88/113/111 115/171/169
f 115/171/169 88/113/111 114/115/113
f 115/171/169 114/115/113 122/172/170
f 122/172/170 114/115/113 121/117/115
f 122/172/170 121/117/115 128/151/149
f 128/151/149 121/117/115 127/119/117
f 90/169/167 91/89/87 93/170/168
f 93/170/168 91/89/87 92/91/89
f 93/170/168 92/91/89 100/97/95
f 100/97/95 92/91/89 99/94/92
f 90/169/167 89/166/164 116/173/171
f 116/173/171 89/166/164 115/171/169
f 116/173/171 115/171/169 123/156/154
f 123/156/154 115/171/169 122/172/170
f 123/156/154 122/172/170 129/154/152
f 129/154/152 122/172/170 128/151/149
f 91/89/87 90/169/167 117/161/159
f 117/161/159 90/169/167 116/173/171
f 117/161/159 116/173/171 124/158/156
f 124/158/156 116/173/171 123/156/154
f 2/174/172 1/175/173 136/176/174
f 136/176/174 1/175/173 42/177/175
f 136/176/174 42/177/175 137/178/176
f 137/178/176 42/177/175 41/179/177
f 137/178/176 41/179/177 40/180/178
f 137/178/176 40/180/178 144/181/179
f 144/181/179 40/180/178 39/182/180
f 144/181/179 39/182/180 38/183/181
f 144/181/179 38/183/181 145/184/182
f 145/184/182 38/183/181 37/185/183
f 145/184/182 37/185/183 151/186/184
f 151/186/184 37/185/183 36/187/185
f 151/186/184 36/187/185 152/188/186
f 152/188/186 36/187/185 35/189/187
f 152/188/186 35/189/187 34/190/188
f 152/188/186 34/190/188 153/191/189
f 153/191/189 34/190/188 33/192/190
f 153/191/189 33/192/190 32/193/191
f 32/193/191 31/194/192 153/191/189
f 153/191/189 31/194/192 154/195/193
f 153/191/189 154/195/193 147/196/194
f 147/196/194 154/195/193 148/197/195
f 147/196/194 148/197/195 140/198/196
f 140/198/196 148/197/195 141/199/197
f 140/198/196 141/199/197 133/200/198
f 133/200/198 141/199/197 132/201/199
f 133/200/198 132/201/199 159/202/200
f 159/202/200 132/201/199 158/203/201
f 159/202/200 158/203/201 166/204/202
f 166/204/202 158/203/201 165/205/203
f 166/204/202 165/205/203 172/206/204
f 172/206/204 165/205/203 171/207/205
f 172/206/204 171/207/205 13/208/206
f 13/208/206 171/207/205 14/209/207
f 14/209/207 171/207/205 15/210/208
f 15/210/208 171/207/205 170/211/209
f 15/210/208 170/211/209 16/212/210
f 16/212/210 170/211/209 164/213/211
f 16/212/210 164/213/211 17/214/212
f 17/214/212 164/213/211 163/215/213
f 17/214/212 163/215/213 18/216/214
f 18/216/214 163/215/213 19/217/215
f 19/217/215 163/215/213 156/218/216
f 19/217/215 156/218/216 20/219/217
f 20/219/217 156/218/216 21/220/218
f 21/220/218 156/218/216 130/221/219
f 21/220/218 130/221/219 22/222/220
f 22/222/220 130/221/219 23/223/221
f 23/223/221 130/221/219 143/224/222
f 23/223/221 143/224/222 24/225/223
f 24/225/223 143/224/222 25/226/224
f 25/226/224 143/224/222 150/227/225
f 25/226/224 150/227/225 26/228/226
f 26/228/226 150/227/225 27/229/227
f 27/229/227 150/227/225 149/230/228
f 27/229/227 149/230/228 28/231/229
f 28/231/229 149/230/228 155/232/230
f 28/231/229 155/232/230 29/233/231
f 29/233/231 155/232/230 154/195/193
f 29/233/231 154/195/193 30/234/232
f 30/234/232 154/195/193 31/194/192
f 13/208/206 12/235/233 172/206/204
f 172/206/204 12/235/233 11/236/234
f 172/206/204 11/236/234 10/237/235
f 172/206/204 10/237/235 173/238/236
f 173/238/236 10/237/235 9/239/237
f 173/238/236 9/239/237 8/240/238
f 173/238/236 8/240/238 174/241/239
f 174/241/239 8/240/238 7/242/240
f 174/241/239 7/242/240 168/243/241
f 168/243/241 7/242/240 6/244/242
f 168/243/241 6/244/242 169/245/243
f 169/245/243 6/244/242 5/246/244
f 169/245/243 5/246/244 4/247/245
f 169/245/243 4/247/245 162/248/246
f 162/248/246 4/247/245 3/249/247
f 162/248/246 3/249/247 2/174/172
f 162/248/246 2/174/172 136/176/174
f 130/221/219 131/250/248 143/224/222
f 143/224/222 131/250/248 142/251/249
f 143/224/222 142/251/249 150/227/225
f 150/227/225 142/251/249 149/230/228
f 131/250/248 132/201/199 142/251/249
f 142/251/249 132/201/199 141/199/197
f 142/251/249 141/199/197 149/230/228
f 149/230/228 141/199/197 148/197/195
f 149/230/228 148/197/195 155/232/230
f 155/232/230 148/197/195 154/195/193
f 131/250/248 130/221/219 157/252/250
f 157/252/250 130/221/219 156/218/216
f 157/252/250 156/218/216 164/213/211
f 164/213/211 156/218/216 163/215/213
f 132/201/199 131/250/248 158/203/201
f 158/203/201 131/250/248 157/252/250
f 158/203/201 157/252/250 165/205/203
f 165/205/203 157/252/250 164/213/211
f 165/205/203 164/213/211 171/207/205
f 171/207/205 164/213/211 170/211/209
f 133/200/198 134/253/251 140/198/196
f 140/198/196 134/253/251 139/254/252
f 140/198/196 139/254/252 147/196/194
f 147/196/194 139/254/252 146/255/253
f 147/196/194 146/255/253 153/191/189
f 153/191/189 146/255/253 152/188/186
f 134/253/251 135/256/254 139/254/252
f 139/254/252 135/256/254 138/257/255
f 139/254/252 138/257/255 146/255/253
f 146/255/253 138/257/255 145/184/182
f 146/255/253 145/184/182 152/188/186
f 152/188/186 145/184/182 151/186/184
f 134/253/251 133/200/198 160/258/256
f 160/258/256 133/200/198 159/202/200
f 160/258/256 159/202/200 167/259/257
f 167/259/257 159/202/200 166/204/202
f 167/259/257 166/204/202 173/238/236
f 173/238/236 166/204/202 172/206/204
f 135/256/254 136/176/174 138/257/255
f 138/257/255 136/176/174 137/178/176
f 138/257/255 137/178/176 145/184/182
f 145/184/182 137/178/176 144/181/179
f 135/256/254 134/253/251 161/260/258
f 161/260/258 134/253/251 160/258/256
f 161/260/258 160/258/256 168/243/241
f 168/243/241 160/258/256 167/259/257
f 168/243/241 167/259/257 174/241/239
f 174/241/239 167/259/257 173/238/236
f 136/176/174 135/256/254 162/248/246
f 162/248/246 135/256/254 161/260/258
f 162/248/246 161/260/258 169/245/243
f 169/245/243 161/260/258 168/243/241
g Corps de maillage1

v -42.186375 0.618750 0.000000
v -42.186375 0.618750 1.500000
v -42.163208 1.237500 0.000000
v -42.163208 1.237500 1.500000
v -42.122334 2.329284 0.000000
v -42.122334 2.329284 1.500000
v -42.094135 -2.057344 0.000000
v -42.094135 -2.057344 1.500000
v -42.066647 -2.854913 0.000000
v -42.066647 -2.854913 1.500000
v -41.976311 4.176562 0.000000
v -41.976311 4.176562 1.500000
v -41.928696 -4.302478 0.000000
v -41.928696 -4.302478 1.500000
v -41.901131 -4.591744 0.000000
v -41.901131 -4.591744 1.500000
v -41.675907 -6.187500 0.000000
v -41.675907 -6.187500 1.500000
v -41.672012 6.404062 0.000000
v -41.672012 6.404062 1.500000
v -41.490280 7.734375 0.000000
v -41.490280 7.734375 1.500000
v -41.422218 -2.057344 0.000000
v -41.422218 -2.057344 1.500000
v -41.414959 8.106244 0.000000
v -41.414959 8.106244 1.500000
v -41.378906 1.237500 0.000000
v -41.378906 1.237500 1.500000
v -41.368076 -4.302478 0.000000
v -41.368076 -4.302478 1.500000
v -41.341091 -7.889062 0.000000
v -41.341091 -7.889062 1.500000
v -41.175957 9.286200 0.000000
v -41.175957 9.286200 1.500000
v -41.156776 6.404062 0.000000
v -41.156776 6.404062 1.500000
v -41.141342 9.435938 0.000000
v -41.141342 9.435938 1.500000
v -41.099232 -9.118210 0.000000
v -41.099232 -9.118210 1.500000
v -41.077446 -9.212259 0.000000
v -41.077446 -9.212259 1.500000
v -40.963726 8.106244 0.000000
v -40.963726 8.106244 1.500000
v -40.828220 -7.889062 0.000000
v -40.828220 -7.889062 1.500000
v -40.806873 10.882884 0.000000
v -40.806873 10.882884 1.500000
v -40.778099 -10.504519 0.000000
v -40.778099 -10.504519 1.500000
v -40.771797 -10.528340 0.000000
v -40.771797 -10.528340 1.500000
v -40.698280 9.435938 0.000000
v -40.698280 9.435938 1.500000
v -40.657101 11.419959 0.000000
v -40.657101 11.419959 1.500000
v -40.617844 -0.773438 0.000000
v -40.617844 -0.773438 1.500000
v -40.559372 -0.604209 0.000000
v -40.559372 -0.604209 1.500000
v -40.534466 -0.574200 0.000000
v -40.534466 -0.574200 1.500000
v -40.521629 -9.212259 0.000000
v -40.521629 -9.212259 1.500000
v -40.488487 -0.928125 0.000000
v -40.488487 -0.928125 1.500000
v -40.487907 -11.601562 0.000000
v -40.487907 -11.601562 1.500000
v -40.390167 12.377166 0.000000
v -40.390167 12.377166 1.500000
v -40.367558 -0.373106 0.000000
v -40.367558 -0.373106 1.500000
v -40.352348 -0.361041 0.000000
v -40.352348 -0.361041 1.500000
v -40.326794 -1.121484 0.000000
v -40.326794 -1.121484 1.500000
v -40.320843 -1.128600 0.000000
v -40.320843 -1.128600 1.500000
v -40.191174 -12.529688 0.000000
v -40.191174 -12.529688 1.500000
v -40.186264 -10.528340 0.000000
v -40.186264 -10.528340 1.500000
v -40.175087 13.148438 0.000000
v -40.175087 13.148438 1.500000
v -40.143883 11.419959 0.000000
v -40.143883 11.419959 1.500000
v -40.096069 -0.157781 0.000000
v -40.096069 -0.157781 1.500000
v -40.088814 13.457812 0.000000
v -40.088814 13.457812 1.500000
v -40.024155 -1.342687 0.000000
v -40.024155 -1.342687 1.500000
v -39.944588 -13.300960 0.000000
v -39.944588 -13.300960 1.500000
v -39.906281 7.192969 0.000000
v -39.906281 7.192969 1.500000
v -39.903187 -8.739843 0.000000
v -39.903187 -8.739843 1.500000
v -39.892048 -1.419103 0.000000
v -39.892048 -1.419103 1.500000
v -39.865135 7.407366 0.000000
v -39.865135 7.407366 1.500000
v -39.861851 -8.770782 0.000000
v -39.861851 -8.770782 1.500000
v -39.861050 7.075406 0.000000
v -39.861050 7.075406 1.500000
v -39.853687 -13.585275 0.000000
v -39.853687 -13.585275 1.500000
v -39.847500 12.377166 0.000000
v -39.847500 12.377166 1.500000
v -39.845554 7.437375 0.000000
v -39.845554 7.437375 1.500000
v -39.833267 -8.576803 0.000000
v -39.833267 -8.576803 1.500000
v -39.785374 -8.507812 0.000000
v -39.785374 -8.507812 1.500000
v -39.759327 14.396457 0.000000
v -39.759327 14.396457 1.500000
v -39.751904 7.580925 0.000000
v -39.751904 7.580925 1.500000
v -39.702095 0.154687 0.000000
v -39.702095 0.154687 1.500000
v -39.689411 6.629288 0.000000
v -39.689411 6.629288 1.500000
v -39.671158 -1.546875 0.000000
v -39.671158 -1.546875 1.500000
v -39.665077 -8.918044 0.000000
v -39.665077 -8.918044 1.500000
v -39.643623 -8.303625 0.000000
v -39.643623 -8.303625 1.500000
v -39.618587 -14.258165 0.000000
v -39.618587 -14.258165 1.500000
v -39.590717 -12.529688 0.000000
v -39.590717 -12.529688 1.500000
v -39.587624 13.148438 0.000000
v -39.587624 13.148438 1.500000
v -39.568790 6.465938 0.000000
v -39.568790 6.465938 1.500000
v -39.566277 -8.991984 0.000000
v -39.566277 -8.991984 1.500000
v -39.519253 -14.542481 0.000000
v -39.519253 -14.542481 1.500000
v -39.457996 6.315891 0.000000
v -39.457996 6.315891 1.500000
v -39.445312 -0.928125 0.000000
v -39.445312 -0.928125 1.500000
v -39.445312 7.075406 0.000000
v -39.445312 7.075406 1.500000
v -39.411591 15.350878 0.000000
v -39.411591 15.350878 1.500000
v -39.394573 -0.574200 0.000000
v -39.394573 -0.574200 1.500000
v -39.367970 7.743656 0.000000
v -39.367970 7.743656 1.500000
v -39.366165 15.468750 0.000000
v -39.366165 15.468750 1.500000
v -39.306404 -13.300960 0.000000
v -39.306404 -13.300960 1.500000
v -39.263634 6.120675 0.000000
v -39.263634 6.120675 1.500000
v -39.255974 -0.361041 0.000000
v -39.255974 -0.361041 1.500000
v -39.228748 -15.314062 0.000000
v -39.228748 -15.314062 1.500000
v -39.227203 -1.121484 0.000000
v -39.227203 -1.121484 1.500000
v -39.223766 -9.127491 0.000000
v -39.223766 -9.127491 1.500000
v -39.198742 -9.137391 0.000000
v -39.198742 -9.137391 1.500000
v -39.176155 6.032813 0.000000
v -39.176155 6.032813 1.500000
v -39.162621 0.502734 0.000000
v -39.162621 0.502734 1.500000
v -39.129131 14.467612 0.000000
v -39.129131 14.467612 1.500000
v -39.117374 7.777688 0.000000
v -39.117374 7.777688 1.500000
v -39.085751 16.196400 0.000000
v -39.085751 16.196400 1.500000
v -39.058594 -8.507812 0.000000
v -39.058594 -8.507812 1.500000
v -39.058594 -0.157781 0.000000
v -39.058594 -0.157781 1.500000
v -39.024563 -7.579688 0.000000
v -39.024563 -7.579688 1.500000
v -38.948765 -14.258165 0.000000
v -38.948765 -14.258165 1.500000
v -38.945782 16.559607 0.000000
v -38.945782 16.559607 1.500000
v -38.938866 15.045835 0.000000
v -38.938866 15.045835 1.500000
v -38.834297 7.861837 0.000000
v -38.834297 7.861837 1.500000
v -38.829655 16.860937 0.000000
v -38.829655 16.860937 1.500000
v -38.825909 -16.242188 0.000000
v -38.825909 -16.242188 1.500000
v -38.824028 7.867097 0.000000
v -38.824028 7.867097 1.500000
v -38.807999 15.468750 0.000000
v -38.807999 15.468750 1.500000
v -38.770874 -2.010937 0.000000
v -38.770874 -2.010937 1.500000
v -38.750042 -2.165625 0.000000
v -38.750042 -2.165625 1.500000
v -38.749218 -9.271969 0.000000
v -38.749218 -9.271969 1.500000
v -38.746433 -1.419103 0.000000
v -38.746433 -1.419103 1.500000
v -38.743031 0.773438 0.000000
v -38.743031 0.773438 1.500000
v -38.730835 0.964013 0.000000
v -38.730835 0.964013 1.500000
v -38.706493 5.633100 0.000000
v -38.706493 5.633100 1.500000
v -38.701550 -2.525738 0.000000
v -38.701550 -2.525738 1.500000
v -38.700264 1.441687 0.000000
v -38.700264 1.441687 1.500000
v -38.683632 1.701563 0.000000
v -38.683632 1.701563 1.500000
v -38.682442 1.720125 0.000000
v -38.682442 1.720125 1.500000
v -38.671875 6.465938 0.000000
v -38.671875 6.465938 1.500000
v -38.667297 1.956797 0.000000
v -38.667297 1.956797 1.500000
v -38.661804 -2.820881 0.000000
v -38.661804 -2.820881 1.500000
v -38.660885 -2.827688 0.000000
v -38.660885 -2.827688 1.500000
v -38.647594 -2.926378 0.000000
v -38.647594 -2.926378 1.500000
v -38.639080 2.397656 0.000000
v -38.639080 2.397656 1.500000
v -38.606892 -3.228637 0.000000
v -38.606892 -3.228637 1.500000
v -38.594532 3.093750 0.000000
v -38.594532 3.093750 1.500000
v -38.587708 3.202650 0.000000
v -38.587708 3.202650 1.500000
v -38.582775 17.439159 0.000000
v -38.582775 17.439159 1.500000
v -38.562386 3.606694 0.000000
v -38.562386 3.606694 1.500000
v -38.541214 3.944531 0.000000
v -38.541214 3.944531 1.500000
v -38.528015 16.196400 0.000000
v -38.528015 16.196400 1.500000
v -38.517189 7.437375 0.000000
v -38.517189 7.437375 1.500000
v -38.510159 4.440150 0.000000
v -38.510159 4.440150 1.500000
v -38.500618 4.592362 0.000000
v -38.500618 4.592362 1.500000
v -38.497013 4.649906 0.000000
v -38.497013 4.649906 1.500000
v -38.468822 -4.253906 0.000000
v -38.468822 -4.253906 1.500000
v -38.460262 -17.084616 0.000000
v -38.460262 -17.084616 1.500000
v -38.458405 -4.331250 0.000000
v -38.458405 -4.331250 1.500000
v -38.449123 5.414062 0.000000
v -38.449123 5.414062 1.500000
v -38.420444 -6.939281 0.000000
v -38.420444 -6.939281 1.500000
v -38.416023 -17.180521 0.000000
v -38.416023 -17.180521 1.500000
v -38.392509 17.866405 0.000000
v -38.392509 17.866405 1.500000
v -38.390095 -4.843575 0.000000
v -38.390095 -4.843575 1.500000
v -38.345795 16.559607 0.000000
v -38.345795 16.559607 1.500000
v -38.322281 -8.770782 0.000000
v -38.322281 -8.770782 1.500000
v -38.320713 -5.363944 0.000000
v -38.320713 -5.363944 1.500000
v -38.309906 8.130375 0.000000
v -38.309906 8.130375 1.500000
v -38.309093 8.131303 0.000000
v -38.309093 8.131303 1.500000
v -38.289177 18.098438 0.000000
v -38.289177 18.098438 1.500000
v -38.239780 -5.970938 0.000000
v -38.239780 -5.970938 1.500000
v -38.237926 -5.984859 0.000000
v -38.237926 -5.984859 1.500000
v -38.225449 6.120675 0.000000
v -38.225449 6.120675 1.500000
v -38.195438 -16.242188 0.000000
v -38.195438 -16.242188 1.500000
v -38.164501 16.860937 0.000000
v -38.164501 16.860937 1.500000
v -38.149033 -6.651563 0.000000
v -38.149033 -6.651563 1.500000
v -38.085918 8.386538 0.000000
v -38.085918 8.386538 1.500000
v -38.085575 8.387156 0.000000
v -38.085575 8.387156 1.500000
v -38.050030 2.397656 0.000000
v -38.050030 2.397656 1.500000
v -38.046528 18.616640 0.000000
v -38.046528 18.616640 1.500000
v -38.025589 1.956797 0.000000
v -38.025589 1.956797 1.500000
v -38.008030 3.093750 0.000000
v -38.008030 3.093750 1.500000
v -38.001461 3.202650 0.000000
v -38.001461 3.202650 1.500000
v -37.995274 0.502734 0.000000
v -37.995274 0.502734 1.500000
v -37.975777 -18.134943 0.000000
v -37.975777 -18.134943 1.500000
v -37.972687 14.850000 0.000000
v -37.972687 14.850000 1.500000
v -37.968357 -18.151031 0.000000
v -37.968357 -18.151031 1.500000
v -37.954247 14.872893 0.000000
v -37.954247 14.872893 1.500000
v -37.952888 3.606694 0.000000
v -37.952888 3.606694 1.500000
v -37.931850 -3.228637 0.000000
v -37.931850 -3.228637 1.500000
v -37.918858 1.720125 0.000000
v -37.918858 1.720125 1.500000
v -37.909885 14.927962 0.000000
v -37.909885 14.927962 1.500000
v -37.896580 -2.926378 0.000000
v -37.896580 -2.926378 1.500000
v -37.895344 3.944531 0.000000
v -37.895344 3.944531 1.500000
v -37.882370 14.686031 0.000000
v -37.882370 14.686031 1.500000
v -37.873688 -4.253906 0.000000
v -37.873688 -4.253906 1.500000
v -37.864407 17.411316 0.000000
v -37.864407 17.411316 1.500000
v -37.863949 -4.331250 0.000000
v -37.863949 -4.331250 1.500000
v -37.857410 8.800172 0.000000
v -37.857410 8.800172 1.500000
v -37.854507 8.805431 0.000000
v -37.854507 8.805431 1.500000
v -37.842751 -8.918044 0.000000
v -37.842751 -8.918044 1.500000
v -37.821095 -2.827688 0.000000
v -37.821095 -2.827688 1.500000
v -37.815525 -17.180521 0.000000
v -37.815525 -17.180521 1.500000
v -37.813416 8.925778 0.000000
v -37.813416 8.925778 1.500000
v -37.810802 14.556094 0.000000
v -37.810802 14.556094 1.500000
v -37.806232 8.946815 0.000000
v -37.806232 8.946815 1.500000
v -37.799438 -4.843575 0.000000
v -37.799438 -4.843575 1.500000
v -37.773758 17.667170 0.000000
v -37.773758 17.667170 1.500000
v -37.773140 14.487721 0.000000
v -37.773140 14.487721 1.500000
v -37.770210 9.052313 0.000000
v -37.770210 9.052313 1.500000
v -37.765781 19.216209 0.000000
v -37.765781 19.216209 1.500000
v -37.740658 17.866405 0.000000
v -37.740658 17.866405 1.500000
v -37.730755 -5.363944 0.000000
v -37.730755 -5.363944 1.500000
v -37.727562 15.004068 0.000000
v -37.727562 15.004068 1.500000
v -37.719620 4.440150 0.000000
v -37.719620 4.440150 1.500000
v -37.709721 19.335938 0.000000
v -37.709721 19.335938 1.500000
v -37.692043 9.281250 0.000000
v -37.692043 9.281250 1.500000
v -37.671974 15.027272 0.000000
v -37.671974 15.027272 1.500000
v -37.670921 14.297147 0.000000
v -37.670921 14.297147 1.500000
v -37.641655 -5.970938 0.000000
v -37.641655 -5.970938 1.500000
v -37.613194 4.592362 0.000000
v -37.613194 4.592362 1.500000
v -37.608864 14.181440 0.000000
v -37.608864 14.181440 1.500000
v -37.589062 -9.572062 0.000000
v -37.589062 -9.572062 1.500000
v -37.583614 -2.010937 0.000000
v -37.583614 -2.010937 1.500000
v -37.580708 5.633100 0.000000
v -37.580708 5.633100 1.500000
v -37.571327 -9.621563 0.000000
v -37.571327 -9.621563 1.500000
v -37.530552 7.777688 0.000000
v -37.530552 7.777688 1.500000
v -37.517288 -5.984859 0.000000
v -37.517288 -5.984859 1.500000
v -37.511719 4.649906 0.000000
v -37.511719 4.649906 1.500000
v -37.493992 0.773438 0.000000
v -37.493992 0.773438 1.500000
v -37.480782 -19.168875 0.000000
v -37.480782 -19.168875 1.500000
v -37.480782 9.900000 0.000000
v -37.480782 9.900000 1.500000
v -37.475521 -2.893584 0.000000
v -37.475521 -2.893584 1.500000
v -37.466858 18.616640 0.000000
v -37.466858 18.616640 1.500000
v -37.436909 19.877344 0.000000
v -37.436909 19.877344 1.500000
v -37.425095 13.835250 0.000000
v -37.425095 13.835250 1.500000
v -37.409317 19.932102 0.000000
v -37.409317 19.932102 1.500000
v -37.400963 -18.134943 0.000000
v -37.400963 -18.134943 1.500000
v -37.364765 -16.225790 0.000000
v -37.364765 -16.225790 1.500000
v -37.362530 -16.211559 0.000000
v -37.362530 -16.211559 1.500000
v -37.360725 -10.209375 0.000000
v -37.360725 -10.209375 1.500000
v -37.347664 -16.116890 0.000000
v -37.347664 -16.116890 1.500000
v -37.341885 -10.261969 0.000000
v -37.341885 -10.261969 1.500000
v -37.332844 -16.022532 0.000000
v -37.332844 -16.022532 1.500000
v -37.331573 -10.290741 0.000000
v -37.331573 -10.290741 1.500000
v -37.330425 10.507303 0.000000
v -37.330425 10.507303 1.500000
v -37.325165 -15.973650 0.000000
v -37.325165 -15.973650 1.500000
v -37.299686 -16.356657 0.000000
v -37.299686 -16.356657 1.500000
v -37.290009 -10.406756 0.000000
v -37.290009 -10.406756 1.500000
v -37.286583 7.861837 0.000000
v -37.286583 7.861837 1.500000
v -37.286304 -16.383572 0.000000
v -37.286304 -16.383572 1.500000
v -37.286152 5.414062 0.000000
v -37.286152 5.414062 1.500000
v -37.279686 -16.396875 0.000000
v -37.279686 -16.396875 1.500000
v -37.279686 -2.165625 0.000000
v -37.279686 -2.165625 1.500000
v -37.279686 1.701563 0.000000
v -37.279686 1.701563 1.500000
v -37.271336 7.867097 0.000000
v -37.271336 7.867097 1.500000
v -37.239468 -6.939281 0.000000
v -37.239468 -6.939281 1.500000
v -37.235378 13.541344 0.000000
v -37.235378 13.541344 1.500000
v -37.228951 -2.942775 0.000000
v -37.228951 -2.942775 1.500000
v -37.223289 -19.645313 0.000000
v -37.223289 -19.645313 1.500000
v -37.219238 10.911656 0.000000
v -37.219238 10.911656 1.500000
v -37.216885 -5.844094 0.000000
v -37.216885 -5.844094 1.500000
v -37.211105 15.140813 0.000000
v -37.211105 15.140813 1.500000
v -37.208546 4.489031 0.000000
v -37.208546 4.489031 1.500000
v -37.168003 19.216209 0.000000
v -37.168003 19.216209 1.500000
v -37.158413 11.132859 0.000000
v -37.158413 11.132859 1.500000
v -37.141087 0.964013 0.000000
v -37.141087 0.964013 1.500000
v -37.139042 -10.828125 0.000000
v -37.139042 -10.828125 1.500000
v -37.125000 14.686031 0.000000
v -37.125000 14.686031 1.500000
v -37.120358 14.556094 0.000000
v -37.120358 14.556094 1.500000
v -37.087357 14.487721 0.000000
v -37.087357 14.487721 1.500000
v -37.077667 -9.127491 0.000000
v -37.077667 -9.127491 1.500000
v -37.037136 20.639954 0.000000
v -37.037136 20.639954 1.500000
v -37.035282 13.231350 0.000000
v -37.035282 13.231350 1.500000
v -37.026756 -11.141521 0.000000
v -37.026756 -11.141521 1.500000
v -37.006817 4.381988 0.000000
v -37.006817 4.381988 1.500000
v -36.995373 14.297147 0.000000
v -36.995373 14.297147 1.500000
v -36.980831 9.052313 0.000000
v -36.980831 9.052313 1.500000
v -36.972633 -5.677650 0.000000
v -36.972633 -5.677650 1.500000
v -36.970314 -2.994750 0.000000
v -36.970314 -2.994750 1.500000
v -36.965763 11.733047 0.000000
v -36.965763 11.733047 1.500000
v -36.962742 -15.386456 0.000000
v -36.962742 -15.386456 1.500000
v -36.951752 9.281250 0.000000
v -36.951752 9.281250 1.500000
v -36.922825 -20.201260 0.000000
v -36.922825 -20.201260 1.500000
v -36.918957 1.798087 0.000000
v -36.918957 1.798087 1.500000
v -36.914810 14.181440 0.000000
v -36.914810 14.181440 1.500000
v -36.895237 -6.651563 0.000000
v -36.895237 -6.651563 1.500000
v -36.892967 -11.514937 0.000000
v -36.892967 -11.514937 1.500000
v -36.885826 11.982094 0.000000
v -36.885826 11.982094 1.500000
v -36.885548 -11.537522 0.000000
v -36.885548 -11.537522 1.500000
v -36.883686 -15.258375 0.000000
v -36.883686 -15.258375 1.500000
v -36.863579 13.049747 0.000000
v -36.863579 13.049747 1.500000
v -36.857029 12.071813 0.000000
v -36.857029 12.071813 1.500000
v -36.834187 12.142969 0.000000
v -36.834187 12.142969 1.500000
v -36.821812 15.236719 0.000000
v -36.821812 15.236719 1.500000
v -36.817173 8.946815 0.000000
v -36.817173 8.946815 1.500000
v -36.803699 12.235472 0.000000
v -36.803699 12.235472 1.500000
v -36.803249 19.877344 0.000000
v -36.803249 19.877344 1.500000
v -36.793766 -16.594875 0.000000
v -36.793766 -16.594875 1.500000
v -36.785286 9.900000 0.000000
v -36.785286 9.900000 1.500000
v -36.771385 9.951666 0.000000
v -36.771385 9.951666 1.500000
v -36.749729 -16.612820 0.000000
v -36.749729 -16.612820 1.500000
v -36.748375 12.989728 0.000000
v -36.748375 12.989728 1.500000
v -36.738281 12.984468 0.000000
v -36.738281 12.984468 1.500000
v -36.726204 21.202396 0.000000
v -36.726204 21.202396 1.500000
v -36.725597 12.472453 0.000000
v -36.725597 12.472453 1.500000
v -36.710438 -3.093750 0.000000
v -36.710438 -3.093750 1.500000
v -36.671146 12.741300 0.000000
v -36.671146 12.741300 1.500000
v -36.667126 -19.645313 0.000000
v -36.667126 -19.645313 1.500000
v -36.666199 10.422534 0.000000
v -36.666199 10.422534 1.500000
v -36.610397 -12.375000 0.000000
v -36.610397 -12.375000 1.500000
v -36.609581 -14.883103 0.000000
v -36.609581 -14.883103 1.500000
v -36.599121 -20.800209 0.000000
v -36.599121 -20.800209 1.500000
v -36.587925 4.085916 0.000000
v -36.587925 4.085916 1.500000
v -36.571747 -14.819062 0.000000
v -36.571747 -14.819062 1.500000
v -36.570187 8.971875 0.000000
v -36.570187 8.971875 1.500000
v -36.568127 10.911656 0.000000
v -36.568127 10.911656 1.500000
v -36.507179 1.947206 0.000000
v -36.507179 1.947206 1.500000
v -36.506248 -10.828125 0.000000
v -36.506248 -10.828125 1.500000
v -36.487068 -2.525738 0.000000
v -36.487068 -2.525738 1.500000
v -36.469746 -11.141521 0.000000
v -36.469746 -11.141521 1.500000
v -36.469124 13.541344 0.000000
v -36.469124 13.541344 1.500000
v -36.435566 8.130375 0.000000
v -36.435566 8.130375 1.500000
v -36.432617 8.131303 0.000000
v -36.432617 8.131303 1.500000
v -36.427418 21.742874 0.000000
v -36.427418 21.742874 1.500000
v -36.409298 -16.687687 0.000000
v -36.409298 -16.687687 1.500000
v -36.401062 -16.022532 0.000000
v -36.401062 -16.022532 1.500000
v -36.397350 -13.023450 0.000000
v -36.397350 -13.023450 1.500000
v -36.392708 -10.406756 0.000000
v -36.392708 -10.406756 1.500000
v -36.387142 -14.506594 0.000000
v -36.387142 -14.506594 1.500000
v -36.376099 -11.514937 0.000000
v -36.376099 -11.514937 1.500000
v -36.370434 -11.537522 0.000000
v -36.370434 -11.537522 1.500000
v -36.369507 11.733047 0.000000
v -36.369507 11.733047 1.500000
v -36.352180 -20.201260 0.000000
v -36.352180 -20.201260 1.500000
v -36.345993 -16.701609 0.000000
v -36.345993 -16.701609 1.500000
v -36.327122 -3.239775 0.000000
v -36.327122 -3.239775 1.500000
v -36.322037 -13.303125 0.000000
v -36.322037 -13.303125 1.500000
v -36.273289 11.982094 0.000000
v -36.273289 11.982094 1.500000
v -36.271004 -14.166282 0.000000
v -36.271004 -14.166282 1.500000
v -36.269886 -10.290741 0.000000
v -36.269886 -10.290741 1.500000
v -36.268032 -5.197500 0.000000
v -36.268032 -5.197500 1.500000
v -36.264938 22.036781 0.000000
v -36.264938 22.036781 1.500000
v -36.258530 4.649906 0.000000
v -36.258530 4.649906 1.500000
v -36.245136 -13.588678 0.000000
v -36.245136 -13.588678 1.500000
v -36.238407 -5.174606 0.000000
v -36.238407 -5.174606 1.500000
v -36.228432 -21.486094 0.000000
v -36.228432 -21.486094 1.500000
v -36.222202 22.104843 0.000000
v -36.222202 22.104843 1.500000
v -36.198421 14.872893 0.000000
v -36.198421 14.872893 1.500000
v -36.196877 1.441687 0.000000
v -36.196877 1.441687 1.500000
v -36.196877 12.071813 0.000000
v -36.196877 12.071813 1.500000
v -36.187595 -13.921875 0.000000
v -36.187595 -13.921875 1.500000
v -36.186703 15.355209 0.000000
v -36.186703 15.355209 1.500000
v -36.182026 -15.386456 0.000000
v -36.182026 -15.386456 1.500000
v -36.119530 -10.261969 0.000000
v -36.119530 -10.261969 1.500000
v -36.119530 3.721781 0.000000
v -36.119530 3.721781 1.500000
v -36.097580 -5.984859 0.000000
v -36.097580 -5.984859 1.500000
v -36.042187 -12.375000 0.000000
v -36.042187 -12.375000 1.500000
v -36.042187 4.489031 0.000000
v -36.042187 4.489031 1.500000
v -36.027336 21.202396 0.000000
v -36.027336 21.202396 1.500000
v -36.017418 -21.841875 0.000000
v -36.017418 -21.841875 1.500000
v -36.005989 -20.800209 0.000000
v -36.005989 -20.800209 1.500000
v -35.997948 12.989728 0.000000
v -35.997948 12.989728 1.500000
v -35.993179 12.984468 0.000000
v -35.993179 12.984468 1.500000
v -35.979076 -16.116890 0.000000
v -35.979076 -16.116890 1.500000
v -35.970722 -3.434062 0.000000
v -35.970722 -3.434062 1.500000
v -35.929165 -5.844094 0.000000
v -35.929165 -5.844094 1.500000
v -35.909157 -16.761938 0.000000
v -35.909157 -16.761938 1.500000
v -35.896881 4.381988 0.000000
v -35.896881 4.381988 1.500000
v -35.893192 15.409968 0.000000
v -35.893192 15.409968 1.500000
v -35.860027 15.416156 0.000000
v -35.860027 15.416156 1.500000
v -35.844994 -14.883103 0.000000
v -35.844994 -14.883103 1.500000
v -35.819809 -16.791637 0.000000
v -35.819809 -16.791637 1.500000
v -35.815678 -4.847906 0.000000
v -35.815678 -4.847906 1.500000
v -35.813869 -2.820881 0.000000
v -35.813869 -2.820881 1.500000
v -35.802113 -14.819062 0.000000
v -35.802113 -14.819062 1.500000
v -35.796413 -2.827688 0.000000
v -35.796413 -2.827688 1.500000
v -35.790974 22.791656 0.000000
v -35.790974 22.791656 1.500000
v -35.772751 12.741300 0.000000
v -35.772751 12.741300 1.500000
v -35.755207 -22.283972 0.000000
v -35.755207 -22.283972 1.500000
v -35.747044 11.704275 0.000000
v -35.747044 11.704275 1.500000
v -35.732811 2.320312 0.000000
v -35.732811 2.320312 1.500000
v -35.730026 -5.677650 0.000000
v -35.730026 -5.677650 1.500000
v -35.717964 -13.023450 0.000000
v -35.717964 -13.023450 1.500000
v -35.706825 21.742874 0.000000
v -35.706825 21.742874 1.500000
v -35.652374 9.064997 0.000000
v -35.652374 9.064997 1.500000
v -35.649281 -3.647531 0.000000
v -35.649281 -3.647531 1.500000
v -35.627411 -2.893584 0.000000
v -35.627411 -2.893584 1.500000
v -35.604107 -3.681562 0.000000
v -35.604107 -3.681562 1.500000
v -35.593437 23.080303 0.000000
v -35.593437 23.080303 1.500000
v -35.584209 1.701563 0.000000
v -35.584209 1.701563 1.500000
v -35.580193 8.386538 0.000000
v -35.580193 8.386538 1.500000
v -35.578125 -13.303125 0.000000
v -35.578125 -13.303125 1.500000
v -35.578125 8.387156 0.000000
v -35.578125 8.387156 1.500000
v -35.578125 15.468750 0.000000
v -35.578125 15.468750 1.500000
v -35.557171 -14.506594 0.000000
v -35.557171 -14.506594 1.500000
v -35.529049 12.472453 0.000000
v -35.529049 12.472453 1.500000
v -35.504803 -10.328794 0.000000
v -35.504803 -10.328794 1.500000
v -35.501255 -2.942775 0.000000
v -35.501255 -2.942775 1.500000
v -35.494972 4.085916 0.000000
v -35.494972 4.085916 1.500000
v -35.494286 -22.723904 0.000000
v -35.494286 -22.723904 1.500000
v -35.488407 22.104843 0.000000
v -35.488407 22.104843 1.500000
v -35.457836 -22.781446 0.000000
v -35.457836 -22.781446 1.500000
v -35.431110 15.778125 0.000000
v -35.431110 15.778125 1.500000
v -35.429108 2.502534 0.000000
v -35.429108 2.502534 1.500000
v -35.389408 -21.841875 0.000000
v -35.389408 -21.841875 1.500000
v -35.387886 15.869081 0.000000
v -35.387886 15.869081 1.500000
v -35.376724 3.121594 0.000000
v -35.376724 3.121594 1.500000
v -35.367962 -2.994750 0.000000
v -35.367962 -2.994750 1.500000
v -35.356647 1.798087 0.000000
v -35.356647 1.798087 1.500000
v -35.344547 11.309203 0.000000
v -35.344547 11.309203 1.500000
v -35.343307 -4.482844 0.000000
v -35.343307 -4.482844 1.500000
v -35.341137 15.967463 0.000000
v -35.341137 15.967463 1.500000
v -35.314228 12.235472 0.000000
v -35.314228 12.235472 1.500000
v -35.310791 -9.572062 0.000000
v -35.310791 -9.572062 1.500000
v -35.290405 -14.166282 0.000000
v -35.290405 -14.166282 1.500000
v -35.284096 16.087500 0.000000
v -35.284096 16.087500 1.500000
v -35.279270 15.004068 0.000000
v -35.279270 15.004068 1.500000
v -35.259178 3.026616 0.000000
v -35.259178 3.026616 1.500000
v -35.248348 -16.981594 0.000000
v -35.248348 -16.981594 1.500000
v -35.230789 -3.962784 0.000000
v -35.230789 -3.962784 1.500000
v -35.204002 -4.375181 0.000000
v -35.204002 -4.375181 1.500000
v -35.159164 -4.340531 0.000000
v -35.159164 -4.340531 1.500000
v -35.157707 12.071813 0.000000
v -35.157707 12.071813 1.500000
v -35.145969 -17.015625 0.000000
v -35.145969 -17.015625 1.500000
v -35.128284 -17.021503 0.000000
v -35.128284 -17.021503 1.500000
v -35.124889 23.764950 0.000000
v -35.124889 23.764950 1.500000
v -35.122902 -5.197500 0.000000
v -35.122902 -5.197500 1.500000
v -35.114990 -22.283972 0.000000
v -35.114990 -22.283972 1.500000
v -35.114063 -9.621563 0.000000
v -35.114063 -9.621563 1.500000
v -35.114063 -3.093750 0.000000
v -35.114063 -3.093750 1.500000
v -35.097519 -4.292888 0.000000
v -35.097519 -4.292888 1.500000
v -35.095039 23.805168 0.000000
v -35.095039 23.805168 1.500000
v -35.093952 -5.174606 0.000000
v -35.093952 -5.174606 1.500000
v -35.079418 -13.921875 0.000000
v -35.079418 -13.921875 1.500000
v -35.078957 -17.037901 0.000000
v -35.078957 -17.037901 1.500000
v -35.063942 9.171731 0.000000
v -35.063942 9.171731 1.500000
v -35.053116 -10.372725 0.000000
v -35.053116 -10.372725 1.500000
v -35.021870 -16.211559 0.000000
v -35.021870 -16.211559 1.500000
v -35.018147 16.647160 0.000000
v -35.018147 16.647160 1.500000
v -35.005096 1.947206 0.000000
v -35.005096 1.947206 1.500000
v -35.000671 3.721781 0.000000
v -35.000671 3.721781 1.500000
v -34.959373 2.784375 0.000000
v -34.959373 2.784375 1.500000
v -34.950714 -3.140156 0.000000
v -34.950714 -3.140156 1.500000
v -34.946999 -4.176562 0.000000
v -34.946999 -4.176562 1.500000
v -34.933437 -12.616312 0.000000
v -34.933437 -12.616312 1.500000
v -34.913292 -17.092968 0.000000
v -34.913292 -17.092968 1.500000
v -34.908638 -17.094515 0.000000
v -34.908638 -17.094515 1.500000
v -34.882030 10.828125 0.000000
v -34.882030 10.828125 1.500000
v -34.877193 -23.698126 0.000000
v -34.877193 -23.698126 1.500000
v -34.834080 23.080303 0.000000
v -34.834080 23.080303 1.500000
v -34.811150 17.082760 0.000000
v -34.811150 17.082760 1.500000
v -34.806198 11.704275 0.000000
v -34.806198 11.704275 1.500000
v -34.804688 -23.812593 0.000000
v -34.804688 -23.812593 1.500000
v -34.800358 -22.781446 0.000000
v -34.800358 -22.781446 1.500000
v -34.791779 -13.588678 0.000000
v -34.791779 -13.588678 1.500000
v -34.782955 -17.240541 0.000000
v -34.782955 -17.240541 1.500000
v -34.690491 -3.239775 0.000000
v -34.690491 -3.239775 1.500000
v -34.659283 17.402344 0.000000
v -34.659283 17.402344 1.500000
v -34.650002 -4.847906 0.000000
v -34.650002 -4.847906 1.500000
v -34.650002 16.087500 0.000000
v -34.650002 16.087500 1.500000
v -34.640720 22.042969 0.000000
v -34.640720 22.042969 1.500000
v -34.628021 10.518750 0.000000
v -34.628021 10.518750 1.500000
v -34.623375 22.000895 0.000000
v -34.623375 22.000895 1.500000
v -34.619373 -3.267000 0.000000
v -34.619373 -3.267000 1.500000
v -34.591171 22.080713 0.000000
v -34.591171 22.080713 1.500000
v -34.590134 17.557032 0.000000
v -34.590134 17.557032 1.500000
v -34.572655 -10.416656 0.000000
v -34.572655 -10.416656 1.500000
v -34.555279 21.835688 0.000000
v -34.555279 21.835688 1.500000
v -34.547905 9.280322 0.000000
v -34.547905 9.280322 1.500000
v -34.545265 -13.303125 0.000000
v -34.545265 -13.303125 1.500000
v -34.532127 -17.531971 0.000000
v -34.532127 -17.531971 1.500000
v -34.531563 21.778143 0.000000
v -34.531563 21.778143 1.500000
v -34.524986 -24.216637 0.000000
v -34.524986 -24.216637 1.500000
v -34.522537 22.132998 0.000000
v -34.522537 22.132998 1.500000
v -34.521488 21.753704 0.000000
v -34.521488 21.753704 1.500000
v -34.520088 24.579844 0.000000
v -34.520088 24.579844 1.500000
v -34.515423 15.967463 0.000000
v -34.515423 15.967463 1.500000
v -34.501869 -17.584257 0.000000
v -34.501869 -17.584257 1.500000
v -34.498405 21.697706 0.000000
v -34.498405 21.697706 1.500000
v -34.489124 -12.142969 0.000000
v -34.489124 -12.142969 1.500000
v -34.473438 21.656250 0.000000
v -34.473438 21.656250 1.500000
v -34.468548 22.145063 0.000000
v -34.468548 22.145063 1.500000
v -34.458187 16.647160 0.000000
v -34.458187 16.647160 1.500000
v -34.428356 11.309203 0.000000
v -34.428356 11.309203 1.500000
v -34.349907 21.451134 0.000000
v -34.349907 21.451134 1.500000
v -34.332581 23.805168 0.000000
v -34.332581 23.805168 1.500000
v -34.301643 18.202387 0.000000
v -34.301643 18.202387 1.500000
v -34.250595 17.082760 0.000000
v -34.250595 17.082760 1.500000
v -34.226524 -3.434062 0.000000
v -34.226524 -3.434062 1.500000
v -34.224224 18.398531 0.000000
v -34.224224 18.398531 1.500000
v -34.214409 -11.837616 0.000000
v -34.214409 -11.837616 1.500000
v -34.204498 -23.698126 0.000000
v -34.204498 -23.698126 1.500000
v -34.193054 22.206629 0.000000
v -34.193054 22.206629 1.500000
v -34.185936 3.121594 0.000000
v -34.185936 3.121594 1.500000
v -34.185936 15.140813 0.000000
v -34.185936 15.140813 1.500000
v -34.170467 21.192188 0.000000
v -34.170467 21.192188 1.500000
v -34.149433 15.869081 0.000000
v -34.149433 15.869081 1.500000
v -34.131180 9.913612 0.000000
v -34.131180 9.913612 1.500000
v -34.125484 2.320312 0.000000
v -34.125484 2.320312 1.500000
v -34.116035 18.672638 0.000000
v -34.116035 18.672638 1.500000
v -34.114780 -18.253124 0.000000
v -34.114780 -18.253124 1.500000
v -34.079861 17.402344 0.000000
v -34.079861 17.402344 1.500000
v -34.067921 18.794531 0.000000
v -34.067921 18.794531 1.500000
v -34.067448 -11.674266 0.000000
v -34.067448 -11.674266 1.500000
v -34.067448 8.800172 0.000000
v -34.067448 8.800172 1.500000
v -34.045219 8.805431 0.000000
v -34.045219 8.805431 1.500000
v -34.040531 -17.092968 0.000000
v -34.040531 -17.092968 1.500000
v -34.039860 -17.094515 0.000000
v -34.039860 -17.094515 1.500000
v -34.013306 -4.482844 0.000000
v -34.013306 -4.482844 1.500000
v -34.006500 18.950148 0.000000
v -34.006500 18.950148 1.500000
v -34.005413 -24.967182 0.000000
v -34.005413 -24.967182 1.500000
v -33.997219 17.557032 0.000000
v -33.997219 17.557032 1.500000
v -33.976490 -17.240541 0.000000
v -33.976490 -17.240541 1.500000
v -33.968258 10.828125 0.000000
v -33.968258 10.828125 1.500000
v -33.964340 9.618778 0.000000
v -33.964340 9.618778 1.500000
v -33.955761 9.603619 0.000000
v -33.955761 9.603619 1.500000
v -33.953907 9.451715 0.000000
v -33.953907 9.451715 1.500000
v -33.952358 -12.616312 0.000000
v -33.952358 -12.616312 1.500000
v -33.943031 19.176609 0.000000
v -33.943031 19.176609 1.500000
v -33.893295 -18.658405 0.000000
v -33.893295 -18.658405 1.500000
v -33.849957 20.573437 0.000000
v -33.849957 20.573437 1.500000
v -33.835415 -24.216637 0.000000
v -33.835415 -24.216637 1.500000
v -33.827950 20.496094 0.000000
v -33.827950 20.496094 1.500000
v -33.822514 -17.531971 0.000000
v -33.822514 -17.531971 1.500000
v -33.794888 -17.584257 0.000000
v -33.794888 -17.584257 1.500000
v -33.789936 24.579844 0.000000
v -33.789936 24.579844 1.500000
v -33.756214 20.243954 0.000000
v -33.756214 20.243954 1.500000
v -33.751575 -10.556803 0.000000
v -33.751575 -10.556803 1.500000
v -33.748482 -4.375181 0.000000
v -33.748482 -4.375181 1.500000
v -33.737022 19.911684 0.000000
v -33.737022 19.911684 1.500000
v -33.724968 19.954687 0.000000
v -33.724968 19.954687 1.500000
v -33.724556 -3.647531 0.000000
v -33.724556 -3.647531 1.500000
v -33.722492 -11.255372 0.000000
v -33.722492 -11.255372 1.500000
v -33.721874 21.656250 0.000000
v -33.721874 21.656250 1.500000
v -33.695889 2.502534 0.000000
v -33.695889 2.502534 1.500000
v -33.679653 -11.187000 0.000000
v -33.679653 -11.187000 1.500000
v -33.672375 10.518750 0.000000
v -33.672375 10.518750 1.500000
v -33.644531 -3.681562 0.000000
v -33.644531 -3.681562 1.500000
v -33.616886 18.202387 0.000000
v -33.616886 18.202387 1.500000
v -33.587952 -19.217138 0.000000
v -33.587952 -19.217138 1.500000
v -33.567188 -4.340531 0.000000
v -33.567188 -4.340531 1.500000
v -33.567188 25.863750 0.000000
v -33.567188 25.863750 1.500000
v -33.536560 8.925778 0.000000
v -33.536560 8.925778 1.500000
v -33.533157 -17.037901 0.000000
v -33.533157 -17.037901 1.500000
v -33.530167 -12.142969 0.000000
v -33.530167 -12.142969 1.500000
v -33.507786 21.192188 0.000000
v -33.507786 21.192188 1.500000
v -33.501289 18.398531 0.000000
v -33.501289 18.398531 1.500000
v -33.500053 -10.652709 0.000000
v -33.500053 -10.652709 1.500000
v -33.465714 -19.440815 0.000000
v -33.465714 -19.440815 1.500000
v -33.443436 -25.778982 0.000000
v -33.443436 -25.778982 1.500000
v -33.418072 -18.253124 0.000000
v -33.418072 -18.253124 1.500000
v -33.412498 -23.203125 0.000000
v -33.412498 -23.203125 1.500000
v -33.409348 8.946815 0.000000
v -33.409348 8.946815 1.500000
v -33.406311 -10.750781 0.000000
v -33.406311 -10.750781 1.500000
v -33.398552 -23.210859 0.000000
v -33.398552 -23.210859 1.500000
v -33.393517 -23.102577 0.000000
v -33.393517 -23.102577 1.500000
v -33.375996 -23.009766 0.000000
v -33.375996 -23.009766 1.500000
v -33.370323 -22.992750 0.000000
v -33.370323 -22.992750 1.500000
v -33.352592 -19.636650 0.000000
v -33.352592 -19.636650 1.500000
v -33.325977 -22.859718 0.000000
v -33.325977 -22.859718 1.500000
v -33.324638 -22.855698 0.000000
v -33.324638 -22.855698 1.500000
v -33.322781 18.672638 0.000000
v -33.322781 18.672638 1.500000
v -33.321854 -22.847343 0.000000
v -33.321854 -22.847343 1.500000
v -33.285759 -22.739063 0.000000
v -33.285759 -22.739063 1.500000
v -33.276684 -22.711838 0.000000
v -33.276684 -22.711838 1.500000
v -33.275139 -24.967182 0.000000
v -33.275139 -24.967182 1.500000
v -33.257812 -11.837616 0.000000
v -33.257812 -11.837616 1.500000
v -33.257812 8.971875 0.000000
v -33.257812 8.971875 1.500000
v -33.223782 18.794531 0.000000
v -33.223782 18.794531 1.500000
v -33.222336 20.573437 0.000000
v -33.222336 20.573437 1.500000
v -33.202839 -19.895906 0.000000
v -33.202839 -19.895906 1.500000
v -33.189751 -18.658405 0.000000
v -33.189751 -18.658405 1.500000
v -33.186657 20.496094 0.000000
v -33.186657 20.496094 1.500000
v -33.165310 -19.960875 0.000000
v -33.165310 -19.960875 1.500000
v -33.137589 3.458812 0.000000
v -33.137589 3.458812 1.500000
v -33.121998 -4.476038 0.000000
v -33.121998 -4.476038 1.500000
v -33.107899 -11.674266 0.000000
v -33.107899 -11.674266 1.500000
v -33.105629 -23.373281 0.000000
v -33.105629 -23.373281 1.500000
v -33.103127 22.275000 0.000000
v -33.103127 22.275000 1.500000
v -33.059853 20.243954 0.000000
v -33.059853 20.243954 1.500000
v -33.039570 9.913612 0.000000
v -33.039570 9.913612 1.500000
v -33.026402 -23.417213 0.000000
v -33.026402 -23.417213 1.500000
v -32.990204 -17.021503 0.000000
v -32.990204 -17.021503 1.500000
v -32.975819 26.576550 0.000000
v -32.975819 26.576550 1.500000
v -32.948437 -21.965626 0.000000
v -32.948437 -21.965626 1.500000
v -32.948437 15.778125 0.000000
v -32.948437 15.778125 1.500000
v -32.932968 -20.341406 0.000000
v -32.932968 -20.341406 1.500000
v -32.925068 2.784375 0.000000
v -32.925068 2.784375 1.500000
v -32.914375 19.954687 0.000000
v -32.914375 19.954687 1.500000
v -32.913788 -3.962784 0.000000
v -32.913788 -3.962784 1.500000
v -32.892750 19.911684 0.000000
v -32.892750 19.911684 1.500000
v -32.866142 18.439987 0.000000
v -32.866142 18.439987 1.500000
v -32.839230 -19.217138 0.000000
v -32.839230 -19.217138 1.500000
v -32.819736 -26.624193 0.000000
v -32.819736 -26.624193 1.500000
v -32.809528 -4.616494 0.000000
v -32.809528 -4.616494 1.500000
v -32.731255 9.618778 0.000000
v -32.731255 9.618778 1.500000
v -32.723465 -11.255372 0.000000
v -32.723465 -11.255372 1.500000
v -32.719501 -22.739063 0.000000
v -32.719501 -22.739063 1.500000
v -32.719501 -21.454227 0.000000
v -32.719501 -21.454227 1.500000
v -32.714088 9.603619 0.000000
v -32.714088 9.603619 1.500000
v -32.711575 -26.760937 0.000000
v -32.711575 -26.760937 1.500000
v -32.675568 8.656931 0.000000
v -32.675568 8.656931 1.500000
v -32.670155 8.652909 0.000000
v -32.670155 8.652909 1.500000
v -32.660717 -11.187000 0.000000
v -32.660717 -11.187000 1.500000
v -32.656815 -21.037500 0.000000
v -32.656815 -21.037500 1.500000
v -32.651127 26.967909 0.000000
v -32.651127 26.967909 1.500000
v -32.641228 -21.076790 0.000000
v -32.641228 -21.076790 1.500000
v -32.639061 -10.209375 0.000000
v -32.639061 -10.209375 1.500000
v -32.608433 -23.478779 0.000000
v -32.608433 -23.478779 1.500000
v -32.545013 18.013668 0.000000
v -32.545013 18.013668 1.500000
v -32.542042 9.451715 0.000000
v -32.542042 9.451715 1.500000
v -32.521809 -19.636650 0.000000
v -32.521809 -19.636650 1.500000
v -32.503555 22.293562 0.000000
v -32.503555 22.293562 1.500000
v -32.487469 19.176609 0.000000
v -32.487469 19.176609 1.500000
v -32.484375 -4.786031 0.000000
v -32.484375 -4.786031 1.500000
v -32.407032 21.609844 0.000000
v -32.407032 21.609844 1.500000
v -32.350727 18.950148 0.000000
v -32.350727 18.950148 1.500000
v -32.347919 9.280322 0.000000
v -32.347919 9.280322 1.500000
v -32.342064 -27.228094 0.000000
v -32.342064 -27.228094 1.500000
v -32.329689 -17.015625 0.000000
v -32.329689 -17.015625 1.500000
v -32.329689 3.718688 0.000000
v -32.329689 3.718688 1.500000
v -32.288231 15.790191 0.000000
v -32.288231 15.790191 1.500000
v -32.282188 17.634375 0.000000
v -32.282188 17.634375 1.500000
v -32.262554 3.026616 0.000000
v -32.262554 3.026616 1.500000
v -32.256767 18.794531 0.000000
v -32.256767 18.794531 1.500000
v -32.255623 -4.176562 0.000000
v -32.255623 -4.176562 1.500000
v -32.224926 9.171731 0.000000
v -32.224926 9.171731 1.500000
v -32.215839 8.315381 0.000000
v -32.215839 8.315381 1.500000
v -32.207870 -9.814303 0.000000
v -32.207870 -9.814303 1.500000
v -32.205330 -10.750781 0.000000
v -32.205330 -10.750781 1.500000
v -32.197586 26.576550 0.000000
v -32.197586 26.576550 1.500000
v -32.174999 17.479687 0.000000
v -32.174999 17.479687 1.500000
v -32.125500 -19.895906 0.000000
v -32.125500 -19.895906 1.500000
v -32.104038 9.064997 0.000000
v -32.104038 9.064997 1.500000
v -32.102947 -10.652709 0.000000
v -32.102947 -10.652709 1.500000
v -32.097656 -23.497032 0.000000
v -32.097656 -23.497032 1.500000
v -32.084091 -21.454227 0.000000
v -32.084091 -21.454227 1.500000
v -32.069813 -16.356657 0.000000
v -32.069813 -16.356657 1.500000
v -32.056896 -4.934531 0.000000
v -32.056896 -4.934531 1.500000
v -32.048157 -9.667969 0.000000
v -32.048157 -9.667969 1.500000
v -32.042686 18.439987 0.000000
v -32.042686 18.439987 1.500000
v -32.014435 22.343681 0.000000
v -32.014435 22.343681 1.500000
v -32.002827 -10.556803 0.000000
v -32.002827 -10.556803 1.500000
v -31.998569 8.971875 0.000000
v -31.998569 8.971875 1.500000
v -31.995872 -19.706259 0.000000
v -31.995872 -19.706259 1.500000
v -31.991100 27.708553 0.000000
v -31.991100 27.708553 1.500000
v -31.971363 3.121594 0.000000
v -31.971363 3.121594 1.500000
v -31.901955 -27.699272 0.000000
v -31.901955 -27.699272 1.500000
v -31.901821 15.355209 0.000000
v -31.901821 15.355209 1.500000
v -31.897491 -4.292888 0.000000
v -31.897491 -4.292888 1.500000
v -31.897430 -21.076790 0.000000
v -31.897430 -21.076790 1.500000
v -31.884188 -26.760937 0.000000
v -31.884188 -26.760937 1.500000
v -31.880281 -19.518778 0.000000
v -31.880281 -19.518778 1.500000
v -31.878000 -21.037500 0.000000
v -31.878000 -21.037500 1.500000
v -31.856520 -10.416656 0.000000
v -31.856520 -10.416656 1.500000
v -31.824186 -23.537868 0.000000
v -31.824186 -23.537868 1.500000
v -31.792921 -19.377085 0.000000
v -31.792921 -19.377085 1.500000
v -31.785273 18.013668 0.000000
v -31.785273 18.013668 1.500000
v -31.755178 -9.399740 0.000000
v -31.755178 -9.399740 1.500000
v -31.751156 -22.847343 0.000000
v -31.751156 -22.847343 1.500000
v -31.747135 15.822985 0.000000
v -31.747135 15.822985 1.500000
v -31.722836 -4.340531 0.000000
v -31.722836 -4.340531 1.500000
v -31.710938 7.898344 0.000000
v -31.710938 7.898344 1.500000
v -31.695034 -10.261969 0.000000
v -31.695034 -10.261969 1.500000
v -31.641861 8.656931 0.000000
v -31.641861 8.656931 1.500000
v -31.640129 -10.209375 0.000000
v -31.640129 -10.209375 1.500000
v -31.637306 8.652909 0.000000
v -31.637306 8.652909 1.500000
v -31.568624 22.507030 0.000000
v -31.568624 22.507030 1.500000
v -31.556250 17.634375 0.000000
v -31.556250 17.634375 1.500000
v -31.529024 28.227066 0.000000
v -31.529024 28.227066 1.500000
v -31.523218 -20.341406 0.000000
v -31.523218 -20.341406 1.500000
v -31.519434 16.450087 0.000000
v -31.519434 16.450087 1.500000
v -31.499016 3.977016 0.000000
v -31.499016 3.977016 1.500000
v -31.474266 22.725142 0.000000
v -31.474266 22.725142 1.500000
v -31.462355 -18.808453 0.000000
v -31.462355 -18.808453 1.500000
v -31.456406 17.479687 0.000000
v -31.456406 17.479687 1.500000
v -31.394756 -9.069637 0.000000
v -31.394756 -9.069637 1.500000
v -31.392736 -9.067781 0.000000
v -31.392729 -9.067781 0.000000
v -31.392729 -9.067781 1.500000
v -31.341524 22.937063 0.000000
v -31.341524 22.937063 1.500000
v -31.324837 -5.188838 0.000000
v -31.324837 -5.188838 1.500000
v -31.319887 16.102041 0.000000
v -31.319887 16.102041 1.500000
v -31.296158 -19.895906 0.000000
v -31.296158 -19.895906 1.500000
v -31.282887 -8.966805 1.500000
v -31.274410 -18.485157 0.000000
v -31.274410 -18.485157 1.500000
v -31.246876 15.932813 0.000000
v -31.246876 15.932813 1.500000
v -31.227694 -9.814303 0.000000
v -31.227694 -9.814303 1.500000
v -31.226088 -4.476038 0.000000
v -31.226088 -4.476038 1.500000
v -31.210485 8.315381 0.000000
v -31.210485 8.315381 1.500000
v -31.209749 23.147438 0.000000
v -31.209749 23.147438 1.500000
v -31.206656 -22.855698 0.000000
v -31.206656 -22.855698 1.500000
v -31.205420 21.544874 0.000000
v -31.205420 21.544874 1.500000
v -31.203253 27.708553 0.000000
v -31.203253 27.708553 1.500000
v -31.199499 -19.706259 0.000000
v -31.199499 -19.706259 1.500000
v -31.185225 -22.854151 0.000000
v -31.185225 -22.854151 1.500000
v -31.181425 4.070756 0.000000
v -31.181425 4.070756 1.500000
v -31.148455 -18.253124 0.000000
v -31.148455 -18.253124 1.500000
v -31.128384 -17.061413 0.000000
v -31.128384 -17.061413 1.500000
v -31.109203 -27.699272 0.000000
v -31.109203 -27.699272 1.500000
v -31.103943 -19.518778 0.000000
v -31.103943 -19.518778 1.500000
v -31.028776 -19.377085 0.000000
v -31.028776 -19.377085 1.500000
v -31.023891 28.747126 0.000000
v -31.023891 28.747126 1.500000
v -31.023506 -18.022949 0.000000
v -31.023506 -18.022949 1.500000
v -31.010468 -28.653694 0.000000
v -31.010468 -28.653694 1.500000
v -30.961632 -28.705978 0.000000
v -30.961632 -28.705978 1.500000
v -30.959465 15.409968 0.000000
v -30.959465 15.409968 1.500000
v -30.937500 3.458812 0.000000
v -30.937500 3.458812 1.500000
v -30.937500 22.275000 0.000000
v -30.937500 22.275000 1.500000
v -30.926657 22.293562 0.000000
v -30.926657 22.293562 1.500000
v -30.897383 22.343681 0.000000
v -30.897383 22.343681 1.500000
v -30.886694 23.594484 0.000000
v -30.886694 23.594484 1.500000
v -30.848400 -23.683584 0.000000
v -30.848400 -23.683584 1.500000
v -30.817772 -17.621073 0.000000
v -30.817772 -17.621073 1.500000
v -30.801968 22.507030 0.000000
v -30.801968 22.507030 1.500000
v -30.791845 16.450087 0.000000
v -30.791845 16.450087 1.500000
v -30.762394 -17.110603 0.000000
v -30.762394 -17.110603 1.500000
v -30.750938 -9.399740 0.000000
v -30.750938 -9.399740 1.500000
v -30.744307 -17.118647 0.000000
v -30.744307 -17.118647 1.500000
v -30.727125 -18.808453 0.000000
v -30.727125 -18.808453 1.500000
v -30.723412 7.046944 0.000000
v -30.723412 7.046944 1.500000
v -30.711195 -4.616494 0.000000
v -30.711195 -4.616494 1.500000
v -30.697502 -17.335209 0.000000
v -30.697502 -17.335209 1.500000
v -30.683123 7.898344 0.000000
v -30.683123 7.898344 1.500000
v -30.669123 -8.402625 0.000000
v -30.669123 -8.402625 1.500000
v -30.655659 -8.390250 0.000000
v -30.655659 -8.390250 1.500000
v -30.655331 6.988781 0.000000
v -30.655331 6.988781 1.500000
v -30.633614 23.944696 0.000000
v -30.633614 23.944696 1.500000
v -30.628124 -17.170313 0.000000
v -30.628124 -17.170313 1.500000
v -30.627815 21.499397 0.000000
v -30.627815 21.499397 1.500000
v -30.610182 4.239366 0.000000
v -30.610182 4.239366 1.500000
v -30.571301 4.249885 0.000000
v -30.571301 4.249885 1.500000
v -30.570145 -23.894888 0.000000
v -30.570145 -23.894888 1.500000
v -30.567198 16.102041 0.000000
v -30.567198 16.102041 1.500000
v -30.550781 22.145063 0.000000
v -30.550781 22.145063 1.500000
v -30.550781 22.937063 0.000000
v -30.550781 22.937063 1.500000
v -30.548635 -18.485157 0.000000
v -30.548635 -18.485157 1.500000
v -30.494165 -5.387147 0.000000
v -30.494165 -5.387147 1.500000
v -30.457970 15.932813 0.000000
v -30.457970 15.932813 1.500000
v -30.439405 -22.800320 0.000000
v -30.439405 -22.800320 1.500000
v -30.420534 -18.253124 0.000000
v -30.420534 -18.253124 1.500000
v -30.411610 24.251905 0.000000
v -30.411610 24.251905 1.500000
v -30.386812 -24.034105 0.000000
v -30.386812 -24.034105 1.500000
v -30.369179 -9.067781 0.000000
v -30.369179 -9.067781 1.500000
v -30.362030 4.306500 0.000000
v -30.362030 4.306500 1.500000
v -30.334837 6.714984 0.000000
v -30.334837 6.714984 1.500000
v -30.331125 24.363281 0.000000
v -30.331125 24.363281 1.500000
v -30.318750 15.416156 0.000000
v -30.318750 15.416156 1.500000
v -30.296474 22.080713 0.000000
v -30.296474 22.080713 1.500000
v -30.268013 -28.653694 0.000000
v -30.268013 -28.653694 1.500000
v -30.251307 -8.041894 0.000000
v -30.251307 -8.041894 1.500000
v -30.232124 28.747126 0.000000
v -30.232124 28.747126 1.500000
v -30.230623 -18.022949 0.000000
v -30.230623 -18.022949 1.500000
v -30.164062 21.452063 0.000000
v -30.164062 21.452063 1.500000
v -30.086720 6.506156 0.000000
v -30.086720 6.506156 1.500000
v -30.081150 23.594484 0.000000
v -30.081150 23.594484 1.500000
v -30.028866 -16.383572 0.000000
v -30.028866 -16.383572 1.500000
v -30.020437 -22.739063 0.000000
v -30.020437 -22.739063 1.500000
v -30.009375 -23.373281 0.000000
v -30.009375 -23.373281 1.500000
v -29.982159 -23.497032 0.000000
v -29.982159 -23.497032 1.500000
v -29.974726 -29.712994 0.000000
v -29.974726 -29.712994 1.500000
v -29.973179 -23.537868 0.000000
v -29.973179 -23.537868 1.500000
v -29.914499 24.904688 0.000000
v -29.914499 24.904688 1.500000
v -29.899042 -17.621073 0.000000
v -29.899042 -17.621073 1.500000
v -29.891193 22.000895 0.000000
v -29.891193 22.000895 1.500000
v -29.887188 -23.683584 0.000000
v -29.887188 -23.683584 1.500000
v -29.854687 -24.647905 0.000000
v -29.854687 -24.647905 1.500000
v -29.804377 6.306919 0.000000
v -29.804377 6.306919 1.500000
v -29.785696 23.944696 0.000000
v -29.785696 23.944696 1.500000
v -29.762493 -23.894888 0.000000
v -29.762493 -23.894888 1.500000
v -29.744240 -7.634138 0.000000
v -29.744240 -7.634138 1.500000
v -29.705877 28.230469 0.000000
v -29.705877 28.230469 1.500000
v -29.681997 28.106718 0.000000
v -29.681997 28.106718 1.500000
v -29.663185 -17.335209 0.000000
v -29.663185 -17.335209 1.500000
v -29.659781 -0.657731 0.000000
v -29.659781 -0.657731 1.500000
v -29.658419 -24.034105 0.000000
v -29.658419 -24.034105 1.500000
v -29.622890 27.800438 0.000000
v -29.622890 27.800438 1.500000
v -29.622656 -5.550188 0.000000
v -29.622656 -5.550188 1.500000
v -29.617397 27.771975 0.000000
v -29.617397 27.771975 1.500000
v -29.587696 28.306265 0.000000
v -29.587696 28.306265 1.500000
v -29.582270 27.640800 0.000000
v -29.582270 27.640800 1.500000
v -29.576141 -24.975843 0.000000
v -29.576141 -24.975843 1.500000
v -29.551500 -8.402625 0.000000
v -29.551500 -8.402625 1.500000
v -29.550797 -0.464063 0.000000
v -29.550797 -0.464063 1.500000
v -29.545313 -4.934531 0.000000
v -29.545313 -4.934531 1.500000
v -29.532938 6.988781 0.000000
v -29.532938 6.988781 1.500000
v -29.522305 -30.164062 0.000000
v -29.522305 -30.164062 1.500000
v -29.518396 27.402271 0.000000
v -29.518396 27.402271 1.500000
v -29.518087 6.104897 0.000000
v -29.518087 6.104897 1.500000
v -29.509735 -0.880172 0.000000
v -29.509735 -0.880172 1.500000
v -29.504074 -0.884812 0.000000
v -29.504074 -0.884812 1.500000
v -29.495813 24.251905 0.000000
v -29.495813 24.251905 1.500000
v -29.450298 27.173025 0.000000
v -29.450298 27.173025 1.500000
v -29.421871 -23.210859 0.000000
v -29.421871 -23.210859 1.500000
v -29.396812 26.992970 0.000000
v -29.396812 26.992970 1.500000
v -29.390625 -0.179438 0.000000
v -29.390625 -0.179438 1.500000
v -29.378839 25.600780 0.000000
v -29.378839 25.600780 1.500000
v -29.334167 -5.599688 0.000000
v -29.334167 -5.599688 1.500000
v -29.287163 -7.293825 0.000000
v -29.287163 -7.293825 1.500000
v -29.277090 -17.170313 0.000000
v -29.277090 -17.170313 1.500000
v -29.269968 28.341845 0.000000
v -29.269968 28.341845 1.500000
v -29.262533 -1.082813 0.000000
v -29.262533 -1.082813 1.500000
v -29.236866 15.351188 0.000000
v -29.236866 15.351188 1.500000
v -29.235937 30.587906 0.000000
v -29.235937 30.587906 1.500000
v -29.213352 21.327694 0.000000
v -29.213352 21.327694 1.500000
v -29.206669 21.326765 0.000000
v -29.206669 21.326765 1.500000
v -29.199562 -24.647905 0.000000
v -29.199562 -24.647905 1.500000
v -29.156118 -17.118647 0.000000
v -29.156118 -17.118647 1.500000
v -29.149313 -1.175625 0.000000
v -29.149313 -1.175625 1.500000
v -29.115591 5.845950 0.000000
v -29.115591 5.845950 1.500000
v -29.113775 -17.110603 0.000000
v -29.113775 -17.110603 1.500000
v -29.113024 15.822985 0.000000
v -29.113024 15.822985 1.500000
v -29.081249 4.653000 0.000000
v -29.081249 4.653000 1.500000
v -29.081249 25.987499 0.000000
v -29.081249 25.987499 1.500000
v -29.017210 -25.633884 0.000000
v -29.017210 -25.633884 1.500000
v -29.003597 0.107972 0.000000
v -29.003597 0.107972 1.500000
v -28.983898 30.820866 0.000000
v -28.983898 30.820866 1.500000
v -28.954407 -24.975843 0.000000
v -28.954407 -24.975843 1.500000
v -28.938938 -30.745687 0.000000
v -28.938938 -30.745687 1.500000
v -28.905827 -1.314844 0.000000
v -28.905827 -1.314844 1.500000
v -28.877062 27.640800 0.000000
v -28.877062 27.640800 1.500000
v -28.869947 -23.102577 0.000000
v -28.869947 -23.102577 1.500000
v -28.854832 -17.061413 0.000000
v -28.854832 -17.061413 1.500000
v -28.849218 21.835688 0.000000
v -28.849218 21.835688 1.500000
v -28.849218 27.800438 0.000000
v -28.849218 27.800438 1.500000
v -28.836843 -0.464063 0.000000
v -28.836843 -0.464063 1.500000
v -28.824469 24.904688 0.000000
v -28.824469 24.904688 1.500000
v -28.793531 -30.164062 0.000000
v -28.793531 -30.164062 1.500000
v -28.782703 27.173025 0.000000
v -28.782703 27.173025 1.500000
v -28.738668 -6.885450 0.000000
v -28.738668 -6.885450 1.500000
v -28.711435 15.790191 0.000000
v -28.711435 15.790191 1.500000
v -28.699697 24.619753 0.000000
v -28.699697 24.619753 1.500000
v -28.694530 5.587313 0.000000
v -28.694530 5.587313 1.500000
v -28.694221 21.255610 0.000000
v -28.694221 21.255610 1.500000
v -28.682156 -6.843375 0.000000
v -28.682156 -6.843375 1.500000
v -28.670567 5.573081 0.000000
v -28.670567 5.573081 1.500000
v -28.659573 15.305710 0.000000
v -28.659573 15.305710 1.500000
v -28.654886 27.766407 0.000000
v -28.654886 27.766407 1.500000
v -28.645031 -22.537970 0.000000
v -28.645031 -22.537970 1.500000
v -28.635750 4.070756 0.000000
v -28.635750 4.070756 1.500000
v -28.621210 -26.058966 0.000000
v -28.621210 -26.058966 1.500000
v -28.613800 -17.015625 0.000000
v -28.613800 -17.015625 1.500000
v -28.563681 15.778125 0.000000
v -28.563681 15.778125 1.500000
v -28.501171 6.306919 0.000000
v -28.501171 6.306919 1.500000
v -28.458788 27.732065 0.000000
v -28.458788 27.732065 1.500000
v -28.434656 -16.981594 0.000000
v -28.434656 -16.981594 1.500000
v -28.417622 25.987499 0.000000
v -28.417622 25.987499 1.500000
v -28.410067 -6.651563 0.000000
v -28.410067 -6.651563 1.500000
v -28.366594 -29.613375 0.000000
v -28.366594 -29.613375 1.500000
v -28.361025 -29.483128 0.000000
v -28.361025 -29.483128 1.500000
v -28.340918 -29.381344 0.000000
v -28.340918 -29.381344 1.500000
v -28.338131 21.778143 0.000000
v -28.338131 21.778143 1.500000
v -28.320187 -16.329123 0.000000
v -28.320187 -16.329123 1.500000
v -28.307812 -26.364937 0.000000
v -28.307812 -26.364937 1.500000
v -28.301006 -29.179321 0.000000
v -28.301006 -29.179321 1.500000
v -28.298939 -29.171278 0.000000
v -28.298939 -29.171278 1.500000
v -28.298531 25.600780 0.000000
v -28.298531 25.600780 1.500000
v -28.291416 0.544500 0.000000
v -28.291416 0.544500 1.500000
v -28.282566 -29.107548 0.000000
v -28.282566 -29.107548 1.500000
v -28.276604 -29.084343 0.000000
v -28.276604 -29.084343 1.500000
v -28.261406 -0.884812 0.000000
v -28.261406 -0.884812 1.500000
v -28.256157 23.606859 0.000000
v -28.256157 23.606859 1.500000
v -28.236065 -28.926563 0.000000
v -28.236065 -28.926563 1.500000
v -28.230469 21.189095 0.000000
v -28.230469 21.189095 1.500000
v -28.230469 28.286156 0.000000
v -28.230469 28.286156 1.500000
v -28.227066 -6.522553 0.000000
v -28.227066 -6.522553 1.500000
v -28.224281 -22.992750 0.000000
v -28.224281 -22.992750 1.500000
v -28.210482 -26.451563 0.000000
v -28.210482 -26.451563 1.500000
v -28.210360 -30.694950 0.000000
v -28.210360 -30.694950 1.500000
v -28.180969 23.435156 0.000000
v -28.180969 23.435156 1.500000
v -28.173191 -28.681847 0.000000
v -28.173191 -28.681847 1.500000
v -28.163025 27.680090 0.000000
v -28.163025 27.680090 1.500000
v -28.156578 -28.617188 0.000000
v -28.156578 -28.617188 1.500000
v -28.153126 15.258375 0.000000
v -28.153126 15.258375 1.500000
v -28.151365 -5.802638 0.000000
v -28.151365 -5.802638 1.500000
v -28.146938 15.744094 0.000000
v -28.146938 15.744094 1.500000
v -28.144154 -5.803875 0.000000
v -28.144154 -5.803875 1.500000
v -28.143621 27.676687 0.000000
v -28.143621 27.676687 1.500000
v -28.129921 -1.758487 0.000000
v -28.129921 -1.758487 1.500000
v -28.119638 -1.763438 0.000000
v -28.119638 -1.763438 1.500000
v -28.109194 30.820866 0.000000
v -28.109194 30.820866 1.500000
v -28.103935 31.634212 0.000000
v -28.103935 31.634212 1.500000
v -28.098057 -7.293825 0.000000
v -28.098057 -7.293825 1.500000
v -28.081165 0.658969 0.000000
v -28.081165 0.658969 1.500000
v -28.057219 -28.230469 0.000000
v -28.057219 -28.230469 1.500000
v -28.047401 24.904688 0.000000
v -28.047401 24.904688 1.500000
v -28.008028 -29.573774 0.000000
v -28.008028 -29.573774 1.500000
v -27.953579 -1.082813 0.000000
v -27.953579 -1.082813 1.500000
v -27.944607 24.619753 0.000000
v -27.944607 24.619753 1.500000
v -27.920166 21.753704 0.000000
v -27.920166 21.753704 1.500000
v -27.910860 31.804060 0.000000
v -27.910860 31.804060 1.500000
v -27.857054 -6.248447 0.000000
v -27.857054 -6.248447 1.500000
v -27.843750 27.624094 0.000000
v -27.843750 27.624094 1.500000
v -27.765720 27.603056 0.000000
v -27.765720 27.603056 1.500000
v -27.758341 -6.162131 0.000000
v -27.758341 -6.162131 1.500000
v -27.758053 4.249885 0.000000
v -27.758053 4.249885 1.500000
v -27.747845 -26.451563 0.000000
v -27.747845 -26.451563 1.500000
v -27.724022 22.351725 0.000000
v -27.724022 22.351725 1.500000
v -27.719999 -28.617188 0.000000
v -27.719999 -28.617188 1.500000
v -27.691229 -5.898853 0.000000
v -27.691229 -5.898853 1.500000
v -27.689062 -26.915625 0.000000
v -27.689062 -26.915625 1.500000
v -27.689062 4.990219 0.000000
v -27.689062 4.990219 1.500000
v -27.651320 -22.312435 0.000000
v -27.651320 -22.312435 1.500000
v -27.650700 -29.493029 0.000000
v -27.650700 -29.493029 1.500000
v -27.637087 -31.225838 0.000000
v -27.637087 -31.225838 1.500000
v -27.585112 21.986662 0.000000
v -27.585112 21.986662 1.500000
v -27.579039 21.965626 0.000000
v -27.579039 21.965626 1.500000
v -27.571190 -28.681847 0.000000
v -27.571190 -28.681847 1.500000
v -27.559435 23.606859 0.000000
v -27.559435 23.606859 1.500000
v -27.539635 -6.885450 0.000000
v -27.539635 -6.885450 1.500000
v -27.539326 -1.314844 0.000000
v -27.539326 -1.314844 1.500000
v -27.534374 21.810938 0.000000
v -27.534374 21.810938 1.500000
v -27.521999 -5.955469 0.000000
v -27.521999 -5.955469 1.500000
v -27.510975 27.534374 0.000000
v -27.510975 27.534374 1.500000
v -27.510359 -32.041969 0.000000
v -27.510359 -32.041969 1.500000
v -27.488195 23.435156 0.000000
v -27.488195 23.435156 1.500000
v -27.485495 -27.853340 0.000000
v -27.485495 -27.853340 1.500000
v -27.415884 -2.102203 0.000000
v -27.415884 -2.102203 1.500000
v -27.289968 -27.196537 0.000000
v -27.289968 -27.196537 1.500000
v -27.284710 5.573081 0.000000
v -27.284710 5.573081 1.500000
v -27.225000 -29.381344 0.000000
v -27.225000 -29.381344 1.500000
v -27.225000 4.306500 0.000000
v -27.225000 4.306500 1.500000
v -27.211132 4.303406 0.000000
v -27.211132 4.303406 1.500000
v -27.207142 -26.915625 0.000000
v -27.207142 -26.915625 1.500000
v -27.197157 -6.651563 0.000000
v -27.197157 -6.651563 1.500000
v -27.183235 20.673985 0.000000
v -27.183235 20.673985 1.500000
v -27.175501 -24.750000 0.000000
v -27.175501 -24.750000 1.500000
v -27.162197 15.650971 0.000000
v -27.162197 15.650971 1.500000
v -27.144180 -32.374237 0.000000
v -27.144180 -32.374237 1.500000
v -27.142263 20.618607 0.000000
v -27.142263 20.618607 1.500000
v -27.124174 -24.595312 0.000000
v -27.124174 -24.595312 1.500000
v -27.091042 -28.628944 0.000000
v -27.091042 -28.628944 1.500000
v -27.075571 -22.859718 0.000000
v -27.075571 -22.859718 1.500000
v -27.070312 -26.451563 0.000000
v -27.070312 -26.451563 1.500000
v -27.039066 31.804060 0.000000
v -27.039066 31.804060 1.500000
v -27.038691 22.351725 0.000000
v -27.038691 22.351725 1.500000
v -27.024965 32.583374 0.000000
v -27.024965 32.583374 1.500000
v -26.973877 -6.522553 0.000000
v -26.973877 -6.522553 1.500000
v -26.952440 -24.077728 0.000000
v -26.952440 -24.077728 1.500000
v -26.923979 -22.072979 0.000000
v -26.923979 -22.072979 1.500000
v -26.903870 -16.791637 0.000000
v -26.903870 -16.791637 1.500000
v -26.887228 21.986662 0.000000
v -26.887228 21.986662 1.500000
v -26.878500 21.965626 0.000000
v -26.878500 21.965626 1.500000
v -26.851583 32.735897 0.000000
v -26.851583 32.735897 1.500000
v -26.839863 15.066563 0.000000
v -26.839863 15.066563 1.500000
v -26.823534 -22.855698 0.000000
v -26.823534 -22.855698 1.500000
v -26.806513 21.810938 0.000000
v -26.806513 21.810938 1.500000
v -26.801971 -23.606241 0.000000
v -26.801971 -23.606241 1.500000
v -26.782595 -32.041969 0.000000
v -26.782595 -32.041969 1.500000
v -26.779877 21.753704 0.000000
v -26.779877 21.753704 1.500000
v -26.769291 -23.503838 0.000000
v -26.769291 -23.503838 1.500000
v -26.760937 -5.599688 0.000000
v -26.760937 -5.599688 1.500000
v -26.760937 28.106718 0.000000
v -26.760937 28.106718 1.500000
v -26.734524 21.656250 0.000000
v -26.734524 21.656250 1.500000
v -26.726597 -22.854151 0.000000
v -26.726597 -22.854151 1.500000
v -26.714531 0.658969 0.000000
v -26.714531 0.658969 1.500000
v -26.712929 21.609844 0.000000
v -26.712929 21.609844 1.500000
v -26.707726 27.317812 0.000000
v -26.707726 27.317812 1.500000
v -26.682693 21.544874 0.000000
v -26.682693 21.544874 1.500000
v -26.674313 -2.425500 0.000000
v -26.674313 -2.425500 1.500000
v -26.668896 -32.805508 0.000000
v -26.668896 -32.805508 1.500000
v -26.665031 19.973558 0.000000
v -26.665031 19.973558 1.500000
v -26.661938 15.040575 0.000000
v -26.661938 15.040575 1.500000
v -26.661530 21.499397 0.000000
v -26.661530 21.499397 1.500000
v -26.644348 -16.761938 0.000000
v -26.644348 -16.761938 1.500000
v -26.639502 21.452063 0.000000
v -26.639502 21.452063 1.500000
v -26.637188 -32.834278 0.000000
v -26.637188 -32.834278 1.500000
v -26.631433 28.225210 0.000000
v -26.631433 28.225210 1.500000
v -26.606251 -1.763438 0.000000
v -26.606251 -1.763438 1.500000
v -26.600063 -22.893749 0.000000
v -26.600063 -22.893749 1.500000
v -26.581623 21.327694 0.000000
v -26.581623 21.327694 1.500000
v -26.581190 21.326765 0.000000
v -26.581190 21.326765 1.500000
v -26.547121 21.255610 0.000000
v -26.547121 21.255610 1.500000
v -26.516171 -24.750000 0.000000
v -26.516171 -24.750000 1.500000
v -26.515272 21.189095 0.000000
v -26.515272 21.189095 1.500000
v -26.499475 -6.248447 0.000000
v -26.499475 -6.248447 1.500000
v -26.465794 -24.595312 0.000000
v -26.465794 -24.595312 1.500000
v -26.429760 -5.420250 0.000000
v -26.429760 -5.420250 1.500000
v -26.414747 -32.374237 0.000000
v -26.414747 -32.374237 1.500000
v -26.369888 -29.171278 0.000000
v -26.369888 -29.171278 1.500000
v -26.350088 -6.162131 0.000000
v -26.350088 -6.162131 1.500000
v -26.296875 1.630406 0.000000
v -26.296875 1.630406 1.500000
v -26.293600 19.335938 0.000000
v -26.293600 19.335938 1.500000
v -26.286551 1.635666 0.000000
v -26.286551 1.635666 1.500000
v -26.278641 -24.077728 0.000000
v -26.278641 -24.077728 1.500000
v -26.270887 4.093650 0.000000
v -26.270887 4.093650 1.500000
v -26.268631 20.673985 0.000000
v -26.268631 20.673985 1.500000
v -26.242115 20.618607 0.000000
v -26.242115 20.618607 1.500000
v -26.227371 28.594912 0.000000
v -26.227371 28.594912 1.500000
v -26.194162 15.538050 0.000000
v -26.194162 15.538050 1.500000
v -26.192125 4.990219 0.000000
v -26.192125 4.990219 1.500000
v -26.157948 -2.635875 0.000000
v -26.157948 -2.635875 1.500000
v -26.145281 -21.501562 0.000000
v -26.145281 -21.501562 1.500000
v -26.142187 32.583374 0.000000
v -26.142187 32.583374 1.500000
v -26.113106 -1.974741 0.000000
v -26.113106 -1.974741 1.500000
v -26.108156 -23.606241 0.000000
v -26.108156 -23.606241 1.500000
v -26.102018 -28.385157 0.000000
v -26.102018 -28.385157 1.500000
v -26.068335 -23.503838 0.000000
v -26.068335 -23.503838 1.500000
v -26.038548 -29.107548 0.000000
v -26.038548 -29.107548 1.500000
v -25.995544 -16.687687 0.000000
v -25.995544 -16.687687 1.500000
v -25.993687 27.766407 0.000000
v -25.993687 27.766407 1.500000
v -25.992275 18.818663 0.000000
v -25.992275 18.818663 1.500000
v -25.983181 -5.955469 0.000000
v -25.983181 -5.955469 1.500000
v -25.978218 18.794531 0.000000
v -25.978218 18.794531 1.500000
v -25.974030 27.732065 0.000000
v -25.974030 27.732065 1.500000
v -25.970396 27.800438 0.000000
v -25.970396 27.800438 1.500000
v -25.942331 27.676687 0.000000
v -25.942331 27.676687 1.500000
v -25.923176 -16.014797 0.000000
v -25.923176 -16.014797 1.500000
v -25.921148 19.973558 0.000000
v -25.921148 19.973558 1.500000
v -25.901804 -21.084215 0.000000
v -25.901804 -21.084215 1.500000
v -25.901804 27.060413 0.000000
v -25.901804 27.060413 1.500000
v -25.887262 -32.805508 0.000000
v -25.887262 -32.805508 1.500000
v -25.882668 -5.898853 0.000000
v -25.882668 -5.898853 1.500000
v -25.845984 27.624094 0.000000
v -25.845984 27.624094 1.500000
v -25.837763 -20.973459 0.000000
v -25.837763 -20.973459 1.500000
v -25.832813 -29.084343 0.000000
v -25.832813 -29.084343 1.500000
v -25.831091 -22.893749 0.000000
v -25.831091 -22.893749 1.500000
v -25.815691 -22.854151 0.000000
v -25.815691 -22.854151 1.500000
v -25.807444 27.603056 0.000000
v -25.807444 27.603056 1.500000
v -25.794758 -22.800320 0.000000
v -25.794758 -22.800320 1.500000
v -25.780365 29.003906 0.000000
v -25.780365 29.003906 1.500000
v -25.770937 -22.739063 0.000000
v -25.770937 -22.739063 1.500000
v -25.760769 28.106718 0.000000
v -25.760769 28.106718 1.500000
v -25.753614 27.009365 0.000000
v -25.753614 27.009365 1.500000
v -25.753437 15.468750 0.000000
v -25.753437 15.468750 1.500000
v -25.714045 -5.803875 0.000000
v -25.714045 -5.803875 1.500000
v -25.711847 -5.802638 0.000000
v -25.711847 -5.802638 1.500000
v -25.708515 18.325209 0.000000
v -25.708515 18.325209 1.500000
v -25.683270 -22.537970 0.000000
v -25.683270 -22.537970 1.500000
v -25.679672 28.225210 0.000000
v -25.679672 28.225210 1.500000
v -25.671957 -2.833875 0.000000
v -25.671957 -2.833875 1.500000
v -25.661728 3.878944 0.000000
v -25.661728 3.878944 1.500000
v -25.641928 14.866088 0.000000
v -25.641928 14.866088 1.500000
v -25.603874 19.335938 0.000000
v -25.603874 19.335938 1.500000
v -25.584946 -22.312435 0.000000
v -25.584946 -22.312435 1.500000
v -25.569225 -2.209866 0.000000
v -25.569225 -2.209866 1.500000
v -25.527031 -33.743530 0.000000
v -25.527031 -33.743530 1.500000
v -25.512300 -33.755596 0.000000
v -25.512300 -33.755596 1.500000
v -25.509516 -20.405756 0.000000
v -25.509516 -20.405756 1.500000
v -25.492264 26.919338 0.000000
v -25.492264 26.919338 1.500000
v -25.481487 26.915625 0.000000
v -25.481487 26.915625 1.500000
v -25.480555 -22.072979 0.000000
v -25.480555 -22.072979 1.500000
v -25.436813 -28.221188 0.000000
v -25.436813 -28.221188 1.500000
v -25.420515 2.076834 0.000000
v -25.420515 2.076834 1.500000
v -25.418959 15.416156 0.000000
v -25.418959 15.416156 1.500000
v -25.368750 -15.942094 0.000000
v -25.368750 -15.942094 1.500000
v -25.368750 27.534374 0.000000
v -25.368750 27.534374 1.500000
v -25.347488 -5.599688 0.000000
v -25.347488 -5.599688 1.500000
v -25.334101 28.594912 0.000000
v -25.334101 28.594912 1.500000
v -25.324509 18.818663 0.000000
v -25.324509 18.818663 1.500000
v -25.323633 -20.082769 0.000000
v -25.323633 -20.082769 1.500000
v -25.321312 33.987938 0.000000
v -25.321312 33.987938 1.500000
v -25.311518 17.634375 0.000000
v -25.311518 17.634375 1.500000
v -25.310333 18.794531 0.000000
v -25.310333 18.794531 1.500000
v -25.231441 -21.501562 0.000000
v -25.231441 -21.501562 1.500000
v -25.197357 -3.027234 0.000000
v -25.197357 -3.027234 1.500000
v -25.159922 -29.496431 0.000000
v -25.159922 -29.496431 1.500000
v -25.136719 -16.594875 0.000000
v -25.136719 -16.594875 1.500000
v -25.132462 -4.717350 0.000000
v -25.132462 -4.717350 1.500000
v -25.127438 29.601309 0.000000
v -25.127438 29.601309 1.500000
v -25.092789 -3.069309 0.000000
v -25.092789 -3.069309 1.500000
v -25.067728 27.504057 0.000000
v -25.067728 27.504057 1.500000
v -25.059376 3.622781 0.000000
v -25.059376 3.622781 1.500000
v -25.059376 26.770218 0.000000
v -25.059376 26.770218 1.500000
v -25.049498 -21.084215 0.000000
v -25.049498 -21.084215 1.500000
v -25.034624 18.325209 0.000000
v -25.034624 18.325209 1.500000
v -25.025343 -5.420250 0.000000
v -25.025343 -5.420250 1.500000
v -25.005777 15.351188 0.000000
v -25.005777 15.351188 1.500000
v -25.003374 29.714540 0.000000
v -25.003374 29.714540 1.500000
v -25.001213 -20.973459 0.000000
v -25.001213 -20.973459 1.500000
v -24.966562 -28.926563 0.000000
v -24.966562 -28.926563 1.500000
v -24.942430 16.992113 0.000000
v -24.942430 16.992113 1.500000
v -24.920925 -34.192745 0.000000
v -24.920925 -34.192745 1.500000
v -24.910875 29.003906 0.000000
v -24.910875 29.003906 1.500000
v -24.910486 4.306500 0.000000
v -24.910486 4.306500 1.500000
v -24.909622 16.938282 0.000000
v -24.909622 16.938282 1.500000
v -24.904688 4.303406 0.000000
v -24.904688 4.303406 1.500000
v -24.893826 -19.335938 0.000000
v -24.893826 -19.335938 1.500000
v -24.814022 16.781427 0.000000
v -24.814022 16.781427 1.500000
v -24.771456 -29.084343 0.000000
v -24.771456 -29.084343 1.500000
v -24.767111 29.930176 0.000000
v -24.767111 29.930176 1.500000
v -24.766434 2.410031 0.000000
v -24.766434 2.410031 1.500000
v -24.750000 15.310968 0.000000
v -24.750000 15.310968 1.500000
v -24.736389 -20.405756 0.000000
v -24.736389 -20.405756 1.500000
v -24.730276 -28.003078 0.000000
v -24.730276 -28.003078 1.500000
v -24.726700 15.305710 0.000000
v -24.726700 15.305710 1.500000
v -24.705450 27.421144 0.000000
v -24.705450 27.421144 1.500000
v -24.680336 30.009375 0.000000
v -24.680336 30.009375 1.500000
v -24.668816 -4.466137 0.000000
v -24.668816 -4.466137 1.500000
v -24.657518 16.524647 0.000000
v -24.657518 16.524647 1.500000
v -24.632437 -33.743530 0.000000
v -24.632437 -33.743530 1.500000
v -24.627178 1.635666 0.000000
v -24.627178 1.635666 1.500000
v -24.601500 -29.939457 0.000000
v -24.601500 -29.939457 1.500000
v -24.595312 -34.433437 0.000000
v -24.595312 -34.433437 1.500000
v -24.595312 -2.635875 0.000000
v -24.595312 -2.635875 1.500000
v -24.595312 14.673656 0.000000
v -24.595312 14.673656 1.500000
v -24.595312 34.581936 0.000000
v -24.595312 34.581936 1.500000
v -24.585722 -20.082769 0.000000
v -24.585722 -20.082769 1.500000
v -24.571491 -3.279066 0.000000
v -24.571491 -3.279066 1.500000
v -24.558187 17.634375 0.000000
v -24.558187 17.634375 1.500000
v -24.516991 15.258375 0.000000
v -24.516991 15.258375 1.500000
v -24.504974 16.274363 0.000000
v -24.504974 16.274363 1.500000
v -24.493219 -18.639843 0.000000
v -24.493219 -18.639843 1.500000
v -24.476093 34.663921 0.000000
v -24.476093 34.663921 1.500000
v -24.459581 4.093650 0.000000
v -24.459581 4.093650 1.500000
v -24.453485 -15.735741 0.000000
v -24.453485 -15.735741 1.500000
v -24.441774 -30.077438 0.000000
v -24.441774 -30.077438 1.500000
v -24.431225 27.317812 0.000000
v -24.431225 27.317812 1.500000
v -24.423609 -27.908409 0.000000
v -24.423609 -27.908409 1.500000
v -24.414152 -4.328156 0.000000
v -24.414152 -4.328156 1.500000
v -24.397932 17.435137 0.000000
v -24.397932 17.435137 1.500000
v -24.393229 -28.681847 0.000000
v -24.393229 -28.681847 1.500000
v -24.357754 -27.886444 0.000000
v -24.357754 -27.886444 1.500000
v -24.331724 33.987938 0.000000
v -24.331724 33.987938 1.500000
v -24.325647 -4.280203 0.000000
v -24.325647 -4.280203 1.500000
v -24.310688 -34.630199 0.000000
v -24.310688 -34.630199 1.500000
v -24.301094 -4.266900 0.000000
v -24.301094 -4.266900 1.500000
v -24.269285 -28.628944 0.000000
v -24.269285 -28.628944 1.500000
v -24.265827 17.237757 0.000000
v -24.265827 17.237757 1.500000
v -24.261887 -29.496431 0.000000
v -24.261887 -29.496431 1.500000
v -24.229797 15.855469 0.000000
v -24.229797 15.855469 1.500000
v -24.229752 -27.843750 0.000000
v -24.229752 -27.843750 1.500000
v -24.217875 -19.335938 0.000000
v -24.217875 -19.335938 1.500000
v -24.199312 15.809063 0.000000
v -24.199312 15.809063 1.500000
v -24.197760 26.451563 0.000000
v -24.197760 26.451563 1.500000
v -24.168066 -15.671391 0.000000
v -24.168066 -15.671391 1.500000
v -24.140532 16.938282 0.000000
v -24.140532 16.938282 1.500000
v -24.134365 -4.176562 0.000000
v -24.134365 -4.176562 1.500000
v -24.131250 -3.452625 0.000000
v -24.131250 -3.452625 1.500000
v -24.095514 -17.948391 0.000000
v -24.095514 -17.948391 1.500000
v -24.074326 16.781427 0.000000
v -24.074326 16.781427 1.500000
v -24.057928 -2.833875 0.000000
v -24.057928 -2.833875 1.500000
v -24.051432 29.714540 0.000000
v -24.051432 29.714540 1.500000
v -24.023481 3.137063 0.000000
v -24.023481 3.137063 1.500000
v -24.011208 30.620081 0.000000
v -24.011208 30.620081 1.500000
v -24.003971 3.878944 0.000000
v -24.003971 3.878944 1.500000
v -23.991102 -34.192745 0.000000
v -23.991102 -34.192745 1.500000
v -23.979656 27.147655 0.000000
v -23.979656 27.147655 1.500000
v -23.976562 -30.479315 0.000000
v -23.976562 -30.479315 1.500000
v -23.965399 15.482672 0.000000
v -23.965399 15.482672 1.500000
v -23.952883 3.103959 0.000000
v -23.952883 3.103959 1.500000
v -23.929268 -30.519224 0.000000
v -23.929268 -30.519224 1.500000
v -23.926052 -3.533062 0.000000
v -23.926052 -3.533062 1.500000
v -23.902931 16.524647 0.000000
v -23.902931 16.524647 1.500000
v -23.848867 -4.021875 0.000000
v -23.848867 -4.021875 1.500000
v -23.829552 -18.639843 0.000000
v -23.829552 -18.639843 1.500000
v -23.817081 -15.580125 0.000000
v -23.817081 -15.580125 1.500000
v -23.783186 2.910909 0.000000
v -23.783186 2.910909 1.500000
v -23.782528 27.060413 0.000000
v -23.782528 27.060413 1.500000
v -23.720407 -17.296228 0.000000
v -23.720407 -17.296228 1.500000
v -23.718544 29.930176 0.000000
v -23.718544 29.930176 1.500000
v -23.714060 -29.939457 0.000000
v -23.714060 -29.939457 1.500000
v -23.698126 -28.385157 0.000000
v -23.698126 -28.385157 1.500000
v -23.697380 14.463282 0.000000
v -23.697380 14.463282 1.500000
v -23.688028 15.095644 0.000000
v -23.688028 15.095644 1.500000
v -23.686543 35.206875 0.000000
v -23.686543 35.206875 1.500000
v -23.667187 2.970000 0.000000
v -23.667187 2.970000 1.500000
v -23.667187 15.066563 0.000000
v -23.667187 15.066563 1.500000
v -23.667187 27.009365 0.000000
v -23.667187 27.009365 1.500000
v -23.666260 -4.717350 0.000000
v -23.666260 -4.717350 1.500000
v -23.583925 -3.878325 0.000000
v -23.583925 -3.878325 1.500000
v -23.543438 -30.077438 0.000000
v -23.543438 -30.077438 1.500000
v -23.532919 2.076834 0.000000
v -23.532919 2.076834 1.500000
v -23.513155 -30.870365 0.000000
v -23.513155 -30.870365 1.500000
v -23.512501 30.009375 0.000000
v -23.512501 30.009375 1.500000
v -23.503220 32.407032 0.000000
v -23.503220 32.407032 1.500000
v -23.502874 32.358150 0.000000
v -23.502874 32.358150 1.500000
v -23.499081 32.669998 0.000000
v -23.499081 32.669998 1.500000
v -23.497328 32.781376 0.000000
v -23.497328 32.781376 1.500000
v -23.497133 32.793751 0.000000
v -23.497133 32.793751 1.500000
v -23.495575 31.324219 0.000000
v -23.495575 31.324219 1.500000
v -23.495174 32.918118 0.000000
v -23.495174 32.918118 1.500000
v -23.493938 31.092188 0.000000
v -23.493938 31.092188 1.500000
v -23.485893 35.344856 0.000000
v -23.485893 35.344856 1.500000
v -23.465166 33.336086 0.000000
v -23.465166 33.336086 1.500000
v -23.460390 3.622781 0.000000
v -23.460390 3.622781 1.500000
v -23.443819 -17.948391 0.000000
v -23.443819 -17.948391 1.500000
v -23.442259 -3.722709 0.000000
v -23.442259 -3.722709 1.500000
v -23.432062 -27.577688 0.000000
v -23.432062 -27.577688 1.500000
v -23.425554 -16.783594 0.000000
v -23.425554 -16.783594 1.500000
v -23.392153 34.663921 0.000000
v -23.392153 34.663921 1.500000
v -23.387005 -35.268749 0.000000
v -23.387005 -35.268749 1.500000
v -23.386274 26.919338 0.000000
v -23.386274 26.919338 1.500000
v -23.375212 29.787554 0.000000
v -23.375212 29.787554 1.500000
v -23.367094 26.144354 0.000000
v -23.367094 26.144354 1.500000
v -23.359978 -34.630199 0.000000
v -23.359978 -34.630199 1.500000
v -23.357813 -3.755812 0.000000
v -23.357813 -3.755812 1.500000
v -23.357813 33.721874 0.000000
v -23.357813 33.721874 1.500000
v -23.345438 15.855469 0.000000
v -23.345438 15.855469 1.500000
v -23.281088 -3.069309 0.000000
v -23.281088 -3.069309 1.500000
v -23.264769 -28.221188 0.000000
v -23.264769 -28.221188 1.500000
v -23.245199 29.577488 0.000000
v -23.245199 29.577488 1.500000
v -23.239323 -35.370842 0.000000
v -23.239323 -35.370842 1.500000
v -23.213024 33.685059 0.000000
v -23.213024 33.685059 1.500000
v -23.203125 -16.396875 0.000000
v -23.203125 -16.396875 1.500000
v -23.169632 -31.160250 0.000000
v -23.169632 -31.160250 1.500000
v -23.125471 29.110331 0.000000
v -23.125471 29.110331 1.500000
v -23.110931 -4.466137 0.000000
v -23.110931 -4.466137 1.500000
v -23.041632 -17.296228 0.000000
v -23.041632 -17.296228 1.500000
v -23.039156 26.915625 0.000000
v -23.039156 26.915625 1.500000
v -23.036062 28.539845 0.000000
v -23.036062 28.539845 1.500000
v -23.028561 -35.523674 0.000000
v -23.028561 -35.523674 1.500000
v -23.012072 28.153126 0.000000
v -23.012072 28.153126 1.500000
v -22.988110 -30.519224 0.000000
v -22.988110 -30.519224 1.500000
v -22.986872 27.092588 0.000000
v -22.986872 27.092588 1.500000
v -22.968927 27.457649 0.000000
v -22.968927 27.457649 1.500000
v -22.931494 33.585133 0.000000
v -22.931494 33.585133 1.500000
v -22.926544 15.482672 0.000000
v -22.926544 15.482672 1.500000
v -22.881374 31.324219 0.000000
v -22.881374 31.324219 1.500000
v -22.868835 31.092188 0.000000
v -22.868835 31.092188 1.500000
v -22.843323 30.620081 0.000000
v -22.843323 30.620081 1.500000
v -22.841465 -15.326438 0.000000
v -22.841465 -15.326438 1.500000
v -22.821356 32.358150 0.000000
v -22.821356 32.358150 1.500000
v -22.815477 -31.459106 0.000000
v -22.815477 -31.459106 1.500000
v -22.802088 14.253525 0.000000
v -22.802088 14.253525 1.500000
v -22.791348 -35.695686 0.000000
v -22.791348 -35.695686 1.500000
v -22.777054 30.009375 0.000000
v -22.777054 30.009375 1.500000
v -22.752985 29.787554 0.000000
v -22.752985 29.787554 1.500000
v -22.750200 32.669998 0.000000
v -22.750200 32.669998 1.500000
v -22.739063 -4.328156 0.000000
v -22.739063 -4.328156 1.500000
v -22.716204 29.577488 0.000000
v -22.716204 29.577488 1.500000
v -22.698843 -27.297703 0.000000
v -22.698843 -27.297703 1.500000
v -22.695749 -16.783594 0.000000
v -22.695749 -16.783594 1.500000
v -22.688326 -28.003078 0.000000
v -22.688326 -28.003078 1.500000
v -22.661718 32.781376 0.000000
v -22.661718 32.781376 1.500000
v -22.639444 25.862513 0.000000
v -22.639444 25.862513 1.500000
v -22.634409 29.110331 0.000000
v -22.634409 29.110331 1.500000
v -22.612450 32.762814 0.000000
v -22.612450 32.762814 1.500000
v -22.584375 -35.862751 0.000000
v -22.584375 -35.862751 1.500000
v -22.584375 2.410031 0.000000
v -22.584375 2.410031 1.500000
v -22.584375 35.206875 0.000000
v -22.584375 35.206875 1.500000
v -22.570049 -35.873577 0.000000
v -22.570049 -35.873577 1.500000
v -22.534523 28.539845 0.000000
v -22.534523 28.539845 1.500000
v -22.528069 -30.870365 0.000000
v -22.528069 -30.870365 1.500000
v -22.471405 -31.710938 0.000000
v -22.471405 -31.710938 1.500000
v -22.466812 28.153126 0.000000
v -22.466812 28.153126 1.500000
v -22.429688 3.137063 0.000000
v -22.429688 3.137063 1.500000
v -22.417313 -35.268749 0.000000
v -22.417313 -35.268749 1.500000
v -22.409269 -31.756416 0.000000
v -22.409269 -31.756416 1.500000
v -22.367657 -27.908409 0.000000
v -22.367657 -27.908409 1.500000
v -22.364100 15.095644 0.000000
v -22.364100 15.095644 1.500000
v -22.316147 14.139675 0.000000
v -22.316147 14.139675 1.500000
v -22.310276 -16.396875 0.000000
v -22.310276 -16.396875 1.500000
v -22.306080 15.066563 0.000000
v -22.306080 15.066563 1.500000
v -22.302427 27.457649 0.000000
v -22.302427 27.457649 1.500000
v -22.297016 -16.383572 0.000000
v -22.297016 -16.383572 1.500000
v -22.293253 -27.886444 0.000000
v -22.293253 -27.886444 1.500000
v -22.254879 -35.370842 0.000000
v -22.254879 -35.370842 1.500000
v -22.254232 15.040575 0.000000
v -22.254232 15.040575 1.500000
v -22.242741 -16.329123 0.000000
v -22.242741 -16.329123 1.500000
v -22.216141 27.092588 0.000000
v -22.216141 27.092588 1.500000
v -22.202915 -36.151089 0.000000
v -22.202915 -36.151089 1.500000
v -22.197657 -31.865625 0.000000
v -22.197657 -31.865625 1.500000
v -22.174313 26.915625 0.000000
v -22.174313 26.915625 1.500000
v -22.139944 26.770218 0.000000
v -22.139944 26.770218 1.500000
v -22.134544 32.582756 0.000000
v -22.134544 32.582756 1.500000
v -22.128906 3.223687 0.000000
v -22.128906 3.223687 1.500000
v -22.120312 25.650282 0.000000
v -22.120312 25.650282 1.500000
v -22.120312 33.257812 0.000000
v -22.120312 33.257812 1.500000
v -22.112747 14.081203 0.000000
v -22.112747 14.081203 1.500000
v -22.086281 -31.160250 0.000000
v -22.086281 -31.160250 1.500000
v -22.066172 36.219769 0.000000
v -22.066172 36.219769 1.500000
v -22.064625 26.451563 0.000000
v -22.064625 26.451563 1.500000
v -22.055653 -31.005873 0.000000
v -22.055653 -31.005873 1.500000
v -22.042969 -27.843750 0.000000
v -22.042969 -27.843750 1.500000
v -22.011723 -35.523674 0.000000
v -22.011723 -35.523674 1.500000
v -22.011412 -32.273380 0.000000
v -22.011412 -32.273380 1.500000
v -22.001513 -30.635241 0.000000
v -22.001513 -30.635241 1.500000
v -21.992445 32.516861 0.000000
v -21.992445 32.516861 1.500000
v -21.977474 36.268032 0.000000
v -21.977474 36.268032 1.500000
v -21.965626 -27.017719 0.000000
v -21.965626 -27.017719 1.500000
v -21.936853 -32.715168 0.000000
v -21.936853 -32.715168 1.500000
v -21.929428 -16.014797 0.000000
v -21.929428 -16.014797 1.500000
v -21.906111 14.866088 0.000000
v -21.906111 14.866088 1.500000
v -21.900696 -29.836124 0.000000
v -21.900696 -29.836124 1.500000
v -21.888281 -33.254719 0.000000
v -21.888281 -33.254719 1.500000
v -21.874050 -36.364555 0.000000
v -21.874050 -36.364555 1.500000
v -21.854250 -29.467968 0.000000
v -21.854250 -29.467968 1.500000
v -21.853657 -33.876564 0.000000
v -21.853657 -33.876564 1.500000
v -21.837120 -34.173561 0.000000
v -21.837120 -34.173561 1.500000
v -21.818117 -15.942094 0.000000
v -21.818117 -15.942094 1.500000
v -21.810938 -34.643814 0.000000
v -21.810938 -34.643814 1.500000
v -21.809494 -28.996790 0.000000
v -21.809494 -28.996790 1.500000
v -21.787115 -28.206646 0.000000
v -21.787115 -28.206646 1.500000
v -21.785509 -28.369688 0.000000
v -21.785509 -28.369688 1.500000
v -21.782166 -28.709072 0.000000
v -21.782166 -28.709072 1.500000
v -21.779726 -26.930475 0.000000
v -21.779726 -26.930475 1.500000
v -21.773813 -33.876564 0.000000
v -21.773813 -33.876564 1.500000
v -21.726860 -35.695686 0.000000
v -21.726860 -35.695686 1.500000
v -21.708963 -33.254719 0.000000
v -21.708963 -33.254719 1.500000
v -21.701939 -33.846554 0.000000
v -21.701939 -33.846554 1.500000
v -21.690901 32.377022 0.000000
v -21.690901 32.377022 1.500000
v -21.652697 -32.715168 0.000000
v -21.652697 -32.715168 1.500000
v -21.606623 -32.273380 0.000000
v -21.606623 -32.273380 1.500000
v -21.564100 -31.865625 0.000000
v -21.564100 -31.865625 1.500000
v -21.558508 13.921875 0.000000
v -21.558508 13.921875 1.500000
v -21.547968 -31.710938 0.000000
v -21.547968 -31.710938 1.500000
v -21.531263 20.097309 0.000000
v -21.531263 20.097309 1.500000
v -21.529736 20.084625 0.000000
v -21.529736 20.084625 1.500000
v -21.522190 14.673656 0.000000
v -21.522190 14.673656 1.500000
v -21.521671 20.455256 0.000000
v -21.521671 20.455256 1.500000
v -21.521317 20.014706 0.000000
v -21.521317 20.014706 1.500000
v -21.505859 3.403125 0.000000
v -21.505859 3.403125 1.500000
v -21.502182 -15.735741 0.000000
v -21.502182 -15.735741 1.500000
v -21.501562 -36.592876 0.000000
v -21.501562 -36.592876 1.500000
v -21.496922 -26.797752 0.000000
v -21.496922 -26.797752 1.500000
v -21.496286 19.806807 0.000000
v -21.496286 19.806807 1.500000
v -21.495266 32.279568 0.000000
v -21.495266 32.279568 1.500000
v -21.482178 -31.160250 0.000000
v -21.482178 -31.160250 1.500000
v -21.475201 -33.751884 0.000000
v -21.475201 -33.751884 1.500000
v -21.467531 19.567968 0.000000
v -21.467531 19.567968 1.500000
v -21.463734 -31.005873 0.000000
v -21.463734 -31.005873 1.500000
v -21.463430 26.144354 0.000000
v -21.463430 26.144354 1.500000
v -21.461653 -4.280203 0.000000
v -21.461653 -4.280203 1.500000
v -21.432262 -35.873577 0.000000
v -21.432262 -35.873577 1.500000
v -21.424219 -3.533062 0.000000
v -21.424219 -3.533062 1.500000
v -21.419453 -30.635241 0.000000
v -21.419453 -30.635241 1.500000
v -21.403326 -33.721874 0.000000
v -21.403326 -33.721874 1.500000
v -21.351343 -36.673313 0.000000
v -21.351343 -36.673313 1.500000
v -21.342010 -15.671391 0.000000
v -21.342010 -15.671391 1.500000
v -21.328487 19.103907 0.000000
v -21.328487 19.103907 1.500000
v -21.323980 -29.836124 0.000000
v -21.323980 -29.836124 1.500000
v -21.272007 -29.467968 0.000000
v -21.272007 -29.467968 1.500000
v -21.269531 20.715750 0.000000
v -21.269531 20.715750 1.500000
v -21.209822 13.821637 0.000000
v -21.209822 13.821637 1.500000
v -21.205490 -28.996790 0.000000
v -21.205490 -28.996790 1.500000
v -21.192188 32.128593 0.000000
v -21.192188 32.128593 1.500000
v -21.173626 -33.625969 0.000000
v -21.173626 -33.625969 1.500000
v -21.163860 18.554457 0.000000
v -21.163860 18.554457 1.500000
v -21.158224 -28.709072 0.000000
v -21.158224 -28.709072 1.500000
v -21.114843 -15.580125 0.000000
v -21.114843 -15.580125 1.500000
v -21.102468 -28.369688 0.000000
v -21.102468 -28.369688 1.500000
v -21.102468 14.463282 0.000000
v -21.102468 14.463282 1.500000
v -21.068094 -33.576469 0.000000
v -21.068094 -33.576469 1.500000
v -21.039465 -28.206646 0.000000
v -21.039465 -28.206646 1.500000
v -21.037500 32.793751 0.000000
v -21.037500 32.793751 1.500000
v -21.024817 18.090393 0.000000
v -21.024817 18.090393 1.500000
v -21.019556 -26.569435 0.000000
v -21.019556 -26.569435 1.500000
v -21.018927 -26.569124 0.000000
v -21.018927 -26.569124 1.500000
v -20.984907 20.679863 0.000000
v -20.984907 20.679863 1.500000
v -20.958017 36.822742 0.000000
v -20.958017 36.822742 1.500000
v -20.912975 17.802366 0.000000
v -20.912975 17.802366 1.500000
v -20.911882 25.862513 0.000000
v -20.911882 25.862513 1.500000
v -20.899227 -27.843750 0.000000
v -20.899227 -27.843750 1.500000
v -20.882812 -34.173561 0.000000
v -20.882812 -34.173561 1.500000
v -20.882812 3.582562 0.000000
v -20.882812 3.582562 1.500000
v -20.796412 -27.577688 0.000000
v -20.796412 -27.577688 1.500000
v -20.793713 -33.447769 0.000000
v -20.793713 -33.447769 1.500000
v -20.792784 36.268032 0.000000
v -20.792784 36.268032 1.500000
v -20.721937 -21.269531 0.000000
v -20.721937 -21.269531 1.500000
v -20.692238 -21.009346 0.000000
v -20.692238 -21.009346 1.500000
v -20.688215 -27.297703 0.000000
v -20.688215 -27.297703 1.500000
v -20.669344 24.908400 0.000000
v -20.669344 24.908400 1.500000
v -20.651091 17.127928 0.000000
v -20.651091 17.127928 1.500000
v -20.644163 -20.728125 0.000000
v -20.644163 -20.728125 1.500000
v -20.620153 -20.587669 0.000000
v -20.620153 -20.587669 1.500000
v -20.616751 19.806807 0.000000
v -20.616751 19.806807 1.500000
v -20.596951 2.910909 0.000000
v -20.596951 2.910909 1.500000
v -20.579624 19.103907 0.000000
v -20.579624 19.103907 1.500000
v -20.574366 20.014706 0.000000
v -20.574366 20.014706 1.500000
v -20.564425 -37.094681 0.000000
v -20.564425 -37.094681 1.500000
v -20.518059 14.253525 0.000000
v -20.518059 14.253525 1.500000
v -20.496712 20.589834 0.000000
v -20.496712 20.589834 1.500000
v -20.496555 25.650282 0.000000
v -20.496555 25.650282 1.500000
v -20.496094 20.084625 0.000000
v -20.496094 20.084625 1.500000
v -20.478460 -21.524147 0.000000
v -20.478460 -21.524147 1.500000
v -20.455875 -14.590125 0.000000
v -20.455875 -14.590125 1.500000
v -20.455256 -3.722709 0.000000
v -20.455256 -3.722709 1.500000
v -20.451235 18.554457 0.000000
v -20.451235 18.554457 1.500000
v -20.418751 -4.320113 0.000000
v -20.418751 -4.320113 1.500000
v -20.390905 -19.490625 0.000000
v -20.390905 -19.490625 1.500000
v -20.375444 -27.017719 0.000000
v -20.375444 -27.017719 1.500000
v -20.339323 33.194080 0.000000
v -20.339323 33.194080 1.500000
v -20.329973 -14.540625 0.000000
v -20.329973 -14.540625 1.500000
v -20.313562 13.519688 0.000000
v -20.313562 13.519688 1.500000
v -20.294647 31.633595 0.000000
v -20.294647 31.633595 1.500000
v -20.294090 -15.326438 0.000000
v -20.294090 -15.326438 1.500000
v -20.284334 -14.522681 0.000000
v -20.284334 -14.522681 1.500000
v -20.277985 -26.930475 0.000000
v -20.277985 -26.930475 1.500000
v -20.276402 2.970000 0.000000
v -20.276402 2.970000 1.500000
v -20.264063 -26.197874 0.000000
v -20.264063 -26.197874 1.500000
v -20.264063 -15.317156 0.000000
v -20.264063 -15.317156 1.500000
v -20.246964 -3.755812 0.000000
v -20.246964 -3.755812 1.500000
v -20.236219 25.517250 0.000000
v -20.236219 25.517250 1.500000
v -20.234673 -18.877443 0.000000
v -20.234673 -18.877443 1.500000
v -20.230032 16.164845 0.000000
v -20.230032 16.164845 1.500000
v -20.210232 17.802366 0.000000
v -20.210232 17.802366 1.500000
v -20.204798 -33.876564 0.000000
v -20.204798 -33.876564 1.500000
v -20.204044 -33.146439 0.000000
v -20.204044 -33.146439 1.500000
v -20.197166 16.087500 0.000000
v -20.197166 16.087500 1.500000
v -20.178963 14.139675 0.000000
v -20.178963 14.139675 1.500000
v -20.178366 3.756741 0.000000
v -20.178366 3.756741 1.500000
v -20.178310 -33.132515 0.000000
v -20.178310 -33.132515 1.500000
v -20.166300 -21.549206 0.000000
v -20.166300 -21.549206 1.500000
v -20.136292 -33.846554 0.000000
v -20.136292 -33.846554 1.500000
v -20.118965 -37.333210 0.000000
v -20.118965 -37.333210 1.500000
v -20.109375 -20.728125 0.000000
v -20.109375 -20.728125 1.500000
v -20.078428 37.301342 0.000000
v -20.078428 37.301342 1.500000
v -20.059875 -36.673313 0.000000
v -20.059875 -36.673313 1.500000
v -20.046263 -18.235182 0.000000
v -20.046263 -18.235182 1.500000
v -20.045607 -26.797752 0.000000
v -20.045607 -26.797752 1.500000
v -20.033888 -0.322369 0.000000
v -20.033888 -0.322369 1.500000
v -20.004807 14.081203 0.000000
v -20.004807 14.081203 1.500000
v -19.997557 -18.098438 0.000000
v -19.997557 -18.098438 1.500000
v -19.974796 -26.046900 0.000000
v -19.974796 -26.046900 1.500000
v -19.945990 33.419617 0.000000
v -19.945990 33.419617 1.500000
v -19.909828 31.421362 0.000000
v -19.909828 31.421362 1.500000
v -19.866516 -0.556566 0.000000
v -19.866516 -0.556566 1.500000
v -19.854450 32.516861 0.000000
v -19.854450 32.516861 1.500000
v -19.841827 -0.578531 0.000000
v -19.841827 -0.578531 1.500000
v -19.838673 -33.751884 0.000000
v -19.838673 -33.751884 1.500000
v -19.833958 -0.030938 0.000000
v -19.833958 -0.030938 1.500000
v -19.821657 -19.877344 0.000000
v -19.821657 -19.877344 1.500000
v -19.820276 31.369078 0.000000
v -19.820276 31.369078 1.500000
v -19.816652 32.582756 0.000000
v -19.816652 32.582756 1.500000
v -19.813246 32.377022 0.000000
v -19.813246 32.377022 1.500000
v -19.810518 -15.140503 0.000000
v -19.810518 -15.140503 1.500000
v -19.808048 15.171750 0.000000
v -19.808048 15.171750 1.500000
v -19.799999 0.018562 0.000000
v -19.799999 0.018562 1.500000
v -19.787624 36.822742 0.000000
v -19.787624 36.822742 1.500000
v -19.784531 32.279568 0.000000
v -19.784531 32.279568 1.500000
v -19.742147 19.861876 0.000000
v -19.742147 19.861876 1.500000
v -19.722656 -21.507750 0.000000
v -19.722656 -21.507750 1.500000
v -19.713375 32.762814 0.000000
v -19.713375 32.762814 1.500000
v -19.695089 -37.547607 0.000000
v -19.695089 -37.547607 1.500000
v -19.689207 32.781376 0.000000
v -19.689207 32.781376 1.500000
v -19.673094 32.793751 0.000000
v -19.673094 32.793751 1.500000
v -19.666969 -17.170313 0.000000
v -19.666969 -17.170313 1.500000
v -19.645855 -26.569435 0.000000
v -19.645855 -26.569435 1.500000
v -19.645313 -33.721874 0.000000
v -19.645313 -33.721874 1.500000
v -19.645313 -26.569124 0.000000
v -19.645313 -26.569124 1.500000
v -19.645313 -25.873650 0.000000
v -19.645313 -25.873650 1.500000
v -19.609116 24.324919 0.000000
v -19.609116 24.324919 1.500000
v -19.608931 -17.034496 0.000000
v -19.608931 -17.034496 1.500000
v -19.607693 33.613594 0.000000
v -19.607693 33.613594 1.500000
v -19.579939 -33.745388 0.000000
v -19.579939 -33.745388 1.500000
v -19.569059 32.128593 0.000000
v -19.569059 32.128593 1.500000
v -19.558531 16.164845 0.000000
v -19.558531 16.164845 1.500000
v -19.556831 14.580534 0.000000
v -19.556831 14.580534 1.500000
v -19.550953 -14.234344 0.000000
v -19.550953 -14.234344 1.500000
v -19.549715 3.103959 0.000000
v -19.549715 3.103959 1.500000
v -19.527750 16.087500 0.000000
v -19.527750 16.087500 1.500000
v -19.527441 -19.003979 0.000000
v -19.527441 -19.003979 1.500000
v -19.526953 -32.780136 0.000000
v -19.526953 -32.780136 1.500000
v -19.522800 0.181603 0.000000
v -19.522800 0.181603 1.500000
v -19.490625 -0.891000 0.000000
v -19.490625 -0.891000 1.500000
v -19.484129 -16.742447 0.000000
v -19.484129 -16.742447 1.500000
v -19.476084 -3.878325 0.000000
v -19.476084 -3.878325 1.500000
v -19.469486 31.164272 0.000000
v -19.469486 31.164272 1.500000
v -19.458450 25.106400 0.000000
v -19.458450 25.106400 1.500000
v -19.426994 14.166282 0.000000
v -19.426994 14.166282 1.500000
v -19.413280 -14.961375 0.000000
v -19.413280 -14.961375 1.500000
v -19.413280 13.921875 0.000000
v -19.413280 13.921875 1.500000
v -19.405857 14.098838 0.000000
v -19.405857 14.098838 1.500000
v -19.404310 3.897816 0.000000
v -19.404310 3.897816 1.500000
v -19.367184 -18.525993 0.000000
v -19.367184 -18.525993 1.500000
v -19.336014 -16.392544 0.000000
v -19.336014 -16.392544 1.500000
v -19.298149 3.137063 0.000000
v -19.298149 3.137063 1.500000
v -19.283962 -37.094681 0.000000
v -19.283962 -37.094681 1.500000
v -19.281797 -16.264463 0.000000
v -19.281797 -16.264463 1.500000
v -19.258595 -4.399312 0.000000
v -19.258595 -4.399312 1.500000
v -19.224562 -18.098438 0.000000
v -19.224562 -18.098438 1.500000
v -19.213547 31.014843 0.000000
v -19.213547 31.014843 1.500000
v -19.201359 31.007729 0.000000
v -19.201359 31.007729 1.500000
v -19.181250 20.301188 0.000000
v -19.181250 20.301188 1.500000
v -19.179188 -1.092094 0.000000
v -19.179188 -1.092094 1.500000
v -19.151859 33.194080 0.000000
v -19.151859 33.194080 1.500000
v -19.132368 -37.832230 0.000000
v -19.132368 -37.832230 1.500000
v -19.109165 0.421678 0.000000
v -19.109165 0.421678 1.500000
v -19.104481 24.908400 0.000000
v -19.104481 24.908400 1.500000
v -19.093502 33.908428 0.000000
v -19.093502 33.908428 1.500000
v -19.086582 15.171750 0.000000
v -19.086582 15.171750 1.500000
v -19.077576 -15.778125 0.000000
v -19.077576 -15.778125 1.500000
v -19.052860 19.634174 0.000000
v -19.052860 19.634174 1.500000
v -19.026562 -25.545094 0.000000
v -19.026562 -25.545094 1.500000
v -19.026562 -0.578531 0.000000
v -19.026562 -0.578531 1.500000
v -19.026562 37.873688 0.000000
v -19.026562 37.873688 1.500000
v -19.014187 33.953907 0.000000
v -19.014187 33.953907 1.500000
v -18.960253 -26.197874 0.000000
v -18.960253 -26.197874 1.500000
v -18.957163 -33.969376 0.000000
v -18.957163 -33.969376 1.500000
v -18.949219 -20.539406 0.000000
v -18.949219 -20.539406 1.500000
v -18.943031 12.857316 0.000000
v -18.943031 12.857316 1.500000
v -18.940529 33.998455 0.000000
v -18.940529 33.998455 1.500000
v -18.915188 -15.391406 0.000000
v -18.915188 -15.391406 1.500000
v -18.893511 -13.928062 0.000000
v -18.893511 -13.928062 1.500000
v -18.886309 34.031250 0.000000
v -18.886309 34.031250 1.500000
v -18.881466 -33.996601 0.000000
v -18.881466 -33.996601 1.500000
v -18.879381 0.554400 0.000000
v -18.879381 0.554400 1.500000
v -18.871876 37.301342 0.000000
v -18.871876 37.301342 1.500000
v -18.862595 31.633595 0.000000
v -18.862595 31.633595 1.500000
v -18.840319 -17.034496 0.000000
v -18.840319 -17.034496 1.500000
v -18.821274 -1.323197 0.000000
v -18.821274 -1.323197 1.500000
v -18.775969 -13.873303 0.000000
v -18.775969 -13.873303 1.500000
v -18.771690 14.580534 0.000000
v -18.771690 14.580534 1.500000
v -18.750910 33.419617 0.000000
v -18.750910 33.419617 1.500000
v -18.728706 -16.742447 0.000000
v -18.728706 -16.742447 1.500000
v -18.717188 -32.342064 0.000000
v -18.717188 -32.342064 1.500000
v -18.692438 24.677916 0.000000
v -18.692438 24.677916 1.500000
v -18.681662 -26.046900 0.000000
v -18.681662 -26.046900 1.500000
v -18.662592 -14.590125 0.000000
v -18.662592 -14.590125 1.500000
v -18.652218 -25.326675 0.000000
v -18.652218 -25.326675 1.500000
v -18.649744 -1.433953 0.000000
v -18.649744 -1.433953 1.500000
v -18.639843 3.223687 0.000000
v -18.639843 3.223687 1.500000
v -18.594984 -16.392544 0.000000
v -18.594984 -16.392544 1.500000
v -18.593227 3.972375 0.000000
v -18.593227 3.972375 1.500000
v -18.588522 23.744532 0.000000
v -18.588522 23.744532 1.500000
v -18.564554 -32.252342 0.000000
v -18.564554 -32.252342 1.500000
v -18.562500 -14.540625 0.000000
v -18.562500 -14.540625 1.500000
v -18.562500 30.618843 0.000000
v -18.562500 30.618843 1.500000
v -18.551054 14.166282 0.000000
v -18.551054 14.166282 1.500000
v -18.544357 -16.264463 0.000000
v -18.544357 -16.264463 1.500000
v -18.510366 14.098838 0.000000
v -18.510366 14.098838 1.500000
v -18.485157 23.685749 0.000000
v -18.485157 23.685749 1.500000
v -18.472883 31.421362 0.000000
v -18.472883 31.421362 1.500000
v -18.472162 20.118038 0.000000
v -18.472162 20.118038 1.500000
v -18.452362 12.514528 0.000000
v -18.452362 12.514528 1.500000
v -18.431944 -33.132515 0.000000
v -18.431944 -33.132515 1.500000
v -18.427597 -33.146439 0.000000
v -18.427597 -33.146439 1.500000
v -18.422043 -21.162487 0.000000
v -18.422043 -21.162487 1.500000
v -18.407812 -0.030938 0.000000
v -18.407812 -0.030938 1.500000
v -18.407812 7.425000 0.000000
v -18.407812 7.425000 1.500000
v -18.403606 13.921875 0.000000
v -18.403606 13.921875 1.500000
v -18.396065 19.409569 0.000000
v -18.396065 19.409569 1.500000
v -18.393272 -37.547607 0.000000
v -18.393272 -37.547607 1.500000
v -18.376875 31.369078 0.000000
v -18.376875 31.369078 1.500000
v -18.361967 -25.873650 0.000000
v -18.361967 -25.873650 1.500000
v -18.359461 20.084625 0.000000
v -18.359461 20.084625 1.500000
v -18.354151 -1.578741 0.000000
v -18.354151 -1.578741 1.500000
v -18.352125 -15.778125 0.000000
v -18.352125 -15.778125 1.500000
v -18.343136 13.821637 0.000000
v -18.343136 13.821637 1.500000
v -18.339130 -25.861275 0.000000
v -18.339130 -25.861275 1.500000
v -18.333523 -33.447769 0.000000
v -18.333523 -33.447769 1.500000
v -18.330469 33.613594 0.000000
v -18.330469 33.613594 1.500000
v -18.326069 23.582727 0.000000
v -18.326069 23.582727 1.500000
v -18.325600 12.375000 0.000000
v -18.325600 12.375000 1.500000
v -18.319111 7.483781 0.000000
v -18.319111 7.483781 1.500000
v -18.317276 38.204102 0.000000
v -18.317276 38.204102 1.500000
v -18.309866 7.075406 0.000000
v -18.309866 7.075406 1.500000
v -18.309086 7.072622 0.000000
v -18.309086 7.072622 1.500000
v -18.306797 0.885122 0.000000
v -18.306797 0.885122 1.500000
v -18.303553 -20.373890 0.000000
v -18.303553 -20.373890 1.500000
v -18.298599 7.035188 0.000000
v -18.298599 7.035188 1.500000
v -18.293344 -33.576469 0.000000
v -18.293344 -33.576469 1.500000
v -18.291101 7.502344 0.000000
v -18.291101 7.502344 1.500000
v -18.256126 6.883594 0.000000
v -18.256126 6.883594 1.500000
v -18.253124 19.360687 0.000000
v -18.253124 19.360687 1.500000
v -18.244772 6.843066 0.000000
v -18.244772 6.843066 1.500000
v -18.226210 7.545347 0.000000
v -18.226210 7.545347 1.500000
v -18.224663 -34.284317 0.000000
v -18.224663 -34.284317 1.500000
v -18.217623 23.512501 0.000000
v -18.217623 23.512501 1.500000
v -18.207218 -33.625969 0.000000
v -18.207218 -33.625969 1.500000
v -18.189049 6.745303 0.000000
v -18.189049 6.745303 1.500000
v -18.185062 12.220312 0.000000
v -18.185062 12.220312 1.500000
v -18.174013 -15.391406 0.000000
v -18.174013 -15.391406 1.500000
v -18.167274 -13.457812 0.000000
v -18.167274 -13.457812 1.500000
v -18.163406 -1.672172 0.000000
v -18.163406 -1.672172 1.500000
v -18.160975 13.519688 0.000000
v -18.160975 13.519688 1.500000
v -18.151031 -7.811719 0.000000
v -18.151031 -7.811719 1.500000
v -18.141674 -7.746131 0.000000
v -18.141674 -7.746131 1.500000
v -18.140892 -7.818216 0.000000
v -18.140892 -7.818216 1.500000
v -18.128963 -7.657031 0.000000
v -18.128963 -7.657031 1.500000
v -18.121346 24.324919 0.000000
v -18.121346 24.324919 1.500000
v -18.118238 -7.581853 0.000000
v -18.118238 -7.581853 1.500000
v -18.117306 -38.331562 0.000000
v -18.117306 -38.331562 1.500000
v -18.098438 -38.340843 0.000000
v -18.098438 -38.340843 1.500000
v -18.098438 1.005469 0.000000
v -18.098438 1.005469 1.500000
v -18.090084 -24.978010 0.000000
v -18.090084 -24.978010 1.500000
v -18.071077 6.538331 0.000000
v -18.071077 6.538331 1.500000
v -18.045534 -32.780136 0.000000
v -18.045534 -32.780136 1.500000
v -18.044821 -7.879781 0.000000
v -18.044821 -7.879781 1.500000
v -18.040348 -33.721874 0.000000
v -18.040348 -33.721874 1.500000
v -18.021093 4.024969 0.000000
v -18.021093 4.024969 1.500000
v -17.999437 -33.745388 0.000000
v -17.999437 -33.745388 1.500000
v -17.982731 6.383334 0.000000
v -17.982731 6.383334 1.500000
v -17.969507 -7.928044 0.000000
v -17.969507 -7.928044 1.500000
v -17.961384 31.164272 0.000000
v -17.961384 31.164272 1.500000
v -17.956125 -31.894707 0.000000
v -17.956125 -31.894707 1.500000
v -17.953959 -7.243087 0.000000
v -17.953959 -7.243087 1.500000
v -17.943750 -4.021875 0.000000
v -17.943750 -4.021875 1.500000
v -17.940657 -13.303125 0.000000
v -17.940657 -13.303125 1.500000
v -17.936943 34.605450 0.000000
v -17.936943 34.605450 1.500000
v -17.908562 -7.182450 0.000000
v -17.908562 -7.182450 1.500000
v -17.902184 19.231987 0.000000
v -17.902184 19.231987 1.500000
v -17.844749 7.643728 0.000000
v -17.844749 7.643728 1.500000
v -17.838232 -34.464375 0.000000
v -17.838232 -34.464375 1.500000
v -17.816467 1.188000 0.000000
v -17.816467 1.188000 1.500000
v -17.798035 19.918180 0.000000
v -17.798035 19.918180 1.500000
v -17.790726 11.646112 0.000000
v -17.790726 11.646112 1.500000
v -17.790560 -25.545094 0.000000
v -17.790560 -25.545094 1.500000
v -17.789062 -1.092094 0.000000
v -17.789062 -1.092094 1.500000
v -17.782167 -14.540625 0.000000
v -17.782167 -14.540625 1.500000
v -17.779291 -8.049937 0.000000
v -17.779291 -8.049937 1.500000
v -17.773903 -14.522681 0.000000
v -17.773903 -14.522681 1.500000
v -17.761379 12.857316 0.000000
v -17.761379 12.857316 1.500000
v -17.741037 6.032813 0.000000
v -17.741037 6.032813 1.500000
v -17.725950 -12.958481 0.000000
v -17.725950 -12.958481 1.500000
v -17.720648 34.777462 0.000000
v -17.720648 34.777462 1.500000
v -17.711720 -1.846969 0.000000
v -17.711720 -1.846969 1.500000
v -17.697702 -8.102221 0.000000
v -17.697702 -8.102221 1.500000
v -17.684185 -8.110885 0.000000
v -17.684185 -8.110885 1.500000
v -17.648689 19.861876 0.000000
v -17.648689 19.861876 1.500000
v -17.634375 5.878125 0.000000
v -17.634375 5.878125 1.500000
v -17.625093 6.883594 0.000000
v -17.625093 6.883594 1.500000
v -17.621483 -14.234344 0.000000
v -17.621483 -14.234344 1.500000
v -17.619263 -6.796041 0.000000
v -17.619263 -6.796041 1.500000
v -17.605913 -25.438669 0.000000
v -17.605913 -25.438669 1.500000
v -17.578688 6.745303 0.000000
v -17.578688 6.745303 1.500000
v -17.574974 33.908428 0.000000
v -17.574974 33.908428 1.500000
v -17.573118 -33.969376 0.000000
v -17.573118 -33.969376 1.500000
v -17.566931 -20.873222 0.000000
v -17.566931 -20.873222 1.500000
v -17.563831 -31.641329 0.000000
v -17.563831 -31.641329 1.500000
v -17.557650 11.306728 0.000000
v -17.557650 11.306728 1.500000
v -17.554581 12.514528 0.000000
v -17.554581 12.514528 1.500000
v -17.547750 23.970375 0.000000
v -17.547750 23.970375 1.500000
v -17.519907 31.014843 0.000000
v -17.519907 31.014843 1.500000
v -17.516933 -33.996601 0.000000
v -17.516933 -33.996601 1.500000
v -17.516813 1.381978 0.000000
v -17.516813 1.381978 1.500000
v -17.510006 4.049100 0.000000
v -17.510006 4.049100 1.500000
v -17.509697 38.580299 0.000000
v -17.509697 38.580299 1.500000
v -17.508224 5.692500 0.000000
v -17.508224 5.692500 1.500000
v -17.479687 -34.631439 0.000000
v -17.479687 -34.631439 1.500000
v -17.470406 12.375000 0.000000
v -17.470406 12.375000 1.500000
v -17.461124 6.538331 0.000000
v -17.461124 6.538331 1.500000
v -17.459578 -13.928062 0.000000
v -17.459578 -13.928062 1.500000
v -17.458651 31.161488 0.000000
v -17.458651 31.161488 1.500000
v -17.447823 0.554400 0.000000
v -17.447823 0.554400 1.500000
v -17.441198 33.953907 0.000000
v -17.441198 33.953907 1.500000
v -17.434397 -38.641556 0.000000
v -17.434397 -38.641556 1.500000
v -17.429235 -31.554394 0.000000
v -17.429235 -31.554394 1.500000
v -17.426975 -13.873303 0.000000
v -17.426975 -13.873303 1.500000
v -17.419430 -25.326675 0.000000
v -17.419430 -25.326675 1.500000
v -17.416668 -32.342064 0.000000
v -17.416668 -32.342064 1.500000
v -17.406557 38.624851 0.000000
v -17.406557 38.624851 1.500000
v -17.402962 -20.061731 0.000000
v -17.402962 -20.061731 1.500000
v -17.380068 31.501801 0.000000
v -17.380068 31.501801 1.500000
v -17.361744 12.220312 0.000000
v -17.361744 12.220312 1.500000
v -17.354153 -2.035687 0.000000
v -17.354153 -2.035687 1.500000
v -17.346788 -12.412125 0.000000
v -17.346788 -12.412125 1.500000
v -17.337376 -6.419531 0.000000
v -17.337376 -6.419531 1.500000
v -17.336720 31.772812 0.000000
v -17.336720 31.772812 1.500000
v -17.319628 -8.198438 0.000000
v -17.319628 -8.198438 1.500000
v -17.312006 -12.362006 0.000000
v -17.312006 -12.362006 1.500000
v -17.310150 33.998455 0.000000
v -17.310150 33.998455 1.500000
v -17.305595 29.828390 0.000000
v -17.305595 29.828390 1.500000
v -17.296228 35.114990 0.000000
v -17.296228 35.114990 1.500000
v -17.292812 -6.366938 0.000000
v -17.292812 -6.366938 1.500000
v -17.287874 -32.252342 0.000000
v -17.287874 -32.252342 1.500000
v -17.260580 10.920629 0.000000
v -17.260580 10.920629 1.500000
v -17.256319 -31.442709 0.000000
v -17.256319 -31.442709 1.500000
v -17.228165 -8.220403 0.000000
v -17.228165 -8.220403 1.500000
v -17.214266 1.660416 0.000000
v -17.214266 1.660416 1.500000
v -17.210531 32.561718 0.000000
v -17.210531 32.561718 1.500000
v -17.204962 23.744532 0.000000
v -17.204962 23.744532 1.500000
v -17.198774 -1.323197 0.000000
v -17.198774 -1.323197 1.500000
v -17.188641 5.222250 0.000000
v -17.188641 5.222250 1.500000
v -17.182127 -20.728125 0.000000
v -17.182127 -20.728125 1.500000
v -17.179594 -13.457812 0.000000
v -17.179594 -13.457812 1.500000
v -17.170313 29.743313 0.000000
v -17.170313 29.743313 1.500000
v -17.170313 34.031250 0.000000
v -17.170313 34.031250 1.500000
v -17.146799 33.132206 0.000000
v -17.146799 33.132206 1.500000
v -17.145563 -7.657031 0.000000
v -17.145563 -7.657031 1.500000
v -17.120813 1.746422 0.000000
v -17.120813 1.746422 1.500000
v -17.118338 33.599361 0.000000
v -17.118338 33.599361 1.500000
v -17.104488 22.791656 0.000000
v -17.104488 22.791656 1.500000
v -17.097137 1.803656 0.000000
v -17.097137 1.803656 1.500000
v -17.095716 23.685749 0.000000
v -17.095716 23.685749 1.500000
v -17.092350 -4.675894 0.000000
v -17.092350 -4.675894 1.500000
v -17.092041 4.114378 0.000000
v -17.092041 4.114378 1.500000
v -17.084538 -4.678369 0.000000
v -17.084538 -4.678369 1.500000
v -17.083687 6.032813 0.000000
v -17.083687 6.032813 1.500000
v -17.075380 1.856250 0.000000
v -17.075380 1.856250 1.500000
v -17.068705 -13.303125 0.000000
v -17.068705 -13.303125 1.500000
v -17.058010 10.657350 0.000000
v -17.058010 10.657350 1.500000
v -17.050682 1.915959 0.000000
v -17.050682 1.915959 1.500000
v -17.047226 1.924312 0.000000
v -17.047226 1.924312 1.500000
v -17.044746 19.634174 0.000000
v -17.044746 19.634174 1.500000
v -17.041960 4.142531 0.000000
v -17.041960 4.142531 1.500000
v -17.035862 -2.203678 0.000000
v -17.035862 -2.203678 1.500000
v -17.022121 -7.182450 0.000000
v -17.022121 -7.182450 1.500000
v -17.013027 35.743641 0.000000
v -17.013027 35.743641 1.500000
v -17.011393 2.010937 0.000000
v -17.011393 2.010937 1.500000
v -16.987711 18.896626 0.000000
v -16.987711 18.896626 1.500000
v -16.980356 -5.998162 0.000000
v -16.980356 -5.998162 1.500000
v -16.978809 4.913494 0.000000
v -16.978809 4.913494 1.500000
v -16.968243 28.089703 0.000000
v -16.968243 28.089703 1.500000
v -16.958391 11.646112 0.000000
v -16.958391 11.646112 1.500000
v -16.952822 38.204102 0.000000
v -16.952822 38.204102 1.500000
v -16.938282 -25.037718 0.000000
v -16.938282 -25.037718 1.500000
v -16.933922 5.878125 0.000000
v -16.933922 5.878125 1.500000
v -16.927454 7.035188 0.000000
v -16.927454 7.035188 1.500000
v -16.923153 -34.284317 0.000000
v -16.923153 -34.284317 1.500000
v -16.912294 -7.746131 0.000000
v -16.912294 -7.746131 1.500000
v -16.904249 23.582727 0.000000
v -16.904249 23.582727 1.500000
v -16.893421 -2.278856 0.000000
v -16.893421 -2.278856 1.500000
v -16.890221 -11.789662 0.000000
v -16.890221 -11.789662 1.500000
v -16.865004 -2.341969 0.000000
v -16.865004 -2.341969 1.500000
v -16.860937 19.564875 0.000000
v -16.860937 19.564875 1.500000
v -16.841482 -24.978010 0.000000
v -16.841482 -24.978010 1.500000
v -16.813030 36.187595 0.000000
v -16.813030 36.187595 1.500000
v -16.806496 -2.471906 0.000000
v -16.806496 -2.471906 1.500000
v -16.804947 36.205536 0.000000
v -16.804947 36.205536 1.500000
v -16.799063 26.705250 0.000000
v -16.799063 26.705250 1.500000
v -16.790091 -6.796041 0.000000
v -16.790091 -6.796041 1.500000
v -16.783594 2.561625 0.000000
v -16.783594 2.561625 1.500000
v -16.782812 -2.524500 0.000000
v -16.782812 -2.524500 1.500000
v -16.782679 -24.131250 0.000000
v -16.782679 -24.131250 1.500000
v -16.779263 4.549050 0.000000
v -16.779263 4.549050 1.500000
v -16.771219 36.280407 0.000000
v -16.771219 36.280407 1.500000
v -16.759968 -8.275782 0.000000
v -16.759968 -8.275782 1.500000
v -16.754204 5.692500 0.000000
v -16.754204 5.692500 1.500000
v -16.749252 0.885122 0.000000
v -16.749252 0.885122 1.500000
v -16.745081 -38.953716 0.000000
v -16.745081 -38.953716 1.500000
v -16.744923 -2.608650 0.000000
v -16.744923 -2.608650 1.500000
v -16.735575 -2.725903 0.000000
v -16.735575 -2.725903 1.500000
v -16.734661 -2.737350 0.000000
v -16.734661 -2.737350 1.500000
v -16.706249 -38.331562 0.000000
v -16.706249 -38.331562 1.500000
v -16.706249 -24.081751 0.000000
v -16.706249 -24.081751 1.500000
v -16.706249 -20.548687 0.000000
v -16.706249 -20.548687 1.500000
v -16.706249 -4.021875 0.000000
v -16.706249 -4.021875 1.500000
v -16.706249 -3.770044 0.000000
v -16.706249 -3.770044 1.500000
v -16.706249 -3.499959 0.000000
v -16.706249 -3.499959 1.500000
v -16.706249 -3.226781 0.000000
v -16.706249 -3.226781 1.500000
v -16.706249 -3.093750 0.000000
v -16.706249 -3.093750 1.500000
v -16.706249 3.403125 0.000000
v -16.706249 3.403125 1.500000
v -16.706249 4.331250 0.000000
v -16.706249 4.331250 1.500000
v -16.706249 7.734375 0.000000
v -16.706249 7.734375 1.500000
v -16.686449 -5.595665 0.000000
v -16.686449 -5.595665 1.500000
v -16.685051 -20.539406 0.000000
v -16.685051 -20.539406 1.500000
v -16.681499 -8.285063 0.000000
v -16.681499 -8.285063 1.500000
v -16.667578 36.732403 0.000000
v -16.667578 36.732403 1.500000
v -16.654087 -31.894707 0.000000
v -16.654087 -31.894707 1.500000
v -16.646639 25.214062 0.000000
v -16.646639 25.214062 1.500000
v -16.645905 38.953407 0.000000
v -16.645905 38.953407 1.500000
v -16.641796 -35.033627 0.000000
v -16.641796 -35.033627 1.500000
v -16.575075 24.513947 0.000000
v -16.575075 24.513947 1.500000
v -16.573837 -4.840172 0.000000
v -16.573837 -4.840172 1.500000
v -16.560844 18.740082 0.000000
v -16.560844 18.740082 1.500000
v -16.557751 23.512501 0.000000
v -16.557751 23.512501 1.500000
v -16.553419 19.409569 0.000000
v -16.553419 19.409569 1.500000
v -16.551563 -34.464375 0.000000
v -16.551563 -34.464375 1.500000
v -16.550932 24.072159 0.000000
v -16.550932 24.072159 1.500000
v -16.547541 37.101795 0.000000
v -16.547541 37.101795 1.500000
v -16.539188 31.772812 0.000000
v -16.539188 31.772812 1.500000
v -16.536713 23.811975 0.000000
v -16.536713 23.811975 1.500000
v -16.533840 31.501801 0.000000
v -16.533840 31.501801 1.500000
v -16.530874 -5.276700 0.000000
v -16.530874 -5.276700 1.500000
v -16.527126 31.161488 0.000000
v -16.527126 31.161488 1.500000
v -16.524233 31.014843 0.000000
v -16.524233 31.014843 1.500000
v -16.524094 31.007729 0.000000
v -16.524094 31.007729 1.500000
v -16.518148 32.561718 0.000000
v -16.518148 32.561718 1.500000
v -16.516420 30.618843 0.000000
v -16.516420 30.618843 1.500000
v -16.508249 9.977344 0.000000
v -16.508249 9.977344 1.500000
v -16.506702 -1.578741 0.000000
v -16.506702 -1.578741 1.500000
v -16.502935 33.132206 0.000000
v -16.502935 33.132206 1.500000
v -16.500826 29.828390 0.000000
v -16.500826 29.828390 1.500000
v -16.495632 29.743313 0.000000
v -16.495632 29.743313 1.500000
v -16.490477 33.599361 0.000000
v -16.490477 33.599361 1.500000
v -16.489687 -35.106636 0.000000
v -16.489687 -35.106636 1.500000
v -16.478960 34.031250 0.000000
v -16.478960 34.031250 1.500000
v -16.474218 -6.366938 0.000000
v -16.474218 -6.366938 1.500000
v -16.463646 34.605450 0.000000
v -16.463646 34.605450 1.500000
v -16.459059 34.777462 0.000000
v -16.459059 34.777462 1.500000
v -16.455578 1.005469 0.000000
v -16.455578 1.005469 1.500000
v -16.455214 -11.199375 0.000000
v -16.455214 -11.199375 1.500000
v -16.448843 19.360687 0.000000
v -16.448843 19.360687 1.500000
v -16.429977 -12.412125 0.000000
v -16.429977 -12.412125 1.500000
v -16.425772 35.114990 0.000000
v -16.425772 35.114990 1.500000
v -16.417294 10.920629 0.000000
v -16.417294 10.920629 1.500000
v -16.411415 -7.818216 0.000000
v -16.411415 -7.818216 1.500000
v -16.409250 -5.027344 0.000000
v -16.409250 -5.027344 1.500000
v -16.394709 28.089703 0.000000
v -16.394709 28.089703 1.500000
v -16.384438 9.816469 0.000000
v -16.384438 9.816469 1.500000
v -16.363771 35.743641 0.000000
v -16.363771 35.743641 1.500000
v -16.350470 -30.736406 0.000000
v -16.350470 -30.736406 1.500000
v -16.319530 37.440563 0.000000
v -16.319530 37.440563 1.500000
v -16.306988 -20.373890 0.000000
v -16.306988 -20.373890 1.500000
v -16.274836 -8.324353 0.000000
v -16.274836 -8.324353 1.500000
v -16.253633 22.240660 0.000000
v -16.253633 22.240660 1.500000
v -16.253016 5.222250 0.000000
v -16.253016 5.222250 1.500000
v -16.248375 2.010937 0.000000
v -16.248375 2.010937 1.500000
v -16.242188 36.187595 0.000000
v -16.242188 36.187595 1.500000
v -16.205063 -31.641329 0.000000
v -16.205063 -31.641329 1.500000
v -16.194675 26.705250 0.000000
v -16.194675 26.705250 1.500000
v -16.188383 -34.631439 0.000000
v -16.188383 -34.631439 1.500000
v -16.173506 19.231987 0.000000
v -16.173506 19.231987 1.500000
v -16.166700 7.072622 0.000000
v -16.166700 7.072622 1.500000
v -16.159779 2.561625 0.000000
v -16.159779 2.561625 1.500000
v -16.156490 37.389515 0.000000
v -16.156490 37.389515 1.500000
v -16.128242 9.483582 0.000000
v -16.128242 9.483582 1.500000
v -16.124624 -10.750781 0.000000
v -16.124624 -10.750781 1.500000
v -16.117374 -5.998162 0.000000
v -16.117374 -5.998162 1.500000
v -16.112217 18.562500 0.000000
v -16.112217 18.562500 1.500000
v -16.105444 7.758816 0.000000
v -16.105444 7.758816 1.500000
v -16.104824 -30.306376 0.000000
v -16.104824 -30.306376 1.500000
v -16.090593 1.924312 0.000000
v -16.090593 1.924312 1.500000
v -16.038309 -3.499959 0.000000
v -16.038309 -3.499959 1.500000
v -16.025625 -3.226781 0.000000
v -16.025625 -3.226781 1.500000
v -16.024395 3.403125 0.000000
v -16.024395 3.403125 1.500000
v -16.010157 1.188000 0.000000
v -16.010157 1.188000 1.500000
v -16.002731 -3.770044 0.000000
v -16.002731 -3.770044 1.500000
v -15.979528 38.624851 0.000000
v -15.979528 38.624851 1.500000
v -15.979218 25.214062 0.000000
v -15.979218 25.214062 1.500000
v -15.972722 -38.641556 0.000000
v -15.972722 -38.641556 1.500000
v -15.958016 -3.093750 0.000000
v -15.958016 -3.093750 1.500000
v -15.956016 1.915959 0.000000
v -15.956016 1.915959 1.500000
v -15.952613 -11.789662 0.000000
v -15.952613 -11.789662 1.500000
v -15.932813 3.972375 0.000000
v -15.932813 3.972375 1.500000
v -15.919906 9.212878 0.000000
v -15.919906 9.212878 1.500000
v -15.914250 -29.599762 0.000000
v -15.914250 -29.599762 1.500000
v -15.911749 1.923694 0.000000
v -15.911749 1.923694 1.500000
v -15.896044 4.913494 0.000000
v -15.896044 4.913494 1.500000
v -15.895997 39.277321 0.000000
v -15.895997 39.277321 1.500000
v -15.891975 -31.554394 0.000000
v -15.891975 -31.554394 1.500000
v -15.886590 -4.021875 0.000000
v -15.886590 -4.021875 1.500000
v -15.883312 37.254627 0.000000
v -15.883312 37.254627 1.500000
v -15.872794 -23.481873 0.000000
v -15.872794 -23.481873 1.500000
v -15.869928 18.466595 0.000000
v -15.869928 18.466595 1.500000
v -15.833194 18.452053 0.000000
v -15.833194 18.452053 1.500000
v -15.815250 -4.176562 0.000000
v -15.815250 -4.176562 1.500000
v -15.808885 24.513947 0.000000
v -15.808885 24.513947 1.500000
v -15.805040 -39.379417 0.000000
v -15.805040 -39.379417 1.500000
v -15.798968 -28.511999 0.000000
v -15.798968 -28.511999 1.500000
v -15.796791 -19.382343 0.000000
v -15.796791 -19.382343 1.500000
v -15.791119 21.724312 0.000000
v -15.791119 21.724312 1.500000
v -15.781219 -31.633595 0.000000
v -15.781219 -31.633595 1.500000
v -15.778269 7.803056 0.000000
v -15.778269 7.803056 1.500000
v -15.776888 -2.737350 0.000000
v -15.776888 -2.737350 1.500000
v -15.772017 -10.263206 0.000000
v -15.772017 -10.263206 1.500000
v -15.732283 8.969090 0.000000
v -15.732283 8.969090 1.500000
v -15.729255 -32.174999 0.000000
v -15.729255 -32.174999 1.500000
v -15.727898 -5.595665 0.000000
v -15.727898 -5.595665 1.500000
v -15.715820 -1.846969 0.000000
v -15.715820 -1.846969 1.500000
v -15.712538 -32.349178 0.000000
v -15.712538 -32.349178 1.500000
v -15.706350 1.959581 0.000000
v -15.706350 1.959581 1.500000
v -15.701400 24.072159 0.000000
v -15.701400 24.072159 1.500000
v -15.679663 8.900719 0.000000
v -15.679663 8.900719 1.500000
v -15.674484 36.205536 0.000000
v -15.674484 36.205536 1.500000
v -15.661999 -39.439125 0.000000
v -15.661999 -39.439125 1.500000
v -15.657376 36.196877 0.000000
v -15.657376 36.196877 1.500000
v -15.654375 -27.147655 0.000000
v -15.654375 -27.147655 1.500000
v -15.642362 -26.952440 0.000000
v -15.642362 -26.952440 1.500000
v -15.638906 -32.911312 0.000000
v -15.638906 -32.911312 1.500000
v -15.638668 9.977344 0.000000
v -15.638668 9.977344 1.500000
v -15.632719 -4.266900 0.000000
v -15.632719 -4.266900 1.500000
v -15.629675 23.811975 0.000000
v -15.629675 23.811975 1.500000
v -15.623438 -35.522438 0.000000
v -15.623438 -35.522438 1.500000
v -15.613538 7.825331 0.000000
v -15.613538 7.825331 1.500000
v -15.602400 -8.389322 0.000000
v -15.602400 -8.389322 1.500000
v -15.593970 -20.061731 0.000000
v -15.593970 -20.061731 1.500000
v -15.586312 21.192188 0.000000
v -15.586312 21.192188 1.500000
v -15.566628 -9.979200 0.000000
v -15.566628 -9.979200 1.500000
v -15.555375 8.739225 0.000000
v -15.555375 8.739225 1.500000
v -15.549188 -33.526970 0.000000
v -15.549188 -33.526970 1.500000
v -15.547118 23.512501 0.000000
v -15.547118 23.512501 1.500000
v -15.544904 -25.368750 0.000000
v -15.544904 -25.368750 1.500000
v -15.540292 -8.398912 0.000000
v -15.540292 -8.398912 1.500000
v -15.517371 -33.730846 0.000000
v -15.517371 -33.730846 1.500000
v -15.506751 7.876688 0.000000
v -15.506751 7.876688 1.500000
v -15.505875 9.816469 0.000000
v -15.505875 9.816469 1.500000
v -15.491452 -9.875250 0.000000
v -15.491452 -9.875250 1.500000
v -15.481125 -11.199375 0.000000
v -15.481125 -11.199375 1.500000
v -15.478499 3.611953 0.000000
v -15.478499 3.611953 1.500000
v -15.474689 4.549050 0.000000
v -15.474689 4.549050 1.500000
v -15.471318 8.609597 0.000000
v -15.471318 8.609597 1.500000
v -15.468750 -24.131250 0.000000
v -15.468750 -24.131250 1.500000
v -15.467512 -9.842147 0.000000
v -15.467512 -9.842147 1.500000
v -15.464732 -19.241888 0.000000
v -15.464732 -19.241888 1.500000
v -15.459469 -2.725903 0.000000
v -15.459469 -2.725903 1.500000
v -15.419250 -5.276700 0.000000
v -15.419250 -5.276700 1.500000
v -15.403319 -36.722813 0.000000
v -15.403319 -36.722813 1.500000
v -15.401291 1.381978 0.000000
v -15.401291 1.381978 1.500000
v -15.391406 -36.787781 0.000000
v -15.391406 -36.787781 1.500000
v -15.391406 18.896626 0.000000
v -15.391406 18.896626 1.500000
v -15.387693 -4.232559 0.000000
v -15.387693 -4.232559 1.500000
v -15.370685 20.443501 0.000000
v -15.370685 20.443501 1.500000
v -15.348403 22.791656 0.000000
v -15.348403 22.791656 1.500000
v -15.325509 20.286648 0.000000
v -15.325509 20.286648 1.500000
v -15.320197 7.966406 0.000000
v -15.320197 7.966406 1.500000
v -15.314062 -35.033627 0.000000
v -15.314062 -35.033627 1.500000
v -15.314062 -19.178156 0.000000
v -15.314062 -19.178156 1.500000
v -15.314062 18.228374 0.000000
v -15.314062 18.228374 1.500000
v -15.311852 -9.590625 0.000000
v -15.311852 -9.590625 1.500000
v -15.293978 8.336109 0.000000
v -15.293978 8.336109 1.500000
v -15.287766 -22.938919 0.000000
v -15.287766 -22.938919 1.500000
v -15.265491 8.292178 0.000000
v -15.265491 8.292178 1.500000
v -15.251299 -4.142531 0.000000
v -15.251299 -4.142531 1.500000
v -15.236719 7.075406 0.000000
v -15.236719 7.075406 1.500000
v -15.232388 -38.953716 0.000000
v -15.232388 -38.953716 1.500000
v -15.222877 4.331250 0.000000
v -15.222877 4.331250 1.500000
v -15.215079 -37.406532 0.000000
v -15.215079 -37.406532 1.500000
v -15.185672 -8.453671 0.000000
v -15.185672 -8.453671 1.500000
v -15.185672 35.958038 0.000000
v -15.185672 35.958038 1.500000
v -15.179175 9.483582 0.000000
v -15.179175 9.483582 1.500000
v -15.172650 22.240660 0.000000
v -15.172650 22.240660 1.500000
v -15.167889 -22.724213 0.000000
v -15.167889 -22.724213 1.500000
v -15.159375 -19.871466 0.000000
v -15.159375 -19.871466 1.500000
v -15.159375 -2.035687 0.000000
v -15.159375 -2.035687 1.500000
v -15.159375 8.043750 0.000000
v -15.159375 8.043750 1.500000
v -15.159375 36.815624 0.000000
v -15.159375 36.815624 1.500000
v -15.159375 38.953407 0.000000
v -15.159375 38.953407 1.500000
v -15.153749 -2.791491 0.000000
v -15.153749 -2.791491 1.500000
v -15.148547 19.816706 0.000000
v -15.148547 19.816706 1.500000
v -15.137918 -5.027344 0.000000
v -15.137918 -5.027344 1.500000
v -15.136790 -37.681255 0.000000
v -15.136790 -37.681255 1.500000
v -15.135781 -39.658783 0.000000
v -15.135781 -39.658783 1.500000
v -15.127403 -19.082560 0.000000
v -15.127403 -19.082560 1.500000
v -15.095953 -28.511999 0.000000
v -15.095953 -28.511999 1.500000
v -15.090900 -29.599762 0.000000
v -15.090900 -29.599762 1.500000
v -15.088717 -10.750781 0.000000
v -15.088717 -10.750781 1.500000
v -15.087618 -30.306376 0.000000
v -15.087618 -30.306376 1.500000
v -15.085620 -30.736406 0.000000
v -15.085620 -30.736406 1.500000
v -15.082339 -31.442709 0.000000
v -15.082339 -31.442709 1.500000
v -15.081820 -31.554394 0.000000
v -15.081820 -31.554394 1.500000
v -15.081452 -31.633595 0.000000
v -15.081452 -31.633595 1.500000
v -15.078938 -32.174999 0.000000
v -15.078938 -32.174999 1.500000
v -15.067575 39.591957 0.000000
v -15.067575 39.591957 1.500000
v -15.045525 -9.160284 0.000000
v -15.045525 -9.160284 1.500000
v -15.011759 -8.976516 0.000000
v -15.011759 -8.976516 1.500000
v -15.007950 21.724312 0.000000
v -15.007950 21.724312 1.500000
v -15.004687 2.168719 0.000000
v -15.004687 2.168719 1.500000
v -15.004687 3.236063 0.000000
v -15.004687 3.236063 1.500000
v -15.004687 4.142531 0.000000
v -15.004687 4.142531 1.500000
v -15.004047 35.838001 0.000000
v -15.004047 35.838001 1.500000
v -14.992800 18.740082 0.000000
v -14.992800 18.740082 1.500000
v -14.992312 -33.730846 0.000000
v -14.992312 -33.730846 1.500000
v -14.988291 -37.953197 0.000000
v -14.988291 -37.953197 1.500000
v -14.979033 -27.147655 0.000000
v -14.979033 -27.147655 1.500000
v -14.973750 2.179856 0.000000
v -14.973750 2.179856 1.500000
v -14.968918 4.114378 0.000000
v -14.968918 4.114378 1.500000
v -14.967590 -8.736132 0.000000
v -14.967590 -8.736132 1.500000
v -14.967563 19.413280 0.000000
v -14.967563 19.413280 1.500000
v -14.962303 -26.952440 0.000000
v -14.962303 -26.952440 1.500000
v -14.939850 -8.585156 0.000000
v -14.939850 -8.585156 1.500000
v -14.927343 -8.517094 0.000000
v -14.927343 -8.517094 1.500000
v -14.927343 -2.840063 0.000000
v -14.927343 -2.840063 1.500000
v -14.926745 -4.840172 0.000000
v -14.926745 -4.840172 1.500000
v -14.902594 -7.879781 0.000000
v -14.902594 -7.879781 1.500000
v -14.898166 19.274990 0.000000
v -14.898166 19.274990 1.500000
v -14.888672 9.212878 0.000000
v -14.888672 9.212878 1.500000
v -14.888313 -35.033627 0.000000
v -14.888313 -35.033627 1.500000
v -14.885978 4.049100 0.000000
v -14.885978 4.049100 1.500000
v -14.882484 -35.106636 0.000000
v -14.882484 -35.106636 1.500000
v -14.850000 -38.053123 0.000000
v -14.850000 -38.053123 1.500000
v -14.841385 3.107053 0.000000
v -14.841385 3.107053 1.500000
v -14.838217 21.192188 0.000000
v -14.838217 21.192188 1.500000
v -14.822391 -35.522438 0.000000
v -14.822391 -35.522438 1.500000
v -14.788495 3.972375 0.000000
v -14.788495 3.972375 1.500000
v -14.744194 -4.678369 0.000000
v -14.744194 -4.678369 1.500000
v -14.741110 -4.675894 0.000000
v -14.741110 -4.675894 1.500000
v -14.723156 -25.368750 0.000000
v -14.723156 -25.368750 1.500000
v -14.716969 -3.789844 0.000000
v -14.716969 -3.789844 1.500000
v -14.682938 -39.847809 0.000000
v -14.682938 -39.847809 1.500000
v -14.662210 -10.263206 0.000000
v -14.662210 -10.263206 1.500000
v -14.648907 -36.722813 0.000000
v -14.648907 -36.722813 1.500000
v -14.630343 -21.761438 0.000000
v -14.630343 -21.761438 1.500000
v -14.599406 20.443501 0.000000
v -14.599406 20.443501 1.500000
v -14.589197 -19.584057 0.000000
v -14.589197 -19.584057 1.500000
v -14.576512 -2.203678 0.000000
v -14.576512 -2.203678 1.500000
v -14.541164 -21.476503 0.000000
v -14.541164 -21.476503 1.500000
v -14.540625 8.969090 0.000000
v -14.540625 8.969090 1.500000
v -14.540625 18.562500 0.000000
v -14.540625 18.562500 1.500000
v -14.540625 35.531719 0.000000
v -14.540625 35.531719 1.500000
v -14.527322 1.660416 0.000000
v -14.527322 1.660416 1.500000
v -14.466993 -21.239521 0.000000
v -14.466993 -21.239521 1.500000
v -14.456779 -24.131250 0.000000
v -14.456779 -24.131250 1.500000
v -14.451216 9.038390 0.000000
v -14.451216 9.038390 1.500000
v -14.446123 -24.081751 0.000000
v -14.446123 -24.081751 1.500000
v -14.424609 13.352935 0.000000
v -14.424609 13.352935 1.500000
v -14.405207 13.207528 0.000000
v -14.405207 13.207528 1.500000
v -14.404500 13.706860 0.000000
v -14.404500 13.706860 1.500000
v -14.396502 -4.399312 0.000000
v -14.396502 -4.399312 1.500000
v -14.394060 13.123997 0.000000
v -14.394060 13.123997 1.500000
v -14.388585 7.038281 0.000000
v -14.388585 7.038281 1.500000
v -14.385938 -37.406532 0.000000
v -14.385938 -37.406532 1.500000
v -14.380987 -37.878948 0.000000
v -14.380987 -37.878948 1.500000
v -14.378203 -9.979200 0.000000
v -14.378203 -9.979200 1.500000
v -14.375030 12.981375 0.000000
v -14.375030 12.981375 1.500000
v -14.373213 12.967763 0.000000
v -14.373213 12.967763 1.500000
v -14.367062 12.921665 0.000000
v -14.367062 12.921665 1.500000
v -14.363751 -39.970631 0.000000
v -14.363751 -39.970631 1.500000
v -14.360156 2.400750 0.000000
v -14.360156 2.400750 1.500000
v -14.356546 36.280407 0.000000
v -14.356546 36.280407 1.500000
v -14.345718 12.761719 0.000000
v -14.345718 12.761719 1.500000
v -14.341078 17.714813 0.000000
v -14.341078 17.714813 1.500000
v -14.330560 3.611953 0.000000
v -14.330560 3.611953 1.500000
v -14.321279 9.223397 0.000000
v -14.321279 9.223397 1.500000
v -14.316997 -23.481873 0.000000
v -14.316997 -23.481873 1.500000
v -14.306321 12.586303 0.000000
v -14.306321 12.586303 1.500000
v -14.301478 -20.695950 0.000000
v -14.301478 -20.695950 1.500000
v -14.297821 -4.320113 0.000000
v -14.297821 -4.320113 1.500000
v -14.272436 -2.278856 0.000000
v -14.272436 -2.278856 1.500000
v -14.262188 -19.382343 0.000000
v -14.262188 -19.382343 1.500000
v -14.248096 -4.280203 0.000000
v -14.248096 -4.280203 1.500000
v -14.244244 36.205536 0.000000
v -14.244244 36.205536 1.500000
v -14.243625 7.966406 0.000000
v -14.243625 7.966406 1.500000
v -14.242822 -20.493000 0.000000
v -14.242822 -20.493000 1.500000
v -14.237462 12.279713 0.000000
v -14.237462 12.279713 1.500000
v -14.231521 -4.266900 0.000000
v -14.231521 -4.266900 1.500000
v -14.231250 -9.875250 0.000000
v -14.231250 -9.875250 1.500000
v -14.231250 36.196877 0.000000
v -14.231250 36.196877 1.500000
v -14.229144 -18.622519 0.000000
v -14.229144 -18.622519 1.500000
v -14.218875 -18.617260 0.000000
v -14.218875 -18.617260 1.500000
v -14.211717 8.043750 0.000000
v -14.211717 8.043750 1.500000
v -14.200123 -22.938919 0.000000
v -14.200123 -22.938919 1.500000
v -14.188734 -4.232559 0.000000
v -14.188734 -4.232559 1.500000
v -14.174801 39.931030 0.000000
v -14.174801 39.931030 1.500000
v -14.153906 -22.724213 0.000000
v -14.153906 -22.724213 1.500000
v -14.153597 7.876688 0.000000
v -14.153597 7.876688 1.500000
v -14.150046 1.746422 0.000000
v -14.150046 1.746422 1.500000
v -14.139365 19.274990 0.000000
v -14.139365 19.274990 1.500000
v -14.131013 11.805750 0.000000
v -14.131013 11.805750 1.500000
v -14.126115 9.603000 0.000000
v -14.126115 9.603000 1.500000
v -14.109227 8.292178 0.000000
v -14.109227 8.292178 1.500000
v -14.091104 8.336109 0.000000
v -14.091104 8.336109 1.500000
v -14.076563 -39.439125 0.000000
v -14.076563 -39.439125 1.500000
v -14.076563 -4.142531 0.000000
v -14.076563 -4.142531 1.500000
v -14.076563 2.502844 0.000000
v -14.076563 2.502844 1.500000
v -14.044078 -37.690228 0.000000
v -14.044078 -37.690228 1.500000
v -14.042531 -19.799999 0.000000
v -14.042531 -19.799999 1.500000
v -14.027181 -3.185944 0.000000
v -14.027181 -3.185944 1.500000
v -14.018567 11.446875 0.000000
v -14.018567 11.446875 1.500000
v -14.017162 -2.341969 0.000000
v -14.017162 -2.341969 1.500000
v -14.011594 9.825750 0.000000
v -14.011594 9.825750 1.500000
v -14.006643 11.408822 0.000000
v -14.006643 11.408822 1.500000
v -13.999219 13.928062 0.000000
v -13.999219 13.928062 1.500000
v -13.988955 7.825331 0.000000
v -13.988955 7.825331 1.500000
v -13.967353 -10.041075 0.000000
v -13.967353 -10.041075 1.500000
v -13.952503 -19.241888 0.000000
v -13.952503 -19.241888 1.500000
v -13.952194 -19.424419 0.000000
v -13.952194 -19.424419 1.500000
v -13.947244 -7.829662 0.000000
v -13.947244 -7.829662 1.500000
v -13.934250 -8.585156 0.000000
v -13.934250 -8.585156 1.500000
v -13.921875 -3.093750 0.000000
v -13.921875 -3.093750 1.500000
v -13.917543 7.803056 0.000000
v -13.917543 7.803056 1.500000
v -13.917234 8.609597 0.000000
v -13.917234 8.609597 1.500000
v -13.911280 17.464218 0.000000
v -13.911280 17.464218 1.500000
v -13.909500 -13.999219 0.000000
v -13.909500 -13.999219 1.500000
v -13.900143 -21.761438 0.000000
v -13.900143 -21.761438 1.500000
v -13.899240 -13.921875 0.000000
v -13.899240 -13.921875 1.500000
v -13.898981 1.803656 0.000000
v -13.898981 1.803656 1.500000
v -13.893413 -8.736132 0.000000
v -13.893413 -8.736132 1.500000
v -13.890938 11.137500 0.000000
v -13.890938 11.137500 1.500000
v -13.879181 10.200403 0.000000
v -13.879181 10.200403 1.500000
v -13.876514 -14.119875 0.000000
v -13.876514 -14.119875 1.500000
v -13.868663 -13.691391 0.000000
v -13.868663 -13.691391 1.500000
v -13.868256 -18.417093 0.000000
v -13.868256 -18.417093 1.500000
v -13.861886 10.295691 0.000000
v -13.861886 10.295691 1.500000
v -13.861607 10.922175 0.000000
v -13.861607 10.922175 1.500000
v -13.825041 -21.476503 0.000000
v -13.825041 -21.476503 1.500000
v -13.821494 8.739225 0.000000
v -13.821494 8.739225 1.500000
v -13.815197 -8.517094 0.000000
v -13.815197 -8.517094 1.500000
v -13.812975 10.565156 0.000000
v -13.812975 10.565156 1.500000
v -13.804622 -14.382844 0.000000
v -13.804622 -14.382844 1.500000
v -13.797197 17.397703 0.000000
v -13.797197 17.397703 1.500000
v -13.770591 -13.253316 0.000000
v -13.770591 -13.253316 1.500000
v -13.770281 -8.976516 0.000000
v -13.770281 -8.976516 1.500000
v -13.767187 -40.200188 0.000000
v -13.767187 -40.200188 1.500000
v -13.767187 35.838001 0.000000
v -13.767187 35.838001 1.500000
v -13.767169 18.562500 0.000000
v -13.767169 18.562500 1.500000
v -13.766569 -10.217419 0.000000
v -13.766569 -10.217419 1.500000
v -13.760550 -36.865124 0.000000
v -13.760550 -36.865124 1.500000
v -13.751464 -21.239521 0.000000
v -13.751464 -21.239521 1.500000
v -13.738835 -13.148438 0.000000
v -13.738835 -13.148438 1.500000
v -13.717069 18.466595 0.000000
v -13.717069 18.466595 1.500000
v -13.704262 -8.453671 0.000000
v -13.704262 -8.453671 1.500000
v -13.702219 8.900719 0.000000
v -13.702219 8.900719 1.500000
v -13.702088 18.452053 0.000000
v -13.702088 18.452053 1.500000
v -13.691391 13.893722 0.000000
v -13.691391 13.893722 1.500000
v -13.689844 -37.459126 0.000000
v -13.689844 -37.459126 1.500000
v -13.684275 -14.500097 0.000000
v -13.684275 -14.500097 1.500000
v -13.648304 8.969090 0.000000
v -13.648304 8.969090 1.500000
v -13.646226 -9.160284 0.000000
v -13.646226 -9.160284 1.500000
v -13.639416 3.107053 0.000000
v -13.639416 3.107053 1.500000
v -13.619080 -10.364062 0.000000
v -13.619080 -10.364062 1.500000
v -13.614514 -37.406532 0.000000
v -13.614514 -37.406532 1.500000
v -13.608479 -8.398912 0.000000
v -13.608479 -8.398912 1.500000
v -13.606313 12.761719 0.000000
v -13.606313 12.761719 1.500000
v -13.593658 9.038390 0.000000
v -13.593658 9.038390 1.500000
v -13.582699 -20.695950 0.000000
v -13.582699 -20.695950 1.500000
v -13.574757 12.586303 0.000000
v -13.574757 12.586303 1.500000
v -13.563948 -8.389322 0.000000
v -13.563948 -8.389322 1.500000
v -13.556657 -3.789844 0.000000
v -13.556657 -3.789844 1.500000
v -13.550625 -10.432125 0.000000
v -13.550625 -10.432125 1.500000
v -13.535156 -14.543718 0.000000
v -13.535156 -14.543718 1.500000
v -13.519688 -20.493000 0.000000
v -13.519688 -20.493000 1.500000
v -13.489059 12.279713 0.000000
v -13.489059 12.279713 1.500000
v -13.471644 18.228374 0.000000
v -13.471644 18.228374 1.500000
v -13.459978 -39.658783 0.000000
v -13.459978 -39.658783 1.500000
v -13.457812 -12.220312 0.000000
v -13.457812 -12.220312 1.500000
v -13.457812 1.856250 0.000000
v -13.457812 1.856250 1.500000
v -13.451006 12.921665 0.000000
v -13.451006 12.921665 1.500000
v -13.447772 9.223397 0.000000
v -13.447772 9.223397 1.500000
v -13.442041 -12.170813 0.000000
v -13.442041 -12.170813 1.500000
v -13.425186 35.531719 0.000000
v -13.425186 35.531719 1.500000
v -13.422129 7.758816 0.000000
v -13.422129 7.758816 1.500000
v -13.400421 34.591217 0.000000
v -13.400421 34.591217 1.500000
v -13.392810 40.228031 0.000000
v -13.392810 40.228031 1.500000
v -13.355719 -9.590625 0.000000
v -13.355719 -9.590625 1.500000
v -13.321997 39.591957 0.000000
v -13.321997 39.591957 1.500000
v -13.317047 35.958038 0.000000
v -13.317047 35.958038 1.500000
v -13.303125 -36.469124 0.000000
v -13.303125 -36.469124 1.500000
v -13.303125 17.089874 0.000000
v -13.303125 17.089874 1.500000
v -13.285862 -10.905469 0.000000
v -13.285862 -10.905469 1.500000
v -13.280231 12.967763 0.000000
v -13.280231 12.967763 1.500000
v -13.262287 -8.324353 0.000000
v -13.262287 -8.324353 1.500000
v -13.253316 13.791938 0.000000
v -13.253316 13.791938 1.500000
v -13.241250 -11.540616 0.000000
v -13.241250 -11.540616 1.500000
v -13.240744 -11.536903 0.000000
v -13.240744 -11.536903 1.500000
v -13.225781 -2.471906 0.000000
v -13.225781 -2.471906 1.500000
v -13.216738 -19.799999 0.000000
v -13.216738 -19.799999 1.500000
v -13.207219 11.446875 0.000000
v -13.207219 11.446875 1.500000
v -13.180304 -11.094188 0.000000
v -13.180304 -11.094188 1.500000
v -13.179994 6.985378 0.000000
v -13.179994 6.985378 1.500000
v -13.170742 -7.734375 0.000000
v -13.170742 -7.734375 1.500000
v -13.169674 -36.351562 0.000000
v -13.169674 -36.351562 1.500000
v -13.162550 -9.842147 0.000000
v -13.162550 -9.842147 1.500000
v -13.148438 7.734375 0.000000
v -13.148438 7.734375 1.500000
v -13.148438 9.603000 0.000000
v -13.148438 9.603000 1.500000
v -13.148438 40.320843 0.000000
v -13.148438 40.320843 1.500000
v -13.137127 -9.875250 0.000000
v -13.137127 -9.875250 1.500000
v -13.085366 11.137500 0.000000
v -13.085366 11.137500 1.500000
v -13.071094 12.981375 0.000000
v -13.071094 12.981375 1.500000
v -13.066763 -17.959528 0.000000
v -13.066763 -17.959528 1.500000
v -13.052549 -19.424419 0.000000
v -13.052549 -19.424419 1.500000
v -13.009773 -10.041075 0.000000
v -13.009773 -10.041075 1.500000
v -13.000556 10.922175 0.000000
v -13.000556 10.922175 1.500000
v -12.993750 -13.921875 0.000000
v -12.993750 -13.921875 1.500000
v -12.993750 -13.148438 0.000000
v -12.993750 -13.148438 1.500000
v -12.972754 -19.241888 0.000000
v -12.972754 -19.241888 1.500000
v -12.945178 -2.396109 0.000000
v -12.945178 -2.396109 1.500000
v -12.944894 -19.178156 0.000000
v -12.944894 -19.178156 1.500000
v -12.942549 17.714813 0.000000
v -12.942549 17.714813 1.500000
v -12.917335 34.192745 0.000000
v -12.917335 34.192745 1.500000
v -12.903103 -19.082560 0.000000
v -12.903103 -19.082560 1.500000
v -12.898462 -7.700963 0.000000
v -12.898462 -7.700963 1.500000
v -12.898417 12.938991 0.000000
v -12.898417 12.938991 1.500000
v -12.874341 -10.217419 0.000000
v -12.874341 -10.217419 1.500000
v -12.853293 -14.420897 0.000000
v -12.853293 -14.420897 1.500000
v -12.845936 10.565156 0.000000
v -12.845936 10.565156 1.500000
v -12.842156 -8.275782 0.000000
v -12.842156 -8.275782 1.500000
v -12.839063 -36.865124 0.000000
v -12.839063 -36.865124 1.500000
v -12.827538 9.049219 0.000000
v -12.827538 9.049219 1.500000
v -12.804257 -13.846078 0.000000
v -12.804257 -13.846078 1.500000
v -12.785541 -12.170813 0.000000
v -12.785541 -12.170813 1.500000
v -12.780900 -2.087662 0.000000
v -12.780900 -2.087662 1.500000
v -12.780849 -2.086734 0.000000
v -12.780849 -2.086734 1.500000
v -12.775640 -36.004444 0.000000
v -12.775640 -36.004444 1.500000
v -12.768574 -1.860581 0.000000
v -12.768574 -1.860581 1.500000
v -12.767836 -1.846969 0.000000
v -12.767836 -1.846969 1.500000
v -12.761719 -10.364062 0.000000
v -12.761719 -10.364062 1.500000
v -12.757852 -36.886780 0.000000
v -12.757852 -36.886780 1.500000
v -12.745675 34.035580 0.000000
v -12.745675 34.035580 1.500000
v -12.743536 -1.399303 0.000000
v -12.743536 -1.399303 1.500000
v -12.729235 10.295691 0.000000
v -12.729235 10.295691 1.500000
v -12.727688 36.698063 0.000000
v -12.727688 36.698063 1.500000
v -12.716936 -0.909253 0.000000
v -12.716936 -0.909253 1.500000
v -12.690095 2.502844 0.000000
v -12.690095 2.502844 1.500000
v -12.684375 -0.309375 0.000000
v -12.684375 -0.309375 1.500000
v -12.684375 0.777459 0.000000
v -12.684375 0.777459 1.500000
v -12.684375 1.103850 0.000000
v -12.684375 1.103850 1.500000
v -12.684375 1.218938 0.000000
v -12.684375 1.218938 1.500000
v -12.684375 1.236262 0.000000
v -12.684375 1.236262 1.500000
v -12.684375 1.432406 0.000000
v -12.684375 1.432406 1.500000
v -12.684375 1.856250 0.000000
v -12.684375 1.856250 1.500000
v -12.684375 17.464218 0.000000
v -12.684375 17.464218 1.500000
v -12.683471 10.200403 0.000000
v -12.683471 10.200403 1.500000
v -12.666431 -3.185944 0.000000
v -12.666431 -3.185944 1.500000
v -12.609507 -18.622519 0.000000
v -12.609507 -18.622519 1.500000
v -12.603502 -18.617260 0.000000
v -12.603502 -18.617260 1.500000
v -12.584660 17.397703 0.000000
v -12.584660 17.397703 1.500000
v -12.576632 6.933403 0.000000
v -12.576632 6.933403 1.500000
v -12.561635 -11.540616 0.000000
v -12.561635 -11.540616 1.500000
v -12.560316 -11.536903 0.000000
v -12.560316 -11.536903 1.500000
v -12.529688 2.400750 0.000000
v -12.529688 2.400750 1.500000
v -12.520980 8.520187 0.000000
v -12.520980 8.520187 1.500000
v -12.508292 -3.093750 0.000000
v -12.508292 -3.093750 1.500000
v -12.503537 9.825750 0.000000
v -12.503537 9.825750 1.500000
v -12.467194 -39.970631 0.000000
v -12.467194 -39.970631 1.500000
v -12.421406 36.196877 0.000000
v -12.421406 36.196877 1.500000
v -12.413671 -13.689844 0.000000
v -12.413671 -13.689844 1.500000
v -12.412583 -9.663637 0.000000
v -12.412583 -9.663637 1.500000
v -12.403708 33.722492 0.000000
v -12.403708 33.722492 1.500000
v -12.396557 9.603000 0.000000
v -12.396557 9.603000 1.500000
v -12.375343 12.810600 0.000000
v -12.375343 12.810600 1.500000
v -12.375000 -18.417093 0.000000
v -12.375000 -18.417093 1.500000
v -12.375000 34.591217 0.000000
v -12.375000 34.591217 1.500000
v -12.375000 36.209251 0.000000
v -12.375000 36.209251 1.500000
v -12.372834 16.481026 0.000000
v -12.372834 16.481026 1.500000
v -12.367481 -11.094188 0.000000
v -12.367481 -11.094188 1.500000
v -12.327665 -14.285700 0.000000
v -12.327665 -14.285700 1.500000
v -12.285281 -10.905469 0.000000
v -12.285281 -10.905469 1.500000
v -12.271359 6.907106 0.000000
v -12.271359 6.907106 1.500000
v -12.267338 39.931030 0.000000
v -12.267338 39.931030 1.500000
v -12.260531 -9.358594 0.000000
v -12.260531 -9.358594 1.500000
v -12.249739 8.052103 0.000000
v -12.249739 8.052103 1.500000
v -12.220312 12.772547 0.000000
v -12.220312 12.772547 1.500000
v -12.220312 13.451625 0.000000
v -12.220312 13.451625 1.500000
v -12.154725 17.110912 0.000000
v -12.154725 17.110912 1.500000
v -12.145538 -9.126253 0.000000
v -12.145538 -9.126253 1.500000
v -12.142969 36.892967 0.000000
v -12.142969 36.892967 1.500000
v -12.138947 -35.429626 0.000000
v -12.138947 -35.429626 1.500000
v -12.130593 9.049219 0.000000
v -12.130593 9.049219 1.500000
v -12.124972 17.089874 0.000000
v -12.124972 17.089874 1.500000
v -12.073143 -2.840063 0.000000
v -12.073143 -2.840063 1.500000
v -12.066253 -40.704468 0.000000
v -12.066253 -40.704468 1.500000
v -12.065625 -0.309375 0.000000
v -12.065625 -0.309375 1.500000
v -12.065625 7.734375 0.000000
v -12.065625 7.734375 1.500000
v -12.064078 -8.961665 0.000000
v -12.064078 -8.961665 1.500000
v -12.059438 -36.351562 0.000000
v -12.059438 -36.351562 1.500000
v -12.047063 -0.909253 0.000000
v -12.047063 -0.909253 1.500000
v -12.044247 -10.432125 0.000000
v -12.044247 -10.432125 1.500000
v -12.028810 2.179856 0.000000
v -12.028810 2.179856 1.500000
v -12.009587 -10.364062 0.000000
v -12.009587 -10.364062 1.500000
v -12.004369 40.665798 0.000000
v -12.004369 40.665798 1.500000
v -12.001430 -37.088493 0.000000
v -12.001430 -37.088493 1.500000
v -11.999352 2.168719 0.000000
v -11.999352 2.168719 1.500000
v -11.996943 -1.399303 0.000000
v -11.996943 -1.399303 1.500000
v -11.996943 0.777459 0.000000
v -11.996943 0.777459 1.500000
v -11.989828 -2.791491 0.000000
v -11.989828 -2.791491 1.500000
v -11.959819 16.208157 0.000000
v -11.959819 16.208157 1.500000
v -11.958478 -8.739843 0.000000
v -11.958478 -8.739843 1.500000
v -11.924550 33.283798 0.000000
v -11.924550 33.283798 1.500000
v -11.923312 1.103850 0.000000
v -11.923312 1.103850 1.500000
v -11.904131 -8.625685 0.000000
v -11.904131 -8.625685 1.500000
v -11.903530 34.192745 0.000000
v -11.903530 34.192745 1.500000
v -11.856449 -2.725903 0.000000
v -11.856449 -2.725903 1.500000
v -11.833593 -1.846969 0.000000
v -11.833593 -1.846969 1.500000
v -11.833593 1.218938 0.000000
v -11.833593 1.218938 1.500000
v -11.827097 8.520187 0.000000
v -11.827097 8.520187 1.500000
v -11.759344 -8.275782 0.000000
v -11.759344 -8.275782 1.500000
v -11.759344 -8.249794 0.000000
v -11.759344 -8.249794 1.500000
v -11.759344 -8.198438 0.000000
v -11.759344 -8.198438 1.500000
v -11.756250 -14.119875 0.000000
v -11.756250 -14.119875 1.500000
v -11.722318 -35.042908 0.000000
v -11.722318 -35.042908 1.500000
v -11.717578 34.035580 0.000000
v -11.717578 34.035580 1.500000
v -11.711498 -36.004444 0.000000
v -11.711498 -36.004444 1.500000
v -11.703352 -36.469124 0.000000
v -11.703352 -36.469124 1.500000
v -11.676450 -17.959528 0.000000
v -11.676450 -17.959528 1.500000
v -11.654157 16.003969 0.000000
v -11.654157 16.003969 1.500000
v -11.652919 -9.663637 0.000000
v -11.652919 -9.663637 1.500000
v -11.618003 -2.608650 0.000000
v -11.618003 -2.608650 1.500000
v -11.609606 -1.794994 0.000000
v -11.609606 -1.794994 1.500000
v -11.601562 6.818625 0.000000
v -11.601562 6.818625 1.500000
v -11.600512 6.818316 0.000000
v -11.600512 6.818316 1.500000
v -11.595994 12.552581 0.000000
v -11.595994 12.552581 1.500000
v -11.545257 13.207528 0.000000
v -11.545257 13.207528 1.500000
v -11.524837 -17.860218 0.000000
v -11.524837 -17.860218 1.500000
v -11.511535 16.656132 0.000000
v -11.511535 16.656132 1.500000
v -11.508131 8.052103 0.000000
v -11.508131 8.052103 1.500000
v -11.493833 40.809345 0.000000
v -11.493833 40.809345 1.500000
v -11.485030 -9.358594 0.000000
v -11.485030 -9.358594 1.500000
v -11.450555 -7.380141 0.000000
v -11.450555 -7.380141 1.500000
v -11.446875 -13.303125 0.000000
v -11.446875 -13.303125 1.500000
v -11.446875 -2.524500 0.000000
v -11.446875 -2.524500 1.500000
v -11.446198 1.959581 0.000000
v -11.446198 1.959581 1.500000
v -11.443163 1.108800 0.000000
v -11.443163 1.108800 1.500000
v -11.433881 -40.891949 0.000000
v -11.433881 -40.891949 1.500000
v -11.422512 -37.242870 0.000000
v -11.422512 -37.242870 1.500000
v -11.419818 32.793751 0.000000
v -11.419818 32.793751 1.500000
v -11.357156 -9.126253 0.000000
v -11.357156 -9.126253 1.500000
v -11.352290 1.076006 0.000000
v -11.352290 1.076006 1.500000
v -11.351278 1.923694 0.000000
v -11.351278 1.923694 1.500000
v -11.327213 1.915959 0.000000
v -11.327213 1.915959 1.500000
v -11.313225 37.188114 0.000000
v -11.313225 37.188114 1.500000
v -11.292188 40.228031 0.000000
v -11.292188 40.228031 1.500000
v -11.289539 -2.471906 0.000000
v -11.289539 -2.471906 1.500000
v -11.278889 16.481026 0.000000
v -11.278889 16.481026 1.500000
v -11.278884 36.504704 0.000000
v -11.278884 36.504704 1.500000
v -11.274384 -13.230422 0.000000
v -11.274384 -13.230422 1.500000
v -11.258325 -8.961665 0.000000
v -11.258325 -8.961665 1.500000
v -11.253515 33.722492 0.000000
v -11.253515 33.722492 1.500000
v -11.233192 15.676031 0.000000
v -11.233192 15.676031 1.500000
v -11.200953 7.734375 0.000000
v -11.200953 7.734375 1.500000
v -11.186025 -1.667531 0.000000
v -11.186025 -1.667531 1.500000
v -11.170603 -1.662891 0.000000
v -11.170603 -1.662891 1.500000
v -11.155740 12.375000 0.000000
v -11.155740 12.375000 1.500000
v -11.147400 1.002066 0.000000
v -11.147400 1.002066 1.500000
v -11.141430 1.856250 0.000000
v -11.141430 1.856250 1.500000
v -11.137500 -16.678406 0.000000
v -11.137500 -16.678406 1.500000
v -11.135321 -35.429626 0.000000
v -11.135321 -35.429626 1.500000
v -11.125125 -8.739843 0.000000
v -11.125125 -8.739843 1.500000
v -11.109656 13.123997 0.000000
v -11.109656 13.123997 1.500000
v -11.062792 -2.396109 0.000000
v -11.062792 -2.396109 1.500000
v -11.029704 -8.625685 0.000000
v -11.029704 -8.625685 1.500000
v -11.017617 -37.350845 0.000000
v -11.017617 -37.350845 1.500000
v -10.993262 -13.111931 0.000000
v -10.993262 -13.111931 1.500000
v -10.987762 15.484838 0.000000
v -10.987762 15.484838 1.500000
v -10.982813 -7.276500 0.000000
v -10.982813 -7.276500 1.500000
v -10.976625 7.502344 0.000000
v -10.976625 7.502344 1.500000
v -10.967343 32.354439 0.000000
v -10.967343 32.354439 1.500000
v -10.960831 0.928125 0.000000
v -10.960831 0.928125 1.500000
v -10.933312 12.285281 0.000000
v -10.933312 12.285281 1.500000
v -10.916355 16.208157 0.000000
v -10.916355 16.208157 1.500000
v -10.859062 -34.241627 0.000000
v -10.859062 -34.241627 1.500000
v -10.859062 -17.334591 0.000000
v -10.859062 -17.334591 1.500000
v -10.856587 36.622574 0.000000
v -10.856587 36.622574 1.500000
v -10.834935 -13.921875 0.000000
v -10.834935 -13.921875 1.500000
v -10.828125 0.875531 0.000000
v -10.828125 0.875531 1.500000
v -10.791000 33.765186 0.000000
v -10.791000 33.765186 1.500000
v -10.778934 -13.021594 0.000000
v -10.778934 -13.021594 1.500000
v -10.747687 -35.042908 0.000000
v -10.747687 -35.042908 1.500000
v -10.737234 -8.275782 0.000000
v -10.737234 -8.275782 1.500000
v -10.719225 41.027145 0.000000
v -10.719225 41.027145 1.500000
v -10.715512 -8.249794 0.000000
v -10.715512 -8.249794 1.500000
v -10.701282 34.032486 0.000000
v -10.701282 34.032486 1.500000
v -10.679007 7.483781 0.000000
v -10.679007 7.483781 1.500000
v -10.665125 -7.166053 0.000000
v -10.665125 -7.166053 1.500000
v -10.653776 15.197119 0.000000
v -10.653776 15.197119 1.500000
v -10.651483 7.497084 0.000000
v -10.651483 7.497084 1.500000
v -10.647361 -8.198438 0.000000
v -10.647361 -8.198438 1.500000
v -10.645072 16.003969 0.000000
v -10.645072 16.003969 1.500000
v -10.637558 12.140803 0.000000
v -10.637558 12.140803 1.500000
v -10.598569 34.448597 0.000000
v -10.598569 34.448597 1.500000
v -10.597641 37.475830 0.000000
v -10.597641 37.475830 1.500000
v -10.596094 36.698063 0.000000
v -10.596094 36.698063 1.500000
v -10.579078 15.132769 0.000000
v -10.579078 15.132769 1.500000
v -10.519678 -8.102221 0.000000
v -10.519678 -8.102221 1.500000
v -10.518750 -37.483875 0.000000
v -10.518750 -37.483875 1.500000
v -10.518750 13.436156 0.000000
v -10.518750 13.436156 1.500000
v -10.518750 32.793751 0.000000
v -10.518750 32.793751 1.500000
v -10.503907 -36.865124 0.000000
v -10.503907 -36.865124 1.500000
v -10.493995 13.457812 0.000000
v -10.493995 13.457812 1.500000
v -10.482244 -13.846078 0.000000
v -10.482244 -13.846078 1.500000
v -10.474919 41.089024 0.000000
v -10.474919 41.089024 1.500000
v -10.459350 -16.139166 0.000000
v -10.459350 -16.139166 1.500000
v -10.438313 -36.886780 0.000000
v -10.438313 -36.886780 1.500000
v -10.404282 35.500782 0.000000
v -10.404282 35.500782 1.500000
v -10.386834 33.283798 0.000000
v -10.386834 33.283798 1.500000
v -10.386060 35.655468 0.000000
v -10.386060 35.655468 1.500000
v -10.364062 -8.049937 0.000000
v -10.364062 -8.049937 1.500000
v -10.348783 -33.737343 0.000000
v -10.348783 -33.737343 1.500000
v -10.345592 14.919609 0.000000
v -10.345592 14.919609 1.500000
v -10.337766 36.498516 0.000000
v -10.337766 36.498516 1.500000
v -10.332197 36.112724 0.000000
v -10.332197 36.112724 1.500000
v -10.311213 -1.375172 0.000000
v -10.311213 -1.375172 1.500000
v -10.308684 13.619925 0.000000
v -10.308684 13.619925 1.500000
v -10.298475 12.938991 0.000000
v -10.298475 12.938991 1.500000
v -10.270631 7.681162 0.000000
v -10.270631 7.681162 1.500000
v -10.268743 33.722492 0.000000
v -10.268743 33.722492 1.500000
v -10.268340 11.960438 0.000000
v -10.268340 11.960438 1.500000
v -10.257250 33.765186 0.000000
v -10.257250 33.765186 1.500000
v -10.255042 -13.899600 0.000000
v -10.255042 -13.899600 1.500000
v -10.227319 -33.617306 0.000000
v -10.227319 -33.617306 1.500000
v -10.209375 12.981375 0.000000
v -10.209375 12.981375 1.500000
v -10.209375 15.676031 0.000000
v -10.209375 15.676031 1.500000
v -10.196382 12.810600 0.000000
v -10.196382 12.810600 1.500000
v -10.185295 34.032486 0.000000
v -10.185295 34.032486 1.500000
v -10.184625 14.772656 0.000000
v -10.184625 14.772656 1.500000
v -10.182150 6.400660 0.000000
v -10.182150 6.400660 1.500000
v -10.176581 -6.996206 0.000000
v -10.176581 -6.996206 1.500000
v -10.140067 -2.087662 0.000000
v -10.140067 -2.087662 1.500000
v -10.137291 -2.086734 0.000000
v -10.137291 -2.086734 1.500000
v -10.136707 12.772547 0.000000
v -10.136707 12.772547 1.500000
v -10.132031 -16.718624 0.000000
v -10.132031 -16.718624 1.500000
v -10.111350 37.737873 0.000000
v -10.111350 37.737873 1.500000
v -10.104188 -12.712528 0.000000
v -10.104188 -12.712528 1.500000
v -10.097010 32.354439 0.000000
v -10.097010 32.354439 1.500000
v -10.085625 -13.939509 0.000000
v -10.085625 -13.939509 1.500000
v -10.085431 -16.678406 0.000000
v -10.085431 -16.678406 1.500000
v -10.083970 -8.227209 0.000000
v -10.083970 -8.227209 1.500000
v -10.078200 13.770900 0.000000
v -10.078200 13.770900 1.500000
v -10.073283 34.448597 0.000000
v -10.073283 34.448597 1.500000
v -10.065907 -37.607624 0.000000
v -10.065907 -37.607624 1.500000
v -10.062092 7.866787 0.000000
v -10.062092 7.866787 1.500000
v -10.040460 -1.284525 0.000000
v -10.040460 -1.284525 1.500000
v -10.008684 11.833593 0.000000
v -10.008684 11.833593 1.500000
v -9.992212 13.800600 0.000000
v -9.992212 13.800600 1.500000
v -9.952598 15.484838 0.000000
v -9.952598 15.484838 1.500000
v -9.942609 -34.241627 0.000000
v -9.942609 -34.241627 1.500000
v -9.936963 -1.249875 0.000000
v -9.936963 -1.249875 1.500000
v -9.928462 -41.275883 0.000000
v -9.928462 -41.275883 1.500000
v -9.900000 -40.704468 0.000000
v -9.900000 -40.704468 1.500000
v -9.900000 -1.237500 0.000000
v -9.900000 -1.237500 1.500000
v -9.873250 -14.071922 0.000000
v -9.873250 -14.071922 1.500000
v -9.869990 -15.648188 0.000000
v -9.869990 -15.648188 1.500000
v -9.852121 14.391197 0.000000
v -9.852121 14.391197 1.500000
v -9.835027 -15.615085 0.000000
v -9.835027 -15.615085 1.500000
v -9.822657 1.432406 0.000000
v -9.822657 1.432406 1.500000
v -9.813375 37.898438 0.000000
v -9.813375 37.898438 1.500000
v -9.801929 -37.088493 0.000000
v -9.801929 -37.088493 1.500000
v -9.791761 12.552581 0.000000
v -9.791761 12.552581 1.500000
v -9.790047 35.500782 0.000000
v -9.790047 35.500782 1.500000
v -9.748406 35.655468 0.000000
v -9.748406 35.655468 1.500000
v -9.746241 13.115335 0.000000
v -9.746241 13.115335 1.500000
v -9.732269 13.123997 0.000000
v -9.732269 13.123997 1.500000
v -9.713447 -8.461716 0.000000
v -9.713447 -8.461716 1.500000
v -9.703238 38.086536 0.000000
v -9.703238 38.086536 1.500000
v -9.699318 13.901766 0.000000
v -9.699318 13.901766 1.500000
v -9.681334 -33.048367 0.000000
v -9.681334 -33.048367 1.500000
v -9.677250 -14.194125 0.000000
v -9.677250 -14.194125 1.500000
v -9.667969 13.912594 0.000000
v -9.667969 13.912594 1.500000
v -9.659307 14.169993 0.000000
v -9.659307 14.169993 1.500000
v -9.643875 13.934250 0.000000
v -9.643875 13.934250 1.500000
v -9.642546 -14.231250 0.000000
v -9.642546 -14.231250 1.500000
v -9.613763 36.112724 0.000000
v -9.613763 36.112724 1.500000
v -9.602612 8.275782 0.000000
v -9.602612 8.275782 1.500000
v -9.599906 7.038281 0.000000
v -9.599906 7.038281 1.500000
v -9.588459 13.984059 0.000000
v -9.588459 13.984059 1.500000
v -9.586868 41.313938 0.000000
v -9.586868 41.313938 1.500000
v -9.578869 38.369305 0.000000
v -9.578869 38.369305 1.500000
v -9.578202 7.075406 0.000000
v -9.578202 7.075406 1.500000
v -9.570724 6.985378 0.000000
v -9.570724 6.985378 1.500000
v -9.566184 15.197119 0.000000
v -9.566184 15.197119 1.500000
v -9.562735 38.418186 0.000000
v -9.562735 38.418186 1.500000
v -9.547003 11.608059 0.000000
v -9.547003 11.608059 1.500000
v -9.542053 6.933403 0.000000
v -9.542053 6.933403 1.500000
v -9.513591 -32.873569 0.000000
v -9.513591 -32.873569 1.500000
v -9.513281 12.375000 0.000000
v -9.513281 12.375000 1.500000
v -9.507274 6.907106 0.000000
v -9.507274 6.907106 1.500000
v -9.500287 -13.230422 0.000000
v -9.500287 -13.230422 1.500000
v -9.500164 36.498516 0.000000
v -9.500164 36.498516 1.500000
v -9.498740 13.268785 0.000000
v -9.498740 13.268785 1.500000
v -9.478196 -15.277246 0.000000
v -9.478196 -15.277246 1.500000
v -9.461639 38.724468 0.000000
v -9.461639 38.724468 1.500000
v -9.460625 -16.139166 0.000000
v -9.460625 -16.139166 1.500000
v -9.456424 15.132769 0.000000
v -9.456424 15.132769 1.500000
v -9.448489 -13.303125 0.000000
v -9.448489 -13.303125 1.500000
v -9.445528 -13.111931 0.000000
v -9.445528 -13.111931 1.500000
v -9.441405 36.698063 0.000000
v -9.441405 36.698063 1.500000
v -9.435938 -33.737343 0.000000
v -9.435938 -33.737343 1.500000
v -9.390250 6.818625 0.000000
v -9.390250 6.818625 1.500000
v -9.389841 6.818316 0.000000
v -9.389841 6.818316 1.500000
v -9.384014 36.892967 0.000000
v -9.384014 36.892967 1.500000
v -9.354262 -6.674766 0.000000
v -9.354262 -6.674766 1.500000
v -9.349313 39.064781 0.000000
v -9.349313 39.064781 1.500000
v -9.343895 -15.150094 0.000000
v -9.343895 -15.150094 1.500000
v -9.339456 7.483781 0.000000
v -9.339456 7.483781 1.500000
v -9.337281 12.285281 0.000000
v -9.337281 12.285281 1.500000
v -9.331678 7.497084 0.000000
v -9.331678 7.497084 1.500000
v -9.326109 6.068391 0.000000
v -9.326109 6.068391 1.500000
v -9.314044 -1.860581 0.000000
v -9.314044 -1.860581 1.500000
v -9.306167 13.436156 0.000000
v -9.306167 13.436156 1.500000
v -9.299883 -34.340626 0.000000
v -9.299883 -34.340626 1.500000
v -9.297107 37.188114 0.000000
v -9.297107 37.188114 1.500000
v -9.281250 -7.734375 0.000000
v -9.281250 -7.734375 1.500000
v -9.281250 13.457812 0.000000
v -9.281250 13.457812 1.500000
v -9.267328 -37.242870 0.000000
v -9.267328 -37.242870 1.500000
v -9.260213 0.633600 0.000000
v -9.260213 0.633600 1.500000
v -9.257195 -1.846969 0.000000
v -9.257195 -1.846969 1.500000
v -9.256500 31.478907 0.000000
v -9.256500 31.478907 1.500000
v -9.255881 -14.644884 0.000000
v -9.255881 -14.644884 1.500000
v -9.251281 -7.700963 0.000000
v -9.251281 -7.700963 1.500000
v -9.250313 -13.030875 0.000000
v -9.250313 -13.030875 1.500000
v -9.239175 39.397358 0.000000
v -9.239175 39.397358 1.500000
v -9.236042 -7.829662 0.000000
v -9.236042 -7.829662 1.500000
v -9.231476 -13.021594 0.000000
v -9.231476 -13.021594 1.500000
v -9.213187 -15.026343 0.000000
v -9.213187 -15.026343 1.500000
v -9.212385 37.475830 0.000000
v -9.212385 37.475830 1.500000
v -9.212263 -7.879781 0.000000
v -9.212263 -7.879781 1.500000
v -9.189365 -7.928044 0.000000
v -9.189365 -7.928044 1.500000
v -9.184261 7.681162 0.000000
v -9.184261 7.681162 1.500000
v -9.179775 -14.857735 0.000000
v -9.179775 -14.857735 1.500000
v -9.179775 -8.903812 0.000000
v -9.179775 -8.903812 1.500000
v -9.177434 -34.883579 0.000000
v -9.177434 -34.883579 1.500000
v -9.172969 -13.689844 0.000000
v -9.172969 -13.689844 1.500000
v -9.135225 37.737873 0.000000
v -9.135225 37.737873 1.500000
v -9.101812 39.666206 0.000000
v -9.101812 39.666206 1.500000
v -9.097758 -8.978063 0.000000
v -9.097758 -8.978063 1.500000
v -9.092840 14.919609 0.000000
v -9.092840 14.919609 1.500000
v -9.087767 -8.049937 0.000000
v -9.087767 -8.049937 1.500000
v -9.078564 37.898438 0.000000
v -9.078564 37.898438 1.500000
v -9.053860 12.140803 0.000000
v -9.053860 12.140803 1.500000
v -9.049219 -12.161531 0.000000
v -9.049219 -12.161531 1.500000
v -9.043032 8.773875 0.000000
v -9.043032 8.773875 1.500000
v -9.040132 -1.794994 0.000000
v -9.040132 -1.794994 1.500000
v -9.036843 -35.506969 0.000000
v -9.036843 -35.506969 1.500000
v -9.035606 7.866787 0.000000
v -9.035606 7.866787 1.500000
v -9.026142 -35.560181 0.000000
v -9.026142 -35.560181 1.500000
v -9.012185 38.086536 0.000000
v -9.012185 38.086536 1.500000
v -8.997839 -13.846078 0.000000
v -8.997839 -13.846078 1.500000
v -8.995078 -0.973294 0.000000
v -8.995078 -0.973294 1.500000
v -8.989510 30.171797 0.000000
v -8.989510 30.171797 1.500000
v -8.963522 -7.380141 0.000000
v -8.963522 -7.380141 1.500000
v -8.961356 1.236262 0.000000
v -8.961356 1.236262 1.500000
v -8.940009 -8.227209 0.000000
v -8.940009 -8.227209 1.500000
v -8.937843 -13.899600 0.000000
v -8.937843 -13.899600 1.500000
v -8.924850 11.250731 0.000000
v -8.924850 11.250731 1.500000
v -8.912399 38.369305 0.000000
v -8.912399 38.369305 1.500000
v -8.906488 -32.198822 0.000000
v -8.906488 -32.198822 1.500000
v -8.895150 38.418186 0.000000
v -8.895150 38.418186 1.500000
v -8.894531 6.614438 0.000000
v -8.894531 6.614438 1.500000
v -8.891740 -15.648188 0.000000
v -8.891740 -15.648188 1.500000
v -8.885559 13.800600 0.000000
v -8.885559 13.800600 1.500000
v -8.877299 -13.939509 0.000000
v -8.877299 -13.939509 1.500000
v -8.870400 -37.934326 0.000000
v -8.870400 -37.934326 1.500000
v -8.853384 -15.615085 0.000000
v -8.853384 -15.615085 1.500000
v -8.849881 1.218938 0.000000
v -8.849881 1.218938 1.500000
v -8.836176 8.986416 0.000000
v -8.836176 8.986416 1.500000
v -8.817187 39.903187 0.000000
v -8.817187 39.903187 1.500000
v -8.796978 -7.276500 0.000000
v -8.796978 -7.276500 1.500000
v -8.782537 -12.800390 0.000000
v -8.782537 -12.800390 1.500000
v -8.780991 -36.779118 0.000000
v -8.780991 -36.779118 1.500000
v -8.754080 -0.928125 0.000000
v -8.754080 -0.928125 1.500000
v -8.753866 -36.970314 0.000000
v -8.753866 -36.970314 1.500000
v -8.742937 38.724468 0.000000
v -8.742937 38.724468 1.500000
v -8.727468 -37.350845 0.000000
v -8.727468 -37.350845 1.500000
v -8.723756 -37.182545 0.000000
v -8.723756 -37.182545 1.500000
v -8.718187 40.809345 0.000000
v -8.718187 40.809345 1.500000
v -8.711691 13.901766 0.000000
v -8.711691 13.901766 1.500000
v -8.699934 30.875626 0.000000
v -8.699934 30.875626 1.500000
v -8.684246 -8.461716 0.000000
v -8.684246 -8.461716 1.500000
v -8.676422 -14.071922 0.000000
v -8.676422 -14.071922 1.500000
v -8.676112 -11.926406 0.000000
v -8.676112 -11.926406 1.500000
v -8.671782 8.275782 0.000000
v -8.671782 8.275782 1.500000
v -8.669513 13.912594 0.000000
v -8.669513 13.912594 1.500000
v -8.659716 11.960438 0.000000
v -8.659716 11.960438 1.500000
v -8.655086 -12.712528 0.000000
v -8.655086 -12.712528 1.500000
v -8.652484 -11.910937 0.000000
v -8.652484 -11.910937 1.500000
v -8.636203 39.832031 0.000000
v -8.636203 39.832031 1.500000
v -8.626309 9.202050 0.000000
v -8.626309 9.202050 1.500000
v -8.619497 -7.166053 0.000000
v -8.619497 -7.166053 1.500000
v -8.617218 -41.580002 0.000000
v -8.617218 -41.580002 1.500000
v -8.591344 14.942813 0.000000
v -8.591344 14.942813 1.500000
v -8.585156 -9.442125 0.000000
v -8.585156 -9.442125 1.500000
v -8.585156 13.934250 0.000000
v -8.585156 13.934250 1.500000
v -8.571380 -9.455119 0.000000
v -8.571380 -9.455119 1.500000
v -8.563861 -41.592377 0.000000
v -8.563861 -41.592377 1.500000
v -8.549228 9.281250 0.000000
v -8.549228 9.281250 1.500000
v -8.538750 -34.340626 0.000000
v -8.538750 -34.340626 1.500000
v -8.514619 -12.615694 0.000000
v -8.514619 -12.615694 1.500000
v -8.507812 -1.667531 0.000000
v -8.507812 -1.667531 1.500000
v -8.507812 5.701781 0.000000
v -8.507812 5.701781 1.500000
v -8.501316 15.190622 0.000000
v -8.501316 15.190622 1.500000
v -8.491991 15.241360 0.000000
v -8.491991 15.241360 1.500000
v -8.487503 9.344672 0.000000
v -8.487503 9.344672 1.500000
v -8.478702 -1.662891 0.000000
v -8.478702 -1.662891 1.500000
v -8.477184 6.435928 0.000000
v -8.477184 6.435928 1.500000
v -8.467690 -33.737343 0.000000
v -8.467690 -33.737343 1.500000
v -8.458312 10.939500 0.000000
v -8.458312 10.939500 1.500000
v -8.453552 -33.617306 0.000000
v -8.453552 -33.617306 1.500000
v -8.446556 -15.277246 0.000000
v -8.446556 -15.277246 1.500000
v -8.435419 -34.883579 0.000000
v -8.435419 -34.883579 1.500000
v -8.430469 -41.623314 0.000000
v -8.430469 -41.623314 1.500000
v -8.427685 15.591263 0.000000
v -8.427685 15.591263 1.500000
v -8.413164 6.400660 0.000000
v -8.413164 6.400660 1.500000
v -8.400083 16.010157 0.000000
v -8.400083 16.010157 1.500000
v -8.387156 13.630754 0.000000
v -8.387156 13.630754 1.500000
v -8.386538 -33.048367 0.000000
v -8.386538 -33.048367 1.500000
v -8.372669 41.621456 0.000000
v -8.372669 41.621456 1.500000
v -8.371997 39.650429 0.000000
v -8.371997 39.650429 1.500000
v -8.360859 -38.084682 0.000000
v -8.360859 -38.084682 1.500000
v -8.359312 16.628906 0.000000
v -8.359312 16.628906 1.500000
v -8.353125 41.626408 0.000000
v -8.353125 41.626408 1.500000
v -8.350949 -9.663019 0.000000
v -8.350949 -9.663019 1.500000
v -8.332397 17.151751 0.000000
v -8.332397 17.151751 1.500000
v -8.309813 -14.194125 0.000000
v -8.309813 -14.194125 1.500000
v -8.306136 17.325001 0.000000
v -8.306136 17.325001 1.500000
v -8.299603 13.308384 0.000000
v -8.299603 13.308384 1.500000
v -8.292042 -35.506969 0.000000
v -8.292042 -35.506969 1.500000
v -8.289084 -11.673028 0.000000
v -8.289084 -11.673028 1.500000
v -8.283098 -32.873569 0.000000
v -8.283098 -32.873569 1.500000
v -8.279803 -35.560181 0.000000
v -8.279803 -35.560181 1.500000
v -8.275782 -15.150094 0.000000
v -8.275782 -15.150094 1.500000
v -8.270837 -6.996206 0.000000
v -8.270837 -6.996206 1.500000
v -8.266500 -12.412125 0.000000
v -8.266500 -12.412125 1.500000
v -8.264025 17.602819 0.000000
v -8.264025 17.602819 1.500000
v -8.235562 11.833593 0.000000
v -8.235562 11.833593 1.500000
v -8.235562 12.916407 0.000000
v -8.235562 12.916407 1.500000
v -8.202074 -8.903812 0.000000
v -8.202074 -8.903812 1.500000
v -8.198438 -14.231250 0.000000
v -8.198438 -14.231250 1.500000
v -8.198438 -6.960938 0.000000
v -8.198438 -6.960938 1.500000
v -8.189157 -31.401562 0.000000
v -8.189157 -31.401562 1.500000
v -8.176723 8.773875 0.000000
v -8.176723 8.773875 1.500000
v -8.168118 38.412930 0.000000
v -8.168118 38.412930 1.500000
v -8.164406 -38.155220 0.000000
v -8.164406 -38.155220 1.500000
v -8.149865 -15.215062 0.000000
v -8.149865 -15.215062 1.500000
v -8.148613 -38.199459 0.000000
v -8.148613 -38.199459 1.500000
v -8.141216 1.108800 0.000000
v -8.141216 1.108800 1.500000
v -8.121094 -8.978063 0.000000
v -8.121094 -8.978063 1.500000
v -8.120475 30.205210 0.000000
v -8.120475 30.205210 1.500000
v -8.118000 11.910937 0.000000
v -8.118000 11.910937 1.500000
v -8.094259 30.171797 0.000000
v -8.094259 30.171797 1.500000
v -8.057054 -38.455933 0.000000
v -8.057054 -38.455933 1.500000
v -8.056744 -15.289312 0.000000
v -8.056744 -15.289312 1.500000
v -8.046225 29.012569 0.000000
v -8.046225 29.012569 1.500000
v -8.043750 -6.063750 0.000000
v -8.043750 -6.063750 1.500000
v -8.043750 18.098438 0.000000
v -8.043750 18.098438 1.500000
v -7.994833 38.254219 0.000000
v -7.994833 38.254219 1.500000
v -7.989609 -12.161531 0.000000
v -7.989609 -12.161531 1.500000
v -7.987134 0.550378 0.000000
v -7.987134 0.550378 1.500000
v -7.986825 -14.165044 0.000000
v -7.986825 -14.165044 1.500000
v -7.986516 -0.784266 0.000000
v -7.986516 -0.784266 1.500000
v -7.965478 8.986416 0.000000
v -7.965478 8.986416 1.500000
v -7.962694 -38.752930 0.000000
v -7.962694 -38.752930 1.500000
v -7.960219 15.241360 0.000000
v -7.960219 15.241360 1.500000
v -7.958576 15.190622 0.000000
v -7.958576 15.190622 1.500000
v -7.957125 -15.382125 0.000000
v -7.957125 -15.382125 1.500000
v -7.950550 14.942813 0.000000
v -7.950550 14.942813 1.500000
v -7.950064 -36.779118 0.000000
v -7.950064 -36.779118 1.500000
v -7.949798 14.919609 0.000000
v -7.949798 14.919609 1.500000
v -7.945039 14.772656 0.000000
v -7.945039 14.772656 1.500000
v -7.932684 14.391197 0.000000
v -7.932684 14.391197 1.500000
v -7.930209 1.076006 0.000000
v -7.930209 1.076006 1.500000
v -7.929906 10.541334 0.000000
v -7.929906 10.541334 1.500000
v -7.913753 15.591263 0.000000
v -7.913753 15.591263 1.500000
v -7.908962 41.704369 0.000000
v -7.908962 41.704369 1.500000
v -7.905255 -15.546094 0.000000
v -7.905255 -15.546094 1.500000
v -7.898344 -36.970314 0.000000
v -7.898344 -36.970314 1.500000
v -7.892874 -38.981251 0.000000
v -7.892874 -38.981251 1.500000
v -7.888234 14.169993 0.000000
v -7.888234 14.169993 1.500000
v -7.883803 -32.198822 0.000000
v -7.883803 -32.198822 1.500000
v -7.858125 16.010157 0.000000
v -7.858125 16.010157 1.500000
v -7.857197 6.094378 0.000000
v -7.857197 6.094378 1.500000
v -7.855031 -39.105000 0.000000
v -7.855031 -39.105000 1.500000
v -7.850871 13.984059 0.000000
v -7.850871 13.984059 1.500000
v -7.841109 -13.958382 0.000000
v -7.841109 -13.958382 1.500000
v -7.840862 13.934250 0.000000
v -7.840862 13.934250 1.500000
v -7.829729 -37.182545 0.000000
v -7.829729 -37.182545 1.500000
v -7.825950 18.084826 0.000000
v -7.825950 18.084826 1.500000
v -7.817390 -39.186367 0.000000
v -7.817390 -39.186367 1.500000
v -7.816912 6.068391 0.000000
v -7.816912 6.068391 1.500000
v -7.814975 -30.937500 0.000000
v -7.814975 -30.937500 1.500000
v -7.806734 41.722313 0.000000
v -7.806734 41.722313 1.500000
v -7.796491 -13.617141 0.000000
v -7.796491 -13.617141 1.500000
v -7.788206 -15.916106 0.000000
v -7.788206 -15.916106 1.500000
v -7.781517 -6.674766 0.000000
v -7.781517 -6.674766 1.500000
v -7.779875 13.630754 0.000000
v -7.779875 13.630754 1.500000
v -7.778462 -39.270515 0.000000
v -7.778462 -39.270515 1.500000
v -7.775318 -37.350845 0.000000
v -7.775318 -37.350845 1.500000
v -7.771892 38.050030 0.000000
v -7.771892 38.050030 1.500000
v -7.750611 38.030540 0.000000
v -7.750611 38.030540 1.500000
v -7.738706 -16.361298 0.000000
v -7.738706 -16.361298 1.500000
v -7.734393 -16.490307 0.000000
v -7.734393 -16.490307 1.500000
v -7.734375 39.067875 0.000000
v -7.734375 39.067875 1.500000
v -7.732308 -37.483875 0.000000
v -7.732308 -37.483875 1.500000
v -7.729811 -11.926406 0.000000
v -7.729811 -11.926406 1.500000
v -7.727096 16.628906 0.000000
v -7.727096 16.628906 1.500000
v -7.725094 -13.071094 0.000000
v -7.725094 -13.071094 1.500000
v -7.722000 -16.860937 0.000000
v -7.722000 -16.860937 1.500000
v -7.720883 -12.676332 0.000000
v -7.720883 -12.676332 1.500000
v -7.715096 13.308384 0.000000
v -7.715096 13.308384 1.500000
v -7.714575 9.202050 0.000000
v -7.714575 9.202050 1.500000
v -7.712719 -11.910937 0.000000
v -7.712719 -11.910937 1.500000
v -7.701797 -10.275271 0.000000
v -7.701797 -10.275271 1.500000
v -7.700364 -17.138138 0.000000
v -7.700364 -17.138138 1.500000
v -7.697599 -39.445312 0.000000
v -7.697599 -39.445312 1.500000
v -7.695889 37.980423 0.000000
v -7.695889 37.980423 1.500000
v -7.693788 28.536751 0.000000
v -7.693788 28.536751 1.500000
v -7.692300 -37.607624 0.000000
v -7.692300 -37.607624 1.500000
v -7.675284 37.961552 0.000000
v -7.675284 37.961552 1.500000
v -7.662114 -17.628187 0.000000
v -7.662114 -17.628187 1.500000
v -7.657031 -11.233406 0.000000
v -7.657031 -11.233406 1.500000
v -7.643109 -17.871666 0.000000
v -7.643109 -17.871666 1.500000
v -7.642276 -17.875687 0.000000
v -7.642276 -17.875687 1.500000
v -7.636328 12.916407 0.000000
v -7.636328 12.916407 1.500000
v -7.596703 -30.666798 0.000000
v -7.596703 -30.666798 1.500000
v -7.579688 9.281250 0.000000
v -7.579688 9.281250 1.500000
v -7.579688 10.277437 0.000000
v -7.579688 10.277437 1.500000
v -7.579688 17.325001 0.000000
v -7.579688 17.325001 1.500000
v -7.575658 -37.934326 0.000000
v -7.575658 -37.934326 1.500000
v -7.557413 -18.285299 0.000000
v -7.557413 -18.285299 1.500000
v -7.546894 -39.771084 0.000000
v -7.546894 -39.771084 1.500000
v -7.538897 37.818001 0.000000
v -7.538897 37.818001 1.500000
v -7.521976 -38.084682 0.000000
v -7.521976 -38.084682 1.500000
v -7.518294 -9.442125 0.000000
v -7.518294 -9.442125 1.500000
v -7.501416 -9.455119 0.000000
v -7.501416 -9.455119 1.500000
v -7.496792 -38.155220 0.000000
v -7.496792 -38.155220 1.500000
v -7.480997 -38.199459 0.000000
v -7.480997 -38.199459 1.500000
v -7.470788 -5.675484 0.000000
v -7.470788 -5.675484 1.500000
v -7.461506 17.934469 0.000000
v -7.461506 17.934469 1.500000
v -7.452844 -18.562500 0.000000
v -7.452844 -18.562500 1.500000
v -7.442485 37.716526 0.000000
v -7.442485 37.716526 1.500000
v -7.434281 11.910937 0.000000
v -7.434281 11.910937 1.500000
v -7.419722 28.166737 0.000000
v -7.419722 28.166737 1.500000
v -7.412268 11.833593 0.000000
v -7.412268 11.833593 1.500000
v -7.407943 38.724468 0.000000
v -7.407943 38.724468 1.500000
v -7.369254 -38.455933 0.000000
v -7.369254 -38.455933 1.500000
v -7.364981 -39.998165 0.000000
v -7.364981 -39.998165 1.500000
v -7.348077 11.608059 0.000000
v -7.348077 11.608059 1.500000
v -7.341370 37.610100 0.000000
v -7.341370 37.610100 1.500000
v -7.306343 -31.401562 0.000000
v -7.306343 -31.401562 1.500000
v -7.295063 27.998438 0.000000
v -7.295063 27.998438 1.500000
v -7.275262 8.895459 0.000000
v -7.275262 8.895459 1.500000
v -7.248603 5.701781 0.000000
v -7.248603 5.701781 1.500000
v -7.246375 11.250731 0.000000
v -7.246375 11.250731 1.500000
v -7.239852 -38.752930 0.000000
v -7.239852 -38.752930 1.500000
v -7.192969 -40.110470 0.000000
v -7.192969 -40.110470 1.500000
v -7.187118 27.831375 0.000000
v -7.187118 27.831375 1.500000
v -7.184725 29.012569 0.000000
v -7.184725 29.012569 1.500000
v -7.174413 37.434376 0.000000
v -7.174413 37.434376 1.500000
v -7.168219 28.991531 0.000000
v -7.168219 28.991531 1.500000
v -7.157794 10.939500 0.000000
v -7.157794 10.939500 1.500000
v -7.140375 -38.981251 0.000000
v -7.140375 -38.981251 1.500000
v -7.128928 -9.663019 0.000000
v -7.128928 -9.663019 1.500000
v -7.121503 41.089024 0.000000
v -7.121503 41.089024 1.500000
v -7.118719 -15.546094 0.000000
v -7.118719 -15.546094 1.500000
v -7.115625 -10.828125 0.000000
v -7.115625 -10.828125 1.500000
v -7.115625 37.372501 0.000000
v -7.115625 37.372501 1.500000
v -7.111881 -15.382125 0.000000
v -7.111881 -15.382125 1.500000
v -7.111802 38.412930 0.000000
v -7.111802 38.412930 1.500000
v -7.109262 -15.916106 0.000000
v -7.109262 -15.916106 1.500000
v -7.108011 -15.289312 0.000000
v -7.108011 -15.289312 1.500000
v -7.104915 -15.215062 0.000000
v -7.104915 -15.215062 1.500000
v -7.102206 -15.150094 0.000000
v -7.102206 -15.150094 1.500000
v -7.097885 -16.361298 0.000000
v -7.097885 -16.361298 1.500000
v -7.097045 -15.026343 0.000000
v -7.097045 -15.026343 1.500000
v -7.094587 -16.490307 0.000000
v -7.094587 -16.490307 1.500000
v -7.090014 -14.857735 0.000000
v -7.090014 -14.857735 1.500000
v -7.081138 -14.644884 0.000000
v -7.081138 -14.644884 1.500000
v -7.063890 -14.231250 0.000000
v -7.063890 -14.231250 1.500000
v -7.061175 41.853180 0.000000
v -7.061175 41.853180 1.500000
v -7.061129 -14.165044 0.000000
v -7.061129 -14.165044 1.500000
v -7.052511 -13.958382 0.000000
v -7.052511 -13.958382 1.500000
v -7.050837 16.964888 0.000000
v -7.050837 16.964888 1.500000
v -7.044469 10.541334 0.000000
v -7.044469 10.541334 1.500000
v -7.039320 37.282162 0.000000
v -7.039320 37.282162 1.500000
v -7.038281 -13.617141 0.000000
v -7.038281 -13.617141 1.500000
v -7.029928 8.477493 0.000000
v -7.029928 8.477493 1.500000
v -7.024669 -17.138138 0.000000
v -7.024669 -17.138138 1.500000
v -6.985849 -13.071094 0.000000
v -6.985849 -13.071094 1.500000
v -6.983212 -39.186367 0.000000
v -6.983212 -39.186367 1.500000
v -6.975169 -18.720282 0.000000
v -6.975169 -18.720282 1.500000
v -6.970219 -30.937500 0.000000
v -6.970219 -30.937500 1.500000
v -6.960938 38.254219 0.000000
v -6.960938 38.254219 1.500000
v -6.948563 -29.809828 0.000000
v -6.948563 -29.809828 1.500000
v -6.947944 -12.676332 0.000000
v -6.947944 -12.676332 1.500000
v -6.947315 10.277437 0.000000
v -6.947315 10.277437 1.500000
v -6.904167 1.002066 0.000000
v -6.904167 1.002066 1.500000
v -6.891335 -6.063750 0.000000
v -6.891335 -6.063750 1.500000
v -6.837187 -11.910937 0.000000
v -6.837187 -11.910937 1.500000
v -6.828835 28.536751 0.000000
v -6.828835 28.536751 1.500000
v -6.828216 -39.270515 0.000000
v -6.828216 -39.270515 1.500000
v -6.803156 -9.364781 0.000000
v -6.803156 -9.364781 1.500000
v -6.799888 -9.355809 0.000000
v -6.799888 -9.355809 1.500000
v -6.787149 36.983616 0.000000
v -6.787149 36.983616 1.500000
v -6.784594 16.783594 0.000000
v -6.784594 16.783594 1.500000
v -6.770274 -11.673028 0.000000
v -6.770274 -11.673028 1.500000
v -6.759844 7.966406 0.000000
v -6.759844 7.966406 1.500000
v -6.755693 -30.666798 0.000000
v -6.755693 -30.666798 1.500000
v -6.729525 -5.952684 0.000000
v -6.729525 -5.952684 1.500000
v -6.728906 -17.628187 0.000000
v -6.728906 -17.628187 1.500000
v -6.709725 4.611234 0.000000
v -6.709725 4.611234 1.500000
v -6.709415 -5.075916 0.000000
v -6.709415 -5.075916 1.500000
v -6.695371 27.070312 0.000000
v -6.695371 27.070312 1.500000
v -6.692709 -39.959805 0.000000
v -6.692709 -39.959805 1.500000
v -6.690234 -9.054788 0.000000
v -6.690234 -9.054788 1.500000
v -6.673838 -1.375172 0.000000
v -6.673838 -1.375172 1.500000
v -6.651563 -41.580002 0.000000
v -6.651563 -41.580002 1.500000
v -6.646628 -11.233406 0.000000
v -6.646628 -11.233406 1.500000
v -6.635002 16.669744 0.000000
v -6.635002 16.669744 1.500000
v -6.603919 9.344672 0.000000
v -6.603919 9.344672 1.500000
v -6.579257 -29.276775 0.000000
v -6.579257 -29.276775 1.500000
v -6.574219 0.507375 0.000000
v -6.574219 0.507375 1.500000
v -6.569810 9.281250 0.000000
v -6.569810 9.281250 1.500000
v -6.532640 -10.828125 0.000000
v -6.532640 -10.828125 1.500000
v -6.522862 -18.438749 0.000000
v -6.522862 -18.438749 1.500000
v -6.516056 28.166737 0.000000
v -6.516056 28.166737 1.500000
v -6.499969 -8.614857 0.000000
v -6.499969 -8.614857 1.500000
v -6.496875 17.325001 0.000000
v -6.496875 17.325001 1.500000
v -6.460059 -17.498249 0.000000
v -6.460059 -17.498249 1.500000
v -6.452052 -8.517094 0.000000
v -6.452052 -8.517094 1.500000
v -6.444281 -39.086437 0.000000
v -6.444281 -39.086437 1.500000
v -6.400222 -5.675484 0.000000
v -6.400222 -5.675484 1.500000
v -6.377147 -10.275271 0.000000
v -6.377147 -10.275271 1.500000
v -6.364153 -39.737362 0.000000
v -6.364153 -39.737362 1.500000
v -6.362329 8.895459 0.000000
v -6.362329 8.895459 1.500000
v -6.342187 5.117063 0.000000
v -6.342187 5.117063 1.500000
v -6.312357 27.998438 0.000000
v -6.312357 27.998438 1.500000
v -6.276468 16.396875 0.000000
v -6.276468 16.396875 1.500000
v -6.267161 7.270312 0.000000
v -6.267161 7.270312 1.500000
v -6.223626 -38.839867 0.000000
v -6.223626 -38.839867 1.500000
v -6.216598 -28.753313 0.000000
v -6.216598 -28.753313 1.500000
v -6.196781 37.434376 0.000000
v -6.196781 37.434376 1.500000
v -6.165969 37.372501 0.000000
v -6.165969 37.372501 1.500000
v -6.162441 -38.771492 0.000000
v -6.162441 -38.771492 1.500000
v -6.150539 -9.663019 0.000000
v -6.150539 -9.663019 1.500000
v -6.137544 8.477493 0.000000
v -6.137544 8.477493 1.500000
v -6.120985 37.282162 0.000000
v -6.120985 37.282162 1.500000
v -6.114248 -38.709618 0.000000
v -6.114248 -38.709618 1.500000
v -6.110156 27.831375 0.000000
v -6.110156 27.831375 1.500000
v -6.082440 -38.668781 0.000000
v -6.082440 -38.668781 1.500000
v -6.076568 -29.809828 0.000000
v -6.076568 -29.809828 1.500000
v -6.068704 -28.539845 0.000000
v -6.068704 -28.539845 1.500000
v -6.057290 36.119530 0.000000
v -6.057290 36.119530 1.500000
v -6.043950 16.219912 0.000000
v -6.043950 16.219912 1.500000
v -6.040155 -9.364781 0.000000
v -6.040155 -9.364781 1.500000
v -6.036834 -9.355809 0.000000
v -6.036834 -9.355809 1.500000
v -6.032813 -39.445312 0.000000
v -6.032813 -39.445312 1.500000
v -6.015797 -17.148966 0.000000
v -6.015797 -17.148966 1.500000
v -6.013322 26.014725 0.000000
v -6.013322 26.014725 1.500000
v -6.004969 27.964096 0.000000
v -6.004969 27.964096 1.500000
v -5.992594 -7.579688 0.000000
v -5.992594 -7.579688 1.500000
v -5.991666 16.964888 0.000000
v -5.991666 16.964888 1.500000
v -5.943094 35.984333 0.000000
v -5.943094 35.984333 1.500000
v -5.926178 -17.061104 0.000000
v -5.926178 -17.061104 1.500000
v -5.919890 36.983616 0.000000
v -5.919890 36.983616 1.500000
v -5.890191 28.316784 0.000000
v -5.890191 28.316784 1.500000
v -5.889709 16.087500 0.000000
v -5.889709 16.087500 1.500000
v -5.882501 16.081312 0.000000
v -5.882501 16.081312 1.500000
v -5.878125 0.928125 0.000000
v -5.878125 0.928125 1.500000
v -5.861238 16.063059 0.000000
v -5.861238 16.063059 1.500000
v -5.855231 37.610100 0.000000
v -5.855231 37.610100 1.500000
v -5.831719 -17.875687 0.000000
v -5.831719 -17.875687 1.500000
v -5.819788 -38.331562 0.000000
v -5.819788 -38.331562 1.500000
v -5.802857 16.012941 0.000000
v -5.802857 16.012941 1.500000
v -5.800781 -28.153126 0.000000
v -5.800781 -28.153126 1.500000
v -5.783766 3.925041 0.000000
v -5.783766 3.925041 1.500000
v -5.775217 -39.270515 0.000000
v -5.775217 -39.270515 1.500000
v -5.757379 -38.251434 0.000000
v -5.757379 -38.251434 1.500000
v -5.734266 -5.114897 0.000000
v -5.734266 -5.114897 1.500000
v -5.728714 6.509559 0.000000
v -5.728714 6.509559 1.500000
v -5.709273 16.783594 0.000000
v -5.709273 16.783594 1.500000
v -5.709206 -1.284525 0.000000
v -5.709206 -1.284525 1.500000
v -5.702198 -38.180588 0.000000
v -5.702198 -38.180588 1.500000
v -5.699306 -38.176876 0.000000
v -5.699306 -38.176876 1.500000
v -5.692046 -5.075916 0.000000
v -5.692046 -5.075916 1.500000
v -5.689406 29.467968 0.000000
v -5.689406 29.467968 1.500000
v -5.678887 15.906516 0.000000
v -5.678887 15.906516 1.500000
v -5.673937 -8.517094 0.000000
v -5.673937 -8.517094 1.500000
v -5.670573 -16.810509 0.000000
v -5.670573 -16.810509 1.500000
v -5.669061 4.611234 0.000000
v -5.669061 4.611234 1.500000
v -5.668059 6.423862 0.000000
v -5.668059 6.423862 1.500000
v -5.654138 -29.276775 0.000000
v -5.654138 -29.276775 1.500000
v -5.646094 -0.628031 0.000000
v -5.646094 -0.628031 1.500000
v -5.646094 27.070312 0.000000
v -5.646094 27.070312 1.500000
v -5.643749 -38.099533 0.000000
v -5.643749 -38.099533 1.500000
v -5.618463 15.849281 0.000000
v -5.618463 15.849281 1.500000
v -5.604147 30.009375 0.000000
v -5.604147 30.009375 1.500000
v -5.599378 -6.952584 0.000000
v -5.599378 -6.952584 1.500000
v -5.579730 0.464063 0.000000
v -5.579730 0.464063 1.500000
v -5.573696 -16.715530 0.000000
v -5.573696 -16.715530 1.500000
v -5.572772 30.208612 0.000000
v -5.572772 30.208612 1.500000
v -5.568750 41.313938 0.000000
v -5.568750 41.313938 1.500000
v -5.564229 -16.706249 0.000000
v -5.564229 -16.706249 1.500000
v -5.548022 4.520278 0.000000
v -5.548022 4.520278 1.500000
v -5.531934 16.669744 0.000000
v -5.531934 16.669744 1.500000
v -5.522179 -17.628187 0.000000
v -5.522179 -17.628187 1.500000
v -5.503944 -39.086437 0.000000
v -5.503944 -39.086437 1.500000
v -5.499300 -37.898438 0.000000
v -5.499300 -37.898438 1.500000
v -5.488313 7.270312 0.000000
v -5.488313 7.270312 1.500000
v -5.485219 37.716526 0.000000
v -5.485219 37.716526 1.500000
v -5.468246 27.831375 0.000000
v -5.468246 27.831375 1.500000
v -5.459073 15.698306 0.000000
v -5.459073 15.698306 1.500000
v -5.448403 25.057518 0.000000
v -5.448403 25.057518 1.500000
v -5.438300 -6.733856 0.000000
v -5.438300 -6.733856 1.500000
v -5.437884 35.340836 0.000000
v -5.437884 35.340836 1.500000
v -5.437231 27.964096 0.000000
v -5.437231 27.964096 1.500000
v -5.416537 42.036945 0.000000
v -5.416537 42.036945 1.500000
v -5.414062 38.458405 0.000000
v -5.414062 38.458405 1.500000
v -5.397047 31.023815 0.000000
v -5.397047 31.023815 1.500000
v -5.380031 15.623438 0.000000
v -5.380031 15.623438 1.500000
v -5.359671 -17.498249 0.000000
v -5.359671 -17.498249 1.500000
v -5.354813 28.316784 0.000000
v -5.354813 28.316784 1.500000
v -5.345078 -27.379688 0.000000
v -5.345078 -27.379688 1.500000
v -5.318466 -27.334518 0.000000
v -5.318466 -27.334518 1.500000
v -5.262469 36.119530 0.000000
v -5.262469 36.119530 1.500000
v -5.251148 15.474628 0.000000
v -5.251148 15.474628 1.500000
v -5.215850 -16.364700 0.000000
v -5.215850 -16.364700 1.500000
v -5.186672 -28.753313 0.000000
v -5.186672 -28.753313 1.500000
v -5.179245 -16.328812 0.000000
v -5.179245 -16.328812 1.500000
v -5.161900 34.959373 0.000000
v -5.161900 34.959373 1.500000
v -5.153951 35.984333 0.000000
v -5.153951 35.984333 1.500000
v -5.149968 26.014725 0.000000
v -5.149968 26.014725 1.500000
v -5.140575 -38.839867 0.000000
v -5.140575 -38.839867 1.500000
v -5.137866 5.809753 0.000000
v -5.137866 5.809753 1.500000
v -5.116133 -16.266937 0.000000
v -5.116133 -16.266937 1.500000
v -5.085799 29.467968 0.000000
v -5.085799 29.467968 1.500000
v -5.076844 34.841812 0.000000
v -5.076844 34.841812 1.500000
v -5.033531 24.285938 0.000000
v -5.033531 24.285938 1.500000
v -5.033531 37.818001 0.000000
v -5.033531 37.818001 1.500000
v -5.018063 -3.573281 0.000000
v -5.018063 -3.573281 1.500000
v -5.015897 -6.160275 0.000000
v -5.015897 -6.160275 1.500000
v -4.993312 3.251531 0.000000
v -4.993312 3.251531 1.500000
v -4.965469 32.484375 0.000000
v -4.965469 32.484375 1.500000
v -4.959281 30.009375 0.000000
v -4.959281 30.009375 1.500000
v -4.953712 6.509559 0.000000
v -4.953712 6.509559 1.500000
v -4.950000 16.396875 0.000000
v -4.950000 16.396875 1.500000
v -4.934531 -28.539845 0.000000
v -4.934531 -28.539845 1.500000
v -4.933108 -16.087500 0.000000
v -4.933108 -16.087500 1.500000
v -4.925869 0.952875 0.000000
v -4.925869 0.952875 1.500000
v -4.922833 -17.148966 0.000000
v -4.922833 -17.148966 1.500000
v -4.905656 16.476694 0.000000
v -4.905656 16.476694 1.500000
v -4.872656 -1.249875 0.000000
v -4.872656 -1.249875 1.500000
v -4.859617 -38.771492 0.000000
v -4.859617 -38.771492 1.500000
v -4.851000 5.477484 0.000000
v -4.851000 5.477484 1.500000
v -4.847906 -16.003969 0.000000
v -4.847906 -16.003969 1.500000
v -4.836858 3.925041 0.000000
v -4.836858 3.925041 1.500000
v -4.813875 16.641899 0.000000
v -4.813875 16.641899 1.500000
v -4.812947 -17.061104 0.000000
v -4.812947 -17.061104 1.500000
v -4.804665 32.902649 0.000000
v -4.804665 32.902649 1.500000
v -4.803666 -26.361534 0.000000
v -4.803666 -26.361534 1.500000
v -4.800608 16.706249 0.000000
v -4.800608 16.706249 1.500000
v -4.794166 34.419827 0.000000
v -4.794166 34.419827 1.500000
v -4.773656 25.214062 0.000000
v -4.773656 25.214062 1.500000
v -4.758497 3.859453 0.000000
v -4.758497 3.859453 1.500000
v -4.752619 38.539154 0.000000
v -4.752619 38.539154 1.500000
v -4.725703 14.867944 0.000000
v -4.725703 14.867944 1.500000
v -4.724350 -5.817488 0.000000
v -4.724350 -5.817488 1.500000
v -4.717969 -4.176562 0.000000
v -4.717969 -4.176562 1.500000
v -4.700342 25.057518 0.000000
v -4.700342 25.057518 1.500000
v -4.675275 17.314173 0.000000
v -4.675275 17.314173 1.500000
v -4.674966 -28.779919 0.000000
v -4.674966 -28.779919 1.500000
v -4.650980 14.772656 0.000000
v -4.650980 14.772656 1.500000
v -4.649906 -37.898438 0.000000
v -4.649906 -37.898438 1.500000
v -4.637435 35.340836 0.000000
v -4.637435 35.340836 1.500000
v -4.622991 -42.243919 0.000000
v -4.622991 -42.243919 1.500000
v -4.621444 -6.733856 0.000000
v -4.621444 -6.733856 1.500000
v -4.610385 -36.660938 0.000000
v -4.610385 -36.660938 1.500000
v -4.605356 -38.709618 0.000000
v -4.605356 -38.709618 1.500000
v -4.605299 -1.262559 0.000000
v -4.605299 -1.262559 1.500000
v -4.574552 18.330469 0.000000
v -4.574552 18.330469 1.500000
v -4.571325 23.357813 0.000000
v -4.571325 23.357813 1.500000
v -4.555547 -29.083107 0.000000
v -4.555547 -29.083107 1.500000
v -4.485938 -36.487686 0.000000
v -4.485938 -36.487686 1.500000
v -4.464281 -29.467968 0.000000
v -4.464281 -29.467968 1.500000
v -4.451906 19.567968 0.000000
v -4.451906 19.567968 1.500000
v -4.449740 -16.810509 0.000000
v -4.449740 -16.810509 1.500000
v -4.433344 -27.379688 0.000000
v -4.433344 -27.379688 1.500000
v -4.430250 33.876564 0.000000
v -4.430250 33.876564 1.500000
v -4.419391 20.114325 0.000000
v -4.419391 20.114325 1.500000
v -4.419375 -25.523438 0.000000
v -4.419375 -25.523438 1.500000
v -4.418184 5.809753 0.000000
v -4.418184 5.809753 1.500000
v -4.413997 -27.334518 0.000000
v -4.413997 -27.334518 1.500000
v -4.396970 14.448741 0.000000
v -4.396970 14.448741 1.500000
v -4.357657 21.151659 0.000000
v -4.357657 21.151659 1.500000
v -4.351359 14.390578 0.000000
v -4.351359 14.390578 1.500000
v -4.344244 15.698306 0.000000
v -4.344244 15.698306 1.500000
v -4.338984 24.285938 0.000000
v -4.338984 24.285938 1.500000
v -4.336581 15.623438 0.000000
v -4.336581 15.623438 1.500000
v -4.331250 34.959373 0.000000
v -4.331250 34.959373 1.500000
v -4.326348 -30.009375 0.000000
v -4.326348 -30.009375 1.500000
v -4.321350 15.474628 0.000000
v -4.321350 15.474628 1.500000
v -4.309903 -0.603900 0.000000
v -4.309903 -0.603900 1.500000
v -4.301385 4.903594 0.000000
v -4.301385 4.903594 1.500000
v -4.300011 22.120312 0.000000
v -4.300011 22.120312 1.500000
v -4.265044 -2.827688 0.000000
v -4.265044 -2.827688 1.500000
v -4.263187 22.739063 0.000000
v -4.263187 22.739063 1.500000
v -4.253906 -16.715530 0.000000
v -4.253906 -16.715530 1.500000
v -4.226062 15.849281 0.000000
v -4.226062 15.849281 1.500000
v -4.225881 -28.153126 0.000000
v -4.225881 -28.153126 1.500000
v -4.212759 -15.277556 0.000000
v -4.212759 -15.277556 1.500000
v -4.212450 1.026506 0.000000
v -4.212450 1.026506 1.500000
v -4.207231 14.194744 0.000000
v -4.207231 14.194744 1.500000
v -4.205590 37.961552 0.000000
v -4.205590 37.961552 1.500000
v -4.146475 3.251531 0.000000
v -4.146475 3.251531 1.500000
v -4.141912 -30.733313 0.000000
v -4.141912 -30.733313 1.500000
v -4.122303 1.064250 0.000000
v -4.122303 1.064250 1.500000
v -4.122149 -28.539845 0.000000
v -4.122149 -28.539845 1.500000
v -4.116853 32.902649 0.000000
v -4.116853 32.902649 1.500000
v -4.115999 -15.156281 0.000000
v -4.115999 -15.156281 1.500000
v -4.096744 37.980423 0.000000
v -4.096744 37.980423 1.500000
v -4.094888 38.604740 0.000000
v -4.094888 38.604740 1.500000
v -4.088391 -17.003559 0.000000
v -4.088391 -17.003559 1.500000
v -4.086209 -3.573281 0.000000
v -4.086209 -3.573281 1.500000
v -4.065936 15.906516 0.000000
v -4.065936 15.906516 1.500000
v -4.063329 13.999219 0.000000
v -4.063329 13.999219 1.500000
v -4.060213 -5.036625 0.000000
v -4.060213 -5.036625 1.500000
v -4.057752 -28.779919 0.000000
v -4.057752 -28.779919 1.500000
v -4.036106 -17.321287 0.000000
v -4.036106 -17.321287 1.500000
v -4.021875 16.706249 0.000000
v -4.021875 16.706249 1.500000
v -4.019559 17.314173 0.000000
v -4.019559 17.314173 1.500000
v -4.015687 -17.711720 0.000000
v -4.015687 -17.711720 1.500000
v -4.015687 18.330469 0.000000
v -4.015687 18.330469 1.500000
v -4.006406 13.921875 0.000000
v -4.006406 13.921875 1.500000
v -3.997235 -26.361534 0.000000
v -3.997235 -26.361534 1.500000
v -3.988802 -2.538112 0.000000
v -3.988802 -2.538112 1.500000
v -3.976427 -29.083107 0.000000
v -3.976427 -29.083107 1.500000
v -3.975469 4.563281 0.000000
v -3.975469 4.563281 1.500000
v -3.965259 -5.817488 0.000000
v -3.965259 -5.817488 1.500000
v -3.957338 -31.329788 0.000000
v -3.957338 -31.329788 1.500000
v -3.952864 -35.715797 0.000000
v -3.952864 -35.715797 1.500000
v -3.950719 -38.099533 0.000000
v -3.950719 -38.099533 1.500000
v -3.944531 -38.668781 0.000000
v -3.944531 -38.668781 1.500000
v -3.934113 -18.485157 0.000000
v -3.934113 -18.485157 1.500000
v -3.926545 13.799053 0.000000
v -3.926545 13.799053 1.500000
v -3.922875 -24.440624 0.000000
v -3.922875 -24.440624 1.500000
v -3.904773 14.867944 0.000000
v -3.904773 14.867944 1.500000
v -3.904634 2.083950 0.000000
v -3.904634 2.083950 1.500000
v -3.904313 23.357813 0.000000
v -3.904313 23.357813 1.500000
v -3.892925 19.567968 0.000000
v -3.892925 19.567968 1.500000
v -3.889462 -31.549135 0.000000
v -3.889462 -31.549135 1.500000
v -3.889286 35.732811 0.000000
v -3.889286 35.732811 1.500000
v -3.883275 -18.967163 0.000000
v -3.883275 -18.967163 1.500000
v -3.853575 2.029191 0.000000
v -3.853575 2.029191 1.500000
v -3.839344 14.772656 0.000000
v -3.839344 14.772656 1.500000
v -3.838725 20.114325 0.000000
v -3.838725 20.114325 1.500000
v -3.830062 -36.660938 0.000000
v -3.830062 -36.660938 1.500000
v -3.818735 -19.334391 0.000000
v -3.818735 -19.334391 1.500000
v -3.773879 33.876564 0.000000
v -3.773879 33.876564 1.500000
v -3.768188 16.012941 0.000000
v -3.768188 16.012941 1.500000
v -3.741581 -19.773394 0.000000
v -3.741581 -19.773394 1.500000
v -3.727969 -30.009375 0.000000
v -3.727969 -30.009375 1.500000
v -3.723019 38.030540 0.000000
v -3.723019 38.030540 1.500000
v -3.715491 -35.372082 0.000000
v -3.715491 -35.372082 1.500000
v -3.713296 -36.487686 0.000000
v -3.713296 -36.487686 1.500000
v -3.712500 -16.087500 0.000000
v -3.712500 -16.087500 1.500000
v -3.712500 36.042187 0.000000
v -3.712500 36.042187 1.500000
v -3.709409 1.803656 0.000000
v -3.709409 1.803656 1.500000
v -3.675994 0.381150 0.000000
v -3.675994 0.381150 1.500000
v -3.663935 -16.003969 0.000000
v -3.663935 -16.003969 1.500000
v -3.653100 21.151659 0.000000
v -3.653100 21.151659 1.500000
v -3.649697 -2.182641 0.000000
v -3.649697 -2.182641 1.500000
v -3.638250 -25.523438 0.000000
v -3.638250 -25.523438 1.500000
v -3.621818 -20.332434 0.000000
v -3.621818 -20.332434 1.500000
v -3.617070 -23.667187 0.000000
v -3.617070 -23.667187 1.500000
v -3.614480 -38.176876 0.000000
v -3.614480 -38.176876 1.500000
v -3.614119 -1.309584 0.000000
v -3.614119 -1.309584 1.500000
v -3.613500 -32.360626 0.000000
v -3.613500 -32.360626 1.500000
v -3.602620 1.636594 0.000000
v -3.602620 1.636594 1.500000
v -3.598341 -38.180588 0.000000
v -3.598341 -38.180588 1.500000
v -3.591844 -4.485938 0.000000
v -3.591844 -4.485938 1.500000
v -3.591844 4.903594 0.000000
v -3.591844 4.903594 1.500000
v -3.590975 -14.498240 0.000000
v -3.590975 -14.498240 1.500000
v -3.589988 -14.497004 0.000000
v -3.589988 -14.497004 1.500000
v -3.585499 24.149193 0.000000
v -3.585499 24.149193 1.500000
v -3.582562 34.419827 0.000000
v -3.582562 34.419827 1.500000
v -3.582169 -35.179031 0.000000
v -3.582169 -35.179031 1.500000
v -3.570188 -20.573437 0.000000
v -3.570188 -20.573437 1.500000
v -3.570188 1.585856 0.000000
v -3.570188 1.585856 1.500000
v -3.557812 2.666812 0.000000
v -3.557812 2.666812 1.500000
v -3.549150 14.448741 0.000000
v -3.549150 14.448741 1.500000
v -3.536775 -0.525319 0.000000
v -3.536775 -0.525319 1.500000
v -3.536161 -2.039400 0.000000
v -3.536161 -2.039400 1.500000
v -3.533847 1.373625 0.000000
v -3.533847 1.373625 1.500000
v -3.523781 1.314844 0.000000
v -3.523781 1.314844 1.500000
v -3.494884 14.390578 0.000000
v -3.494884 14.390578 1.500000
v -3.480469 38.050030 0.000000
v -3.480469 38.050030 1.500000
v -3.472116 36.498516 0.000000
v -3.472116 36.498516 1.500000
v -3.469641 16.063059 0.000000
v -3.469641 16.063059 1.500000
v -3.468094 24.440624 0.000000
v -3.468094 24.440624 1.500000
v -3.454868 -14.299622 0.000000
v -3.454868 -14.299622 1.500000
v -3.453212 13.071094 0.000000
v -3.453212 13.071094 1.500000
v -3.445452 -23.233135 0.000000
v -3.445452 -23.233135 1.500000
v -3.427875 22.120312 0.000000
v -3.427875 22.120312 1.500000
v -3.413529 34.841812 0.000000
v -3.413529 34.841812 1.500000
v -3.405946 -14.228156 0.000000
v -3.405946 -14.228156 1.500000
v -3.392152 -32.979992 0.000000
v -3.392152 -32.979992 1.500000
v -3.390992 -1.856250 0.000000
v -3.390992 -1.856250 1.500000
v -3.366437 34.959373 0.000000
v -3.366437 34.959373 1.500000
v -3.339355 12.895988 0.000000
v -3.339355 12.895988 1.500000
v -3.325781 -5.036625 0.000000
v -3.325781 -5.036625 1.500000
v -3.312169 14.194744 0.000000
v -3.312169 14.194744 1.500000
v -3.311241 -31.329788 0.000000
v -3.311241 -31.329788 1.500000
v -3.305419 -2.827688 0.000000
v -3.305419 -2.827688 1.500000
v -3.277519 4.653309 0.000000
v -3.277519 4.653309 1.500000
v -3.275353 36.942158 0.000000
v -3.275353 36.942158 1.500000
v -3.272569 12.793275 0.000000
v -3.272569 12.793275 1.500000
v -3.262047 12.775640 0.000000
v -3.262047 12.775640 1.500000
v -3.241602 -15.277556 0.000000
v -3.241602 -15.277556 1.500000
v -3.234174 22.739063 0.000000
v -3.234174 22.739063 1.500000
v -3.228947 -1.380741 0.000000
v -3.228947 -1.380741 1.500000
v -3.215521 -0.200475 0.000000
v -3.215521 -0.200475 1.500000
v -3.212797 -13.946006 0.000000
v -3.212797 -13.946006 1.500000
v -3.208528 25.038647 0.000000
v -3.208528 25.038647 1.500000
v -3.207595 12.684375 0.000000
v -3.207595 12.684375 1.500000
v -3.206981 37.917000 0.000000
v -3.206981 37.917000 1.500000
v -3.204197 0.211303 0.000000
v -3.204197 0.211303 1.500000
v -3.198079 37.901222 0.000000
v -3.198079 37.901222 1.500000
v -3.193059 -35.715797 0.000000
v -3.193059 -35.715797 1.500000
v -3.185611 0.162731 0.000000
v -3.185611 0.162731 1.500000
v -3.182801 -1.593591 0.000000
v -3.182801 -1.593591 1.500000
v -3.172641 -24.440624 0.000000
v -3.172641 -24.440624 1.500000
v -3.171094 -15.156281 0.000000
v -3.171094 -15.156281 1.500000
v -3.171094 16.081312 0.000000
v -3.171094 16.081312 1.500000
v -3.168199 4.563281 0.000000
v -3.168199 4.563281 1.500000
v -3.164649 -22.275000 0.000000
v -3.164649 -22.275000 1.500000
v -3.159338 -38.251434 0.000000
v -3.159338 -38.251434 1.500000
v -3.154824 25.155281 0.000000
v -3.154824 25.155281 1.500000
v -3.127781 -22.429688 0.000000
v -3.127781 -22.429688 1.500000
v -3.124069 37.770046 0.000000
v -3.124069 37.770046 1.500000
v -3.093750 -16.706249 0.000000
v -3.093750 -16.706249 1.500000
v -3.093750 -0.077344 0.000000
v -3.093750 -0.077344 1.500000
v -3.093750 13.999219 0.000000
v -3.093750 13.999219 1.500000
v -3.093750 16.706249 0.000000
v -3.093750 16.706249 1.500000
v -3.093750 37.589062 0.000000
v -3.093750 37.589062 1.500000
v -3.093750 38.662594 0.000000
v -3.093750 38.662594 1.500000
v -3.093734 -16.715530 0.000000
v -3.093734 -16.715530 1.500000
v -3.093233 -17.003559 0.000000
v -3.093233 -17.003559 1.500000
v -3.092680 -17.321287 0.000000
v -3.092680 -17.321287 1.500000
v -3.090656 -18.485157 0.000000
v -3.090656 -18.485157 1.500000
v -3.084469 -1.469531 0.000000
v -3.084469 -1.469531 1.500000
v -3.069309 14.109047 0.000000
v -3.069309 14.109047 1.500000
v -3.059100 2.083950 0.000000
v -3.059100 2.083950 1.500000
v -3.056625 35.732811 0.000000
v -3.056625 35.732811 1.500000
v -3.056516 -3.881109 0.000000
v -3.056516 -3.881109 1.500000
v -3.040472 23.357813 0.000000
v -3.040472 23.357813 1.500000
v -3.038991 -19.334391 0.000000
v -3.038991 -19.334391 1.500000
v -3.002794 14.349431 0.000000
v -3.002794 14.349431 1.500000
v -3.002175 -2.538112 0.000000
v -3.002175 -2.538112 1.500000
v -2.995507 14.373872 0.000000
v -2.995507 14.373872 1.500000
v -2.993643 2.029191 0.000000
v -2.993643 2.029191 1.500000
v -2.963758 12.275691 0.000000
v -2.963758 12.275691 1.500000
v -2.956697 -35.372082 0.000000
v -2.956697 -35.372082 1.500000
v -2.939063 -34.247814 0.000000
v -2.939063 -34.247814 1.500000
v -2.931545 -13.535156 0.000000
v -2.931545 -13.535156 1.500000
v -2.928395 -16.753584 0.000000
v -2.928395 -16.753584 1.500000
v -2.926997 -3.734775 0.000000
v -2.926997 -3.734775 1.500000
v -2.911715 36.042187 0.000000
v -2.911715 36.042187 1.500000
v -2.904103 4.345791 0.000000
v -2.904103 4.345791 1.500000
v -2.902556 -20.332434 0.000000
v -2.902556 -20.332434 1.500000
v -2.899153 12.167409 0.000000
v -2.899153 12.167409 1.500000
v -2.861719 -16.266937 0.000000
v -2.861719 -16.266937 1.500000
v -2.842334 12.065625 0.000000
v -2.842334 12.065625 1.500000
v -2.840063 -23.667187 0.000000
v -2.840063 -23.667187 1.500000
v -2.835426 12.053250 0.000000
v -2.835426 12.053250 1.500000
v -2.826759 25.867771 0.000000
v -2.826759 25.867771 1.500000
v -2.818406 -35.179031 0.000000
v -2.818406 -35.179031 1.500000
v -2.816774 12.019837 0.000000
v -2.816774 12.019837 1.500000
v -2.807434 15.004687 0.000000
v -2.807434 15.004687 1.500000
v -2.792728 24.149193 0.000000
v -2.792728 24.149193 1.500000
v -2.784375 15.082031 0.000000
v -2.784375 15.082031 1.500000
v -2.768956 25.987499 0.000000
v -2.768956 25.987499 1.500000
v -2.766104 -3.526875 0.000000
v -2.766104 -3.526875 1.500000
v -2.755983 11.910937 0.000000
v -2.755983 11.910937 1.500000
v -2.724047 1.803656 0.000000
v -2.724047 1.803656 1.500000
v -2.720334 -14.498240 0.000000
v -2.720334 -14.498240 1.500000
v -2.719149 -14.497004 0.000000
v -2.719149 -14.497004 1.500000
v -2.713219 -38.734676 0.000000
v -2.713219 -38.734676 1.500000
v -2.701153 38.716736 0.000000
v -2.701153 38.716736 1.500000
v -2.698917 38.717972 0.000000
v -2.698917 38.717972 1.500000
v -2.697971 36.498516 0.000000
v -2.697971 36.498516 1.500000
v -2.696512 -32.979992 0.000000
v -2.696512 -32.979992 1.500000
v -2.689493 11.791828 0.000000
v -2.689493 11.791828 1.500000
v -2.666812 -13.148438 0.000000
v -2.666812 -13.148438 1.500000
v -2.663151 -3.393844 0.000000
v -2.663151 -3.393844 1.500000
v -2.617374 -2.182641 0.000000
v -2.617374 -2.182641 1.500000
v -2.608650 16.745232 0.000000
v -2.608650 16.745232 1.500000
v -2.583281 11.601562 0.000000
v -2.583281 11.601562 1.500000
v -2.576549 11.585475 0.000000
v -2.576549 11.585475 1.500000
v -2.563102 3.038063 0.000000
v -2.563102 3.038063 1.500000
v -2.536355 -24.354309 0.000000
v -2.536355 -24.354309 1.500000
v -2.530069 -14.299622 0.000000
v -2.530069 -14.299622 1.500000
v -2.523881 -16.328812 0.000000
v -2.523881 -16.328812 1.500000
v -2.515712 -12.839063 0.000000
v -2.515712 -12.839063 1.500000
v -2.515219 -35.396523 0.000000
v -2.515219 -35.396523 1.500000
v -2.514909 -42.355293 0.000000
v -2.514909 -42.355293 1.500000
v -2.490170 36.942158 0.000000
v -2.490170 36.942158 1.500000
v -2.487653 -3.167072 0.000000
v -2.487653 -3.167072 1.500000
v -2.475000 16.087500 0.000000
v -2.475000 16.087500 1.500000
v -2.471906 13.071094 0.000000
v -2.471906 13.071094 1.500000
v -2.462316 -2.039400 0.000000
v -2.462316 -2.039400 1.500000
v -2.459531 -22.275000 0.000000
v -2.459531 -22.275000 1.500000
v -2.430909 -3.093750 0.000000
v -2.430909 -3.093750 1.500000
v -2.423644 25.155281 0.000000
v -2.423644 25.155281 1.500000
v -2.406387 -22.429688 0.000000
v -2.406387 -22.429688 1.500000
v -2.406009 -3.061575 0.000000
v -2.406009 -3.061575 1.500000
v -2.397656 -14.228156 0.000000
v -2.397656 -14.228156 1.500000
v -2.375381 41.621456 0.000000
v -2.375381 41.621456 1.500000
v -2.371359 38.899265 0.000000
v -2.371359 38.899265 1.500000
v -2.371158 2.830781 0.000000
v -2.371158 2.830781 1.500000
v -2.360531 -12.521335 0.000000
v -2.360531 -12.521335 1.500000
v -2.353110 2.811291 0.000000
v -2.353110 2.811291 1.500000
v -2.350013 12.895988 0.000000
v -2.350013 12.895988 1.500000
v -2.343825 13.799053 0.000000
v -2.343825 13.799053 1.500000
v -2.314739 13.921875 0.000000
v -2.314739 13.921875 1.500000
v -2.314434 2.769525 0.000000
v -2.314434 2.769525 1.500000
v -2.296423 13.999219 0.000000
v -2.296423 13.999219 1.500000
v -2.291850 -35.765915 0.000000
v -2.291850 -35.765915 1.500000
v -2.283187 -16.938282 0.000000
v -2.283187 -16.938282 1.500000
v -2.279166 16.893421 0.000000
v -2.279166 16.893421 1.500000
v -2.278474 -2.801391 0.000000
v -2.278474 -2.801391 1.500000
v -2.242969 -38.331562 0.000000
v -2.242969 -38.331562 1.500000
v -2.242969 -1.856250 0.000000
v -2.242969 -1.856250 1.500000
v -2.242969 1.998562 0.000000
v -2.242969 1.998562 1.500000
v -2.233423 2.024241 0.000000
v -2.233423 2.024241 1.500000
v -2.232759 -16.364700 0.000000
v -2.232759 -16.364700 1.500000
v -2.226263 0.162731 0.000000
v -2.226263 0.162731 1.500000
v -2.223470 0.211303 0.000000
v -2.223470 0.211303 1.500000
v -2.219766 -3.881109 0.000000
v -2.219766 -3.881109 1.500000
v -2.216242 -0.077344 0.000000
v -2.216242 -0.077344 1.500000
v -2.213705 0.381150 0.000000
v -2.213705 0.381150 1.500000
v -2.211103 -0.200475 0.000000
v -2.211103 -0.200475 1.500000
v -2.208937 0.464063 0.000000
v -2.208937 0.464063 1.500000
v -2.207700 14.373872 0.000000
v -2.207700 14.373872 1.500000
v -2.191098 2.138091 0.000000
v -2.191098 2.138091 1.500000
v -2.190452 0.507375 0.000000
v -2.190452 0.507375 1.500000
v -2.189099 -12.109865 0.000000
v -2.189099 -12.109865 1.500000
v -2.187162 37.589062 0.000000
v -2.187162 37.589062 1.500000
v -2.183259 -14.524537 0.000000
v -2.183259 -14.524537 1.500000
v -2.177412 2.174906 0.000000
v -2.177412 2.174906 1.500000
v -2.174942 -14.549906 0.000000
v -2.174942 -14.549906 1.500000
v -2.170667 -12.065625 0.000000
v -2.170667 -12.065625 1.500000
v -2.165625 3.715594 0.000000
v -2.165625 3.715594 1.500000
v -2.160415 -0.525319 0.000000
v -2.160415 -0.525319 1.500000
v -2.158767 39.203999 0.000000
v -2.158767 39.203999 1.500000
v -2.156344 -25.214062 0.000000
v -2.156344 -25.214062 1.500000
v -2.148154 -0.603900 0.000000
v -2.148154 -0.603900 1.500000
v -2.147670 -34.247814 0.000000
v -2.147670 -34.247814 1.500000
v -2.141184 -1.969481 0.000000
v -2.141184 -1.969481 1.500000
v -2.130838 -11.970028 0.000000
v -2.130838 -11.970028 1.500000
v -2.130356 -23.233135 0.000000
v -2.130356 -23.233135 1.500000
v -2.123490 -2.485209 0.000000
v -2.123490 -2.485209 1.500000
v -2.123241 2.320622 0.000000
v -2.123241 2.320622 1.500000
v -2.108335 17.219194 0.000000
v -2.108335 17.219194 1.500000
v -2.107581 27.357412 0.000000
v -2.107581 27.357412 1.500000
v -2.104059 -38.809238 0.000000
v -2.104059 -38.809238 1.500000
v -2.102389 37.770046 0.000000
v -2.102389 37.770046 1.500000
v -2.097563 -0.928125 0.000000
v -2.097563 -0.928125 1.500000
v -2.079000 25.987499 0.000000
v -2.079000 25.987499 1.500000
v -2.078072 -14.845360 0.000000
v -2.078072 -14.845360 1.500000
v -2.073431 -2.092303 0.000000
v -2.073431 -2.092303 1.500000
v -2.068213 -2.103750 0.000000
v -2.068213 -2.103750 1.500000
v -2.062394 -11.805750 0.000000
v -2.062394 -11.805750 1.500000
v -2.058734 -3.734775 0.000000
v -2.058734 -3.734775 1.500000
v -2.054250 -36.261845 0.000000
v -2.054250 -36.261845 1.500000
v -2.051761 -2.338875 0.000000
v -2.051761 -2.338875 1.500000
v -2.041875 15.004687 0.000000
v -2.041875 15.004687 1.500000
v -2.040947 37.901222 0.000000
v -2.040947 37.901222 1.500000
v -2.032628 37.917000 0.000000
v -2.032628 37.917000 1.500000
v -2.030428 -11.729025 0.000000
v -2.030428 -11.729025 1.500000
v -2.021280 12.793275 0.000000
v -2.021280 12.793275 1.500000
v -2.013091 -2.259984 0.000000
v -2.013091 -2.259984 1.500000
v -2.010874 0.928125 0.000000
v -2.010874 0.928125 1.500000
v -2.008153 10.227319 0.000000
v -2.008153 10.227319 1.500000
v -2.004750 -2.242969 0.000000
v -2.004750 -2.242969 1.500000
v -2.000310 0.952875 0.000000
v -2.000310 0.952875 1.500000
v -1.992375 -15.236719 0.000000
v -1.992375 -15.236719 1.500000
v -1.983952 -36.428905 0.000000
v -1.983952 -36.428905 1.500000
v -1.968884 1.026506 0.000000
v -1.968884 1.026506 1.500000
v -1.964841 12.775640 0.000000
v -1.964841 12.775640 1.500000
v -1.963993 -23.667187 0.000000
v -1.963993 -23.667187 1.500000
v -1.962484 38.050030 0.000000
v -1.962484 38.050030 1.500000
v -1.960305 -11.524219 0.000000
v -1.960305 -11.524219 1.500000
v -1.959457 -1.249875 0.000000
v -1.959457 -1.249875 1.500000
v -1.954013 -1.262559 0.000000
v -1.954013 -1.262559 1.500000
v -1.952775 1.064250 0.000000
v -1.952775 1.064250 1.500000
v -1.918985 -1.309584 0.000000
v -1.918985 -1.309584 1.500000
v -1.915031 -16.344282 0.000000
v -1.915031 -16.344282 1.500000
v -1.902656 27.781876 0.000000
v -1.902656 27.781876 1.500000
v -1.898016 -15.977053 0.000000
v -1.898016 -15.977053 1.500000
v -1.897109 -16.010157 0.000000
v -1.897109 -16.010157 1.500000
v -1.891209 -16.225481 0.000000
v -1.891209 -16.225481 1.500000
v -1.865984 -1.380741 0.000000
v -1.865984 -1.380741 1.500000
v -1.856250 -13.535156 0.000000
v -1.856250 -13.535156 1.500000
v -1.856250 -13.148438 0.000000
v -1.856250 -13.148438 1.500000
v -1.856250 -12.839063 0.000000
v -1.856250 -12.839063 1.500000
v -1.854821 38.254219 0.000000
v -1.854821 38.254219 1.500000
v -1.850062 17.711720 0.000000
v -1.850062 17.711720 1.500000
v -1.841709 27.903769 0.000000
v -1.841709 27.903769 1.500000
v -1.829953 -3.526875 0.000000
v -1.829953 -3.526875 1.500000
v -1.810153 -38.321354 0.000000
v -1.810153 -38.321354 1.500000
v -1.802728 -13.946006 0.000000
v -1.802728 -13.946006 1.500000
v -1.801380 17.841656 0.000000
v -1.801380 17.841656 1.500000
v -1.799847 -1.469531 0.000000
v -1.799847 -1.469531 1.500000
v -1.778906 39.748501 0.000000
v -1.778906 39.748501 1.500000
v -1.764078 1.314844 0.000000
v -1.764078 1.314844 1.500000
v -1.750134 9.420468 0.000000
v -1.750134 9.420468 1.500000
v -1.744543 -35.179031 0.000000
v -1.744543 -35.179031 1.500000
v -1.734937 -14.228156 0.000000
v -1.734937 -14.228156 1.500000
v -1.719816 1.373625 0.000000
v -1.719816 1.373625 1.500000
v -1.707441 -1.593591 0.000000
v -1.707441 -1.593591 1.500000
v -1.700634 -24.354309 0.000000
v -1.700634 -24.354309 1.500000
v -1.698396 39.893906 0.000000
v -1.698396 39.893906 1.500000
v -1.696185 16.087500 0.000000
v -1.696185 16.087500 1.500000
v -1.692591 11.585475 0.000000
v -1.692591 11.585475 1.500000
v -1.686995 11.601562 0.000000
v -1.686995 11.601562 1.500000
v -1.680834 18.163406 0.000000
v -1.680834 18.163406 1.500000
v -1.664438 28.258312 0.000000
v -1.664438 28.258312 1.500000
v -1.663726 -14.524537 0.000000
v -1.663726 -14.524537 1.500000
v -1.657631 -14.549906 0.000000
v -1.657631 -14.549906 1.500000
v -1.653912 16.219912 0.000000
v -1.653912 16.219912 1.500000
v -1.650391 -35.396523 0.000000
v -1.650391 -35.396523 1.500000
v -1.639496 38.662594 0.000000
v -1.639496 38.662594 1.500000
v -1.624219 -3.393844 0.000000
v -1.624219 -3.393844 1.500000
v -1.620816 11.791828 0.000000
v -1.620816 11.791828 1.500000
v -1.612153 -37.312481 0.000000
v -1.612153 -37.312481 1.500000
v -1.610949 38.716736 0.000000
v -1.610949 38.716736 1.500000
v -1.610297 38.717972 0.000000
v -1.610297 38.717972 1.500000
v -1.602563 -38.900814 0.000000
v -1.602563 -38.900814 1.500000
v -1.597417 16.396875 0.000000
v -1.597417 16.396875 1.500000
v -1.571934 16.476694 0.000000
v -1.571934 16.476694 1.500000
v -1.560733 -14.845360 0.000000
v -1.560733 -14.845360 1.500000
v -1.556156 8.662500 0.000000
v -1.556156 8.662500 1.500000
v -1.544400 40.172035 0.000000
v -1.544400 40.172035 1.500000
v -1.518412 -38.259171 0.000000
v -1.518412 -38.259171 1.500000
v -1.515367 -26.528906 0.000000
v -1.515367 -26.528906 1.500000
v -1.510808 16.641899 0.000000
v -1.510808 16.641899 1.500000
v -1.509810 -17.463600 0.000000
v -1.509810 -17.463600 1.500000
v -1.502840 1.585856 0.000000
v -1.502840 1.585856 1.500000
v -1.497782 38.899265 0.000000
v -1.497782 38.899265 1.500000
v -1.490479 -35.765915 0.000000
v -1.490479 -35.765915 1.500000
v -1.486999 16.706249 0.000000
v -1.486999 16.706249 1.500000
v -1.472576 16.745232 0.000000
v -1.472576 16.745232 1.500000
v -1.472006 -17.489279 0.000000
v -1.472006 -17.489279 1.500000
v -1.457156 -10.054688 0.000000
v -1.457156 -10.054688 1.500000
v -1.454062 18.648815 0.000000
v -1.454062 18.648815 1.500000
v -1.450969 1.636594 0.000000
v -1.450969 1.636594 1.500000
v -1.449731 -37.720547 0.000000
v -1.449731 -37.720547 1.500000
v -1.432380 -15.236719 0.000000
v -1.432380 -15.236719 1.500000
v -1.417745 16.893421 0.000000
v -1.417745 16.893421 1.500000
v -1.409822 27.357412 0.000000
v -1.409822 27.357412 1.500000
v -1.392187 3.038063 0.000000
v -1.392187 3.038063 1.500000
v -1.392187 11.910937 0.000000
v -1.392187 11.910937 1.500000
v -1.392187 42.245155 0.000000
v -1.392187 42.245155 1.500000
v -1.390641 -26.784760 0.000000
v -1.390641 -26.784760 1.500000
v -1.389712 -3.458812 0.000000
v -1.389712 -3.458812 1.500000
v -1.388459 -37.891323 0.000000
v -1.388459 -37.891323 1.500000
v -1.379812 28.827562 0.000000
v -1.379812 28.827562 1.500000
v -1.360116 -3.476137 0.000000
v -1.360116 -3.476137 1.500000
v -1.358768 -1.856250 0.000000
v -1.358768 -1.856250 1.500000
v -1.358156 -37.975780 0.000000
v -1.358156 -37.975780 1.500000
v -1.355062 10.596094 0.000000
v -1.355062 10.596094 1.500000
v -1.326600 6.884522 0.000000
v -1.326600 6.884522 1.500000
v -1.308656 39.203999 0.000000
v -1.308656 39.203999 1.500000
v -1.305872 40.518227 0.000000
v -1.305872 40.518227 1.500000
v -1.297209 17.219194 0.000000
v -1.297209 17.219194 1.500000
v -1.290094 4.999500 0.000000
v -1.290094 4.999500 1.500000
v -1.279884 5.895760 0.000000
v -1.279884 5.895760 1.500000
v -1.275791 -36.261845 0.000000
v -1.275791 -36.261845 1.500000
v -1.262869 -3.533062 0.000000
v -1.262869 -3.533062 1.500000
v -1.252969 -9.162760 0.000000
v -1.252969 -9.162760 1.500000
v -1.241384 10.227319 0.000000
v -1.241384 10.227319 1.500000
v -1.234658 -39.071278 0.000000
v -1.234658 -39.071278 1.500000
v -1.208457 -1.969481 0.000000
v -1.208457 -1.969481 1.500000
v -1.203469 -36.428905 0.000000
v -1.203469 -36.428905 1.500000
v -1.189575 -15.977053 0.000000
v -1.189575 -15.977053 1.500000
v -1.178719 -16.010157 0.000000
v -1.178719 -16.010157 1.500000
v -1.161124 19.134844 0.000000
v -1.161124 19.134844 1.500000
v -1.150875 -3.625875 0.000000
v -1.150875 -3.625875 1.500000
v -1.135716 9.884531 0.000000
v -1.135716 9.884531 1.500000
v -1.127377 1.803656 0.000000
v -1.127377 1.803656 1.500000
v -1.121966 19.199812 0.000000
v -1.121966 19.199812 1.500000
v -1.109419 27.903769 0.000000
v -1.109419 27.903769 1.500000
v -1.098281 -11.805750 0.000000
v -1.098281 -11.805750 1.500000
v -1.093296 17.711720 0.000000
v -1.093296 17.711720 1.500000
v -1.091621 -16.225481 0.000000
v -1.091621 -16.225481 1.500000
v -1.088164 -11.729025 0.000000
v -1.088164 -11.729025 1.500000
v -1.083741 -8.107481 0.000000
v -1.083741 -8.107481 1.500000
v -1.061775 -17.995726 0.000000
v -1.061775 -17.995726 1.500000
v -1.061156 -11.524219 0.000000
v -1.061156 -11.524219 1.500000
v -1.061126 -27.400106 0.000000
v -1.061126 -27.400106 1.500000
v -1.047500 9.420468 0.000000
v -1.047500 9.420468 1.500000
v -1.045414 -2.092303 0.000000
v -1.045414 -2.092303 1.500000
v -1.043567 -16.344282 0.000000
v -1.043567 -16.344282 1.500000
v -1.039500 17.841656 0.000000
v -1.039500 17.841656 1.500000
v -1.035308 -16.364700 0.000000
v -1.035308 -16.364700 1.500000
v -1.030219 -2.103750 0.000000
v -1.030219 -2.103750 1.500000
v -0.984122 -4.432415 0.000000
v -0.984122 -4.432415 1.500000
v -0.946688 19.490625 0.000000
v -0.946688 19.490625 1.500000
v -0.937406 8.841319 0.000000
v -0.937406 8.841319 1.500000
v -0.936169 -5.172750 0.000000
v -0.936169 -5.172750 1.500000
v -0.935550 -27.634613 0.000000
v -0.935550 -27.634613 1.500000
v -0.933456 -5.336719 0.000000
v -0.933456 -5.336719 1.500000
v -0.932766 -11.970028 0.000000
v -0.932766 -11.970028 1.500000
v -0.928125 40.837502 0.000000
v -0.928125 40.837502 1.500000
v -0.921938 -6.032813 0.000000
v -0.921938 -6.032813 1.500000
v -0.919009 8.662500 0.000000
v -0.919009 8.662500 1.500000
v -0.897153 -16.706249 0.000000
v -0.897153 -16.706249 1.500000
v -0.886241 39.748501 0.000000
v -0.886241 39.748501 1.500000
v -0.884812 28.258312 0.000000
v -0.884812 28.258312 1.500000
v -0.878006 -16.753584 0.000000
v -0.878006 -16.753584 1.500000
v -0.873056 41.704369 0.000000
v -0.873056 41.704369 1.500000
v -0.841500 -10.642809 0.000000
v -0.841500 -10.642809 1.500000
v -0.795034 -16.938282 0.000000
v -0.795034 -16.938282 1.500000
v -0.773947 -18.460405 0.000000
v -0.773947 -18.460405 1.500000
v -0.773438 30.040312 0.000000
v -0.773438 30.040312 1.500000
v -0.773438 39.893906 0.000000
v -0.773438 39.893906 1.500000
v -0.764765 -37.312481 0.000000
v -0.764765 -37.312481 1.500000
v -0.761063 -26.528906 0.000000
v -0.761063 -26.528906 1.500000
v -0.758897 40.752113 0.000000
v -0.758897 40.752113 1.500000
v -0.749853 1.998562 0.000000
v -0.749853 1.998562 1.500000
v -0.747450 12.019837 0.000000
v -0.747450 12.019837 1.500000
v -0.736090 6.884522 0.000000
v -0.736090 6.884522 1.500000
v -0.717233 -10.054688 0.000000
v -0.717233 -10.054688 1.500000
v -0.702591 -9.985388 0.000000
v -0.702591 -9.985388 1.500000
v -0.700116 2.024241 0.000000
v -0.700116 2.024241 1.500000
v -0.665775 -39.334866 0.000000
v -0.665775 -39.334866 1.500000
v -0.661670 -28.113216 0.000000
v -0.661670 -28.113216 1.500000
v -0.658969 -18.646030 0.000000
v -0.658969 -18.646030 1.500000
v -0.658969 6.134906 0.000000
v -0.658969 6.134906 1.500000
v -0.644862 5.895760 0.000000
v -0.644862 5.895760 1.500000
v -0.642887 -2.242969 0.000000
v -0.642887 -2.242969 1.500000
v -0.595547 -2.259984 0.000000
v -0.595547 -2.259984 1.500000
v -0.591993 4.999500 0.000000
v -0.591993 4.999500 1.500000
v -0.566156 -9.281250 0.000000
v -0.566156 -9.281250 1.500000
v -0.562157 -37.720547 0.000000
v -0.562157 -37.720547 1.500000
v -0.559041 -17.463600 0.000000
v -0.559041 -17.463600 1.500000
v -0.553897 -9.162760 0.000000
v -0.553897 -9.162760 1.500000
v -0.545118 -17.489279 0.000000
v -0.545118 -17.489279 1.500000
v -0.527794 40.518845 0.000000
v -0.527794 40.518845 1.500000
v -0.504281 -28.388250 0.000000
v -0.504281 -28.388250 1.500000
v -0.477366 -37.891323 0.000000
v -0.477366 -37.891323 1.500000
v -0.476290 3.038063 0.000000
v -0.476290 3.038063 1.500000
v -0.464063 2.830781 0.000000
v -0.464063 2.830781 1.500000
v -0.464063 19.134844 0.000000
v -0.464063 19.134844 1.500000
v -0.464063 28.827562 0.000000
v -0.464063 28.827562 1.500000
v -0.444718 -8.107481 0.000000
v -0.444718 -8.107481 1.500000
v -0.432301 -37.975780 0.000000
v -0.432301 -37.975780 1.500000
v -0.373725 -7.421288 0.000000
v -0.373725 -7.421288 1.500000
v -0.358875 20.264063 0.000000
v -0.358875 20.264063 1.500000
v -0.355781 -5.336719 0.000000
v -0.355781 -5.336719 1.500000
v -0.355590 -5.172750 0.000000
v -0.355590 -5.172750 1.500000
v -0.354729 -4.432415 0.000000
v -0.354729 -4.432415 1.500000
v -0.353790 -3.625875 0.000000
v -0.353790 -3.625875 1.500000
v -0.353682 -3.533062 0.000000
v -0.353682 -3.533062 1.500000
v -0.353616 -3.476137 0.000000
v -0.353616 -3.476137 1.500000
v -0.345274 -3.458812 0.000000
v -0.345274 -3.458812 1.500000
v -0.344430 -6.032813 0.000000
v -0.344430 -6.032813 1.500000
v -0.339384 -6.342187 0.000000
v -0.339384 -6.342187 1.500000
v -0.338481 -19.131750 0.000000
v -0.338481 -19.131750 1.500000
v -0.321131 -27.400106 0.000000
v -0.321131 -27.400106 1.500000
v -0.313993 -3.393844 0.000000
v -0.313993 -3.393844 1.500000
v -0.309375 12.684375 0.000000
v -0.309375 12.684375 1.500000
v -0.303187 12.053250 0.000000
v -0.303187 12.053250 1.500000
v -0.281097 -38.259171 0.000000
v -0.281097 -38.259171 1.500000
v -0.270517 -17.995726 0.000000
v -0.270517 -17.995726 1.500000
v -0.259256 2.138091 0.000000
v -0.259256 2.138091 1.500000
v -0.255544 -39.695599 0.000000
v -0.255544 -39.695599 1.500000
v -0.252670 -28.771875 0.000000
v -0.252670 -28.771875 1.500000
v -0.247918 -38.321354 0.000000
v -0.247918 -38.321354 1.500000
v -0.242471 -38.331562 0.000000
v -0.242471 -38.331562 1.500000
v -0.235125 29.483437 0.000000
v -0.235125 29.483437 1.500000
v -0.204806 -3.167072 0.000000
v -0.204806 -3.167072 1.500000
v -0.173307 18.731110 0.000000
v -0.173307 18.731110 1.500000
v -0.147262 -2.338875 0.000000
v -0.147262 -2.338875 1.500000
v -0.096157 39.893906 0.000000
v -0.096157 39.893906 1.500000
v -0.083827 38.671875 0.000000
v -0.083827 38.671875 1.500000
v -0.062544 -38.668781 0.000000
v -0.062544 -38.668781 1.500000
v -0.027384 -38.734676 0.000000
v -0.027384 -38.734676 1.500000
v -0.018562 -18.460405 0.000000
v -0.018562 -18.460405 1.500000
v 0.000000 39.754688 0.000000
v 0.000000 39.754688 1.500000
v 0.007116 -19.655521 0.000000
v 0.007116 -19.655521 1.500000
v 0.012398 -38.809238 0.000000
v 0.012398 -38.809238 1.500000
v 0.017433 38.492439 0.000000
v 0.017433 38.492439 1.500000
v 0.061259 -38.900814 0.000000
v 0.061259 -38.900814 1.500000
v 0.069269 -40.101189 0.000000
v 0.069269 -40.101189 1.500000
v 0.077344 -3.093750 0.000000
v 0.077344 -3.093750 1.500000
v 0.077344 18.383062 0.000000
v 0.077344 18.383062 1.500000
v 0.083841 29.047527 0.000000
v 0.083841 29.047527 1.500000
v 0.085697 -28.113216 0.000000
v 0.085697 -28.113216 1.500000
v 0.099000 -40.138313 0.000000
v 0.099000 -40.138313 1.500000
v 0.114469 2.886469 0.000000
v 0.114469 2.886469 1.500000
v 0.152213 -39.071278 0.000000
v 0.152213 -39.071278 1.500000
v 0.154687 2.174906 0.000000
v 0.154687 2.174906 1.500000
v 0.154687 12.065625 0.000000
v 0.154687 12.065625 1.500000
v 0.168483 18.239822 0.000000
v 0.168483 18.239822 1.500000
v 0.207281 19.199812 0.000000
v 0.207281 19.199812 1.500000
v 0.216908 28.827562 0.000000
v 0.216908 28.827562 1.500000
v 0.245448 19.134844 0.000000
v 0.245448 19.134844 1.500000
v 0.248119 -29.535412 0.000000
v 0.248119 -29.535412 1.500000
v 0.279310 38.028374 0.000000
v 0.279310 38.028374 1.500000
v 0.279984 -19.938292 0.000000
v 0.279984 -19.938292 1.500000
v 0.284548 38.019093 0.000000
v 0.284548 38.019093 1.500000
v 0.308292 37.977020 0.000000
v 0.308292 37.977020 1.500000
v 0.309375 -42.384377 0.000000
v 0.309375 -42.384377 1.500000
v 0.309375 -12.065625 0.000000
v 0.309375 -12.065625 1.500000
v 0.309375 41.722313 0.000000
v 0.309375 41.722313 1.500000
v 0.330999 -39.334866 0.000000
v 0.330999 -39.334866 1.500000
v 0.338795 -40.450783 0.000000
v 0.338795 -40.450783 1.500000
v 0.390391 -3.403125 0.000000
v 0.390391 -3.403125 1.500000
v 0.396282 37.821095 0.000000
v 0.396282 37.821095 1.500000
v 0.414562 2.968762 0.000000
v 0.414562 2.968762 1.500000
v 0.457256 17.785969 0.000000
v 0.457256 17.785969 1.500000
v 0.464063 -20.013470 0.000000
v 0.464063 -20.013470 1.500000
v 0.464063 -19.131750 0.000000
v 0.464063 -19.131750 1.500000
v 0.470559 42.270527 0.000000
v 0.470559 42.270527 1.500000
v 0.475509 5.471606 0.000000
v 0.475509 5.471606 1.500000
v 0.476153 5.646094 0.000000
v 0.476153 5.646094 1.500000
v 0.479222 6.478003 0.000000
v 0.479222 6.478003 1.500000
v 0.482625 18.731110 0.000000
v 0.482625 18.731110 1.500000
v 0.488813 37.657124 0.000000
v 0.488813 37.657124 1.500000
v 0.498997 5.030437 0.000000
v 0.498997 5.030437 1.500000
v 0.505206 37.626186 0.000000
v 0.505206 37.626186 1.500000
v 0.513563 27.020813 0.000000
v 0.513563 27.020813 1.500000
v 0.519680 -3.530897 0.000000
v 0.519680 -3.530897 1.500000
v 0.519750 4.640625 0.000000
v 0.519750 4.640625 1.500000
v 0.525628 -3.536775 0.000000
v 0.525628 -3.536775 1.500000
v 0.526229 4.439222 0.000000
v 0.526229 4.439222 1.500000
v 0.529959 -29.884388 0.000000
v 0.529959 -29.884388 1.500000
v 0.539957 7.342397 0.000000
v 0.539957 7.342397 1.500000
v 0.552853 28.272234 0.000000
v 0.552853 28.272234 1.500000
v 0.553187 3.601125 0.000000
v 0.553187 3.601125 1.500000
v 0.560501 -3.879872 0.000000
v 0.560501 -3.879872 1.500000
v 0.560990 3.358575 0.000000
v 0.560990 3.358575 1.500000
v 0.565538 3.217191 0.000000
v 0.565538 3.217191 1.500000
v 0.570797 17.551462 0.000000
v 0.570797 17.551462 1.500000
v 0.575677 -39.695599 0.000000
v 0.575677 -39.695599 1.500000
v 0.599610 2.128500 0.000000
v 0.599610 2.128500 1.500000
v 0.604209 -4.309903 0.000000
v 0.604209 -4.309903 1.500000
v 0.604655 17.420906 0.000000
v 0.604655 17.420906 1.500000
v 0.609469 17.402344 0.000000
v 0.609469 17.402344 1.500000
v 0.612257 8.371378 0.000000
v 0.612257 8.371378 1.500000
v 0.617000 -5.027344 0.000000
v 0.617000 -5.027344 1.500000
v 0.618750 -28.771875 0.000000
v 0.618750 -28.771875 1.500000
v 0.618750 38.671875 0.000000
v 0.618750 38.671875 1.500000
v 0.621844 8.507812 0.000000
v 0.621844 8.507812 1.500000
v 0.628031 -5.646094 0.000000
v 0.628031 -5.646094 1.500000
v 0.637820 -5.792737 0.000000
v 0.637820 -5.792737 1.500000
v 0.644119 -40.848637 0.000000
v 0.644119 -40.848637 1.500000
v 0.689630 17.143705 0.000000
v 0.689630 17.143705 1.500000
v 0.695865 37.266384 0.000000
v 0.695865 37.266384 1.500000
v 0.696094 -30.012468 0.000000
v 0.696094 -30.012468 1.500000
v 0.696721 -6.675075 0.000000
v 0.696721 -6.675075 1.500000
v 0.715825 18.383062 0.000000
v 0.715825 18.383062 1.500000
v 0.734361 9.358594 0.000000
v 0.734361 9.358594 1.500000
v 0.740334 9.403763 0.000000
v 0.740334 9.403763 1.500000
v 0.751781 -2.258437 0.000000
v 0.751781 -2.258437 1.500000
v 0.760106 16.916315 0.000000
v 0.760106 16.916315 1.500000
v 0.784266 -7.986516 0.000000
v 0.784266 -7.986516 1.500000
v 0.787050 16.829382 0.000000
v 0.787050 16.829382 1.500000
v 0.806237 -2.236781 0.000000
v 0.806237 -2.236781 1.500000
v 0.811181 -28.619352 0.000000
v 0.811181 -28.619352 1.500000
v 0.811800 18.239822 0.000000
v 0.811800 18.239822 1.500000
v 0.835901 16.706249 0.000000
v 0.835901 16.706249 1.500000
v 0.850781 -40.101189 0.000000
v 0.850781 -40.101189 1.500000
v 0.853089 -8.353125 0.000000
v 0.853089 -8.353125 1.500000
v 0.862538 -41.064270 0.000000
v 0.862538 -41.064270 1.500000
v 0.862847 10.241550 0.000000
v 0.862847 10.241550 1.500000
v 0.881394 2.099109 0.000000
v 0.881394 2.099109 1.500000
v 0.884812 -19.581272 0.000000
v 0.884812 -19.581272 1.500000
v 0.909563 -12.047063 0.000000
v 0.909563 -12.047063 1.500000
v 0.916987 2.095397 0.000000
v 0.916987 2.095397 1.500000
v 0.949781 5.646094 0.000000
v 0.949781 5.646094 1.500000
v 0.963550 16.384501 0.000000
v 0.963550 16.384501 1.500000
v 0.973603 -8.995078 0.000000
v 0.973603 -8.995078 1.500000
v 0.975459 5.030437 0.000000
v 0.975459 5.030437 1.500000
v 0.975824 16.353563 0.000000
v 0.975824 16.353563 1.500000
v 0.976193 16.352634 0.000000
v 0.976193 16.352634 1.500000
v 0.982575 16.336546 0.000000
v 0.982575 16.336546 1.500000
v 0.991331 16.316128 0.000000
v 0.991331 16.316128 1.500000
v 1.005469 -41.143780 0.000000
v 1.005469 -41.143780 1.500000
v 1.009933 4.640625 0.000000
v 1.009933 4.640625 1.500000
v 1.011316 -9.124397 0.000000
v 1.011316 -9.124397 1.500000
v 1.027744 4.439222 0.000000
v 1.027744 4.439222 1.500000
v 1.030219 -39.875343 0.000000
v 1.030219 -39.875343 1.500000
v 1.030838 11.950847 0.000000
v 1.030838 11.950847 1.500000
v 1.039500 -17.996344 0.000000
v 1.039500 -17.996344 1.500000
v 1.041666 -29.714540 0.000000
v 1.041666 -29.714540 1.500000
v 1.056203 16.164845 0.000000
v 1.056203 16.164845 1.500000
v 1.061046 11.351587 0.000000
v 1.061046 11.351587 1.500000
v 1.064250 11.369532 0.000000
v 1.064250 11.369532 1.500000
v 1.075875 -39.799545 0.000000
v 1.075875 -39.799545 1.500000
v 1.085906 7.342397 0.000000
v 1.085906 7.342397 1.500000
v 1.106325 -28.204172 0.000000
v 1.106325 -28.204172 1.500000
v 1.123650 11.740781 0.000000
v 1.123650 11.740781 1.500000
v 1.128637 15.995925 0.000000
v 1.128637 15.995925 1.500000
v 1.170675 -19.172277 0.000000
v 1.170675 -19.172277 1.500000
v 1.176323 17.785969 0.000000
v 1.176323 17.785969 1.500000
v 1.179647 -2.088281 0.000000
v 1.179647 -2.088281 1.500000
v 1.181813 3.601125 0.000000
v 1.181813 3.601125 1.500000
v 1.195394 -19.131750 0.000000
v 1.195394 -19.131750 1.500000
v 1.218642 27.020813 0.000000
v 1.218642 27.020813 1.500000
v 1.222031 15.778125 0.000000
v 1.222031 15.778125 1.500000
v 1.229807 36.258751 0.000000
v 1.229807 36.258751 1.500000
v 1.231622 2.018363 0.000000
v 1.231622 2.018363 1.500000
v 1.234406 -5.027344 0.000000
v 1.234406 -5.027344 1.500000
v 1.237500 -9.900000 0.000000
v 1.237500 -9.900000 1.500000
v 1.245853 8.371378 0.000000
v 1.245853 8.371378 1.500000
v 1.247660 15.706350 0.000000
v 1.247660 15.706350 1.500000
v 1.247709 -40.942070 0.000000
v 1.247709 -40.942070 1.500000
v 1.252969 37.821095 0.000000
v 1.252969 37.821095 1.500000
v 1.257609 -5.792737 0.000000
v 1.257609 -5.792737 1.500000
v 1.259251 -9.964969 0.000000
v 1.259251 -9.964969 1.500000
v 1.269680 -39.477798 0.000000
v 1.269680 -39.477798 1.500000
v 1.288237 -29.394648 0.000000
v 1.288237 -29.394648 1.500000
v 1.293016 -4.309903 0.000000
v 1.293016 -4.309903 1.500000
v 1.298138 -17.445656 0.000000
v 1.298138 -17.445656 1.500000
v 1.302159 37.657124 0.000000
v 1.302159 37.657124 1.500000
v 1.311441 37.626186 0.000000
v 1.311441 37.626186 1.500000
v 1.324744 -6.675075 0.000000
v 1.324744 -6.675075 1.500000
v 1.328147 -3.879872 0.000000
v 1.328147 -3.879872 1.500000
v 1.347947 -39.347858 0.000000
v 1.347947 -39.347858 1.500000
v 1.349184 3.358575 0.000000
v 1.349184 3.358575 1.500000
v 1.351961 -1.962056 0.000000
v 1.351961 -1.962056 1.500000
v 1.364672 17.551462 0.000000
v 1.364672 17.551462 1.500000
v 1.378082 -17.253843 0.000000
v 1.378082 -17.253843 1.500000
v 1.382288 -40.721176 0.000000
v 1.382288 -40.721176 1.500000
v 1.399613 -11.996943 0.000000
v 1.399613 -11.996943 1.500000
v 1.401469 25.199831 0.000000
v 1.401469 25.199831 1.500000
v 1.419173 -39.213280 0.000000
v 1.419173 -39.213280 1.500000
v 1.425175 -3.536775 0.000000
v 1.425175 -3.536775 1.500000
v 1.426837 -3.530897 0.000000
v 1.426837 -3.530897 1.500000
v 1.442888 25.103926 0.000000
v 1.442888 25.103926 1.500000
v 1.444781 1.927406 0.000000
v 1.444781 1.927406 1.500000
v 1.444781 9.358594 0.000000
v 1.444781 9.358594 1.500000
v 1.461797 37.266384 0.000000
v 1.461797 37.266384 1.500000
v 1.463344 -18.692438 0.000000
v 1.463344 -18.692438 1.500000
v 1.465148 -1.879144 0.000000
v 1.465148 -1.879144 1.500000
v 1.469531 17.420906 0.000000
v 1.469531 17.420906 1.500000
v 1.473370 -17.025215 0.000000
v 1.473370 -17.025215 1.500000
v 1.503562 -40.450783 0.000000
v 1.503562 -40.450783 1.500000
v 1.504848 -1.850062 0.000000
v 1.504848 -1.850062 1.500000
v 1.525205 -16.900846 0.000000
v 1.525205 -16.900846 1.500000
v 1.525821 14.927343 0.000000
v 1.525821 14.927343 1.500000
v 1.538213 -1.825622 0.000000
v 1.538213 -1.825622 1.500000
v 1.541616 35.670319 0.000000
v 1.541616 35.670319 1.500000
v 1.546875 -29.003906 0.000000
v 1.546875 -29.003906 1.500000
v 1.546875 -8.353125 0.000000
v 1.546875 -8.353125 1.500000
v 1.546875 -3.403125 0.000000
v 1.546875 -3.403125 1.500000
v 1.571496 -16.789782 0.000000
v 1.571496 -16.789782 1.500000
v 1.573172 -16.785759 0.000000
v 1.573172 -16.785759 1.500000
v 1.627931 37.977020 0.000000
v 1.627931 37.977020 1.500000
v 1.646606 -38.783558 0.000000
v 1.646606 -38.783558 1.500000
v 1.647112 3.417666 0.000000
v 1.647112 3.417666 1.500000
v 1.656519 -16.551563 0.000000
v 1.656519 -16.551563 1.500000
v 1.660887 3.430041 0.000000
v 1.660887 3.430041 1.500000
v 1.662581 14.544337 0.000000
v 1.662581 14.544337 1.500000
v 1.662891 -11.170603 0.000000
v 1.662891 -11.170603 1.500000
v 1.663379 -28.771875 0.000000
v 1.663379 -28.771875 1.500000
v 1.665215 -40.138313 0.000000
v 1.665215 -40.138313 1.500000
v 1.684421 -40.101189 0.000000
v 1.684421 -40.101189 1.500000
v 1.686094 26.142187 0.000000
v 1.686094 26.142187 1.500000
v 1.692617 -38.696625 0.000000
v 1.692617 -38.696625 1.500000
v 1.705716 -38.671875 0.000000
v 1.705716 -38.671875 1.500000
v 1.722909 -9.124397 0.000000
v 1.722909 -9.124397 1.500000
v 1.723681 -16.362844 0.000000
v 1.723681 -16.362844 1.500000
v 1.739960 -28.619352 0.000000
v 1.739960 -28.619352 1.500000
v 1.746220 -11.446875 0.000000
v 1.746220 -11.446875 1.500000
v 1.774907 24.335129 0.000000
v 1.774907 24.335129 1.500000
v 1.783237 17.143705 0.000000
v 1.783237 17.143705 1.500000
v 1.795303 -11.609606 0.000000
v 1.795303 -11.609606 1.500000
v 1.798706 13.975087 0.000000
v 1.798706 13.975087 1.500000
v 1.799944 1.518103 0.000000
v 1.799944 1.518103 1.500000
v 1.801259 -39.875343 0.000000
v 1.801259 -39.875343 1.500000
v 1.804918 13.921875 0.000000
v 1.804918 13.921875 1.500000
v 1.817468 -1.392187 0.000000
v 1.817468 -1.392187 1.500000
v 1.824075 24.221277 0.000000
v 1.824075 24.221277 1.500000
v 1.828718 -16.067699 0.000000
v 1.828718 -16.067699 1.500000
v 1.840472 -39.799545 0.000000
v 1.840472 -39.799545 1.500000
v 1.843875 -26.838282 0.000000
v 1.843875 -26.838282 1.500000
v 1.846969 -11.833593 0.000000
v 1.846969 -11.833593 1.500000
v 1.850062 13.535156 0.000000
v 1.850062 13.535156 1.500000
v 1.850062 16.164845 0.000000
v 1.850062 16.164845 1.500000
v 1.850607 -17.996344 0.000000
v 1.850607 -17.996344 1.500000
v 1.851935 -38.395603 0.000000
v 1.851935 -38.395603 1.500000
v 1.854000 12.993750 0.000000
v 1.854000 12.993750 1.500000
v 1.856250 12.684375 0.000000
v 1.856250 12.684375 1.500000
v 1.863408 1.407656 0.000000
v 1.863408 1.407656 1.500000
v 1.872956 15.995925 0.000000
v 1.872956 15.995925 1.500000
v 1.901991 34.925343 0.000000
v 1.901991 34.925343 1.500000
v 1.922520 15.778125 0.000000
v 1.922520 15.778125 1.500000
v 1.922766 16.316128 0.000000
v 1.922766 16.316128 1.500000
v 1.938853 15.706350 0.000000
v 1.938853 15.706350 1.500000
v 1.948424 -28.204172 0.000000
v 1.948424 -28.204172 1.500000
v 1.949059 -15.729553 0.000000
v 1.949059 -15.729553 1.500000
v 1.949062 36.258751 0.000000
v 1.949062 36.258751 1.500000
v 1.949160 23.899220 0.000000
v 1.949160 23.899220 1.500000
v 1.951324 -38.207813 0.000000
v 1.951324 -38.207813 1.500000
v 1.955003 -1.178719 0.000000
v 1.955003 -1.178719 1.500000
v 1.964841 -9.964969 0.000000
v 1.964841 -9.964969 1.500000
v 1.976597 -17.769882 0.000000
v 1.976597 -17.769882 1.500000
v 1.983403 1.198828 0.000000
v 1.983403 1.198828 1.500000
v 1.988044 34.747452 0.000000
v 1.988044 34.747452 1.500000
v 1.995301 1.172531 0.000000
v 1.995301 1.172531 1.500000
v 1.998253 16.352634 0.000000
v 1.998253 16.352634 1.500000
v 2.010937 2.128500 0.000000
v 2.010937 2.128500 1.500000
v 2.025256 1.106325 0.000000
v 2.025256 1.106325 1.500000
v 2.025299 2.174906 0.000000
v 2.025299 2.174906 1.500000
v 2.029735 1.096425 0.000000
v 2.029735 1.096425 1.500000
v 2.039279 23.667187 0.000000
v 2.039279 23.667187 1.500000
v 2.041875 -15.468750 0.000000
v 2.041875 -15.468750 1.500000
v 2.042803 38.019093 0.000000
v 2.042803 38.019093 1.500000
v 2.044350 11.351587 0.000000
v 2.044350 11.351587 1.500000
v 2.048287 -1.033931 0.000000
v 2.048287 -1.033931 1.500000
v 2.051433 11.369532 0.000000
v 2.051433 11.369532 1.500000
v 2.059200 -39.477798 0.000000
v 2.059200 -39.477798 1.500000
v 2.066625 -1.005469 0.000000
v 2.066625 -1.005469 1.500000
v 2.070209 -0.994950 0.000000
v 2.070209 -0.994950 1.500000
v 2.070393 2.320622 0.000000
v 2.070393 2.320622 1.500000
v 2.072949 -0.986906 0.000000
v 2.072949 -0.986906 1.500000
v 2.086399 -15.310968 0.000000
v 2.086399 -15.310968 1.500000
v 2.088281 16.353563 0.000000
v 2.088281 16.353563 1.500000
v 2.112103 42.268978 0.000000
v 2.112103 42.268978 1.500000
v 2.121075 16.916315 0.000000
v 2.121075 16.916315 1.500000
v 2.136544 -2.485209 0.000000
v 2.136544 -2.485209 1.500000
v 2.140875 0.850781 0.000000
v 2.140875 0.850781 1.500000
v 2.146845 -17.445656 0.000000
v 2.146845 -17.445656 1.500000
v 2.151394 -17.436995 0.000000
v 2.151394 -17.436995 1.500000
v 2.159437 14.927343 0.000000
v 2.159437 14.927343 1.500000
v 2.159437 23.357813 0.000000
v 2.159437 23.357813 1.500000
v 2.166189 -39.347858 0.000000
v 2.166189 -39.347858 1.500000
v 2.174681 25.199831 0.000000
v 2.174681 25.199831 1.500000
v 2.194166 -0.631125 0.000000
v 2.194166 -0.631125 1.500000
v 2.194725 -3.867188 0.000000
v 2.194725 -3.867188 1.500000
v 2.197969 11.740781 0.000000
v 2.197969 11.740781 1.500000
v 2.203523 0.528413 0.000000
v 2.203523 0.528413 1.500000
v 2.206522 -2.338875 0.000000
v 2.206522 -2.338875 1.500000
v 2.208009 -14.880010 0.000000
v 2.208009 -14.880010 1.500000
v 2.209316 2.769525 0.000000
v 2.209316 2.769525 1.500000
v 2.211722 -27.679781 0.000000
v 2.211722 -27.679781 1.500000
v 2.218219 -37.703529 0.000000
v 2.218219 -37.703529 1.500000
v 2.222241 2.811291 0.000000
v 2.222241 2.811291 1.500000
v 2.224406 25.103926 0.000000
v 2.224406 25.103926 1.500000
v 2.228106 -0.531506 0.000000
v 2.228106 -0.531506 1.500000
v 2.228775 0.398475 0.000000
v 2.228775 0.398475 1.500000
v 2.233995 34.185936 0.000000
v 2.233995 34.185936 1.500000
v 2.236781 -17.253843 0.000000
v 2.236781 -17.253843 1.500000
v 2.238067 2.830781 0.000000
v 2.238067 2.830781 1.500000
v 2.242969 -0.487884 0.000000
v 2.242969 -0.487884 1.500000
v 2.244454 -25.910156 0.000000
v 2.244454 -25.910156 1.500000
v 2.244987 -2.258437 0.000000
v 2.244987 -2.258437 1.500000
v 2.246991 -25.904278 0.000000
v 2.246991 -25.904278 1.500000
v 2.249156 -2.801391 0.000000
v 2.249156 -2.801391 1.500000
v 2.249422 35.670319 0.000000
v 2.249422 35.670319 1.500000
v 2.255344 -2.236781 0.000000
v 2.255344 -2.236781 1.500000
v 2.261617 -0.366919 0.000000
v 2.261617 -0.366919 1.500000
v 2.265553 2.099109 0.000000
v 2.265553 2.099109 1.500000
v 2.273975 -37.589062 0.000000
v 2.273975 -37.589062 1.500000
v 2.277000 -39.213280 0.000000
v 2.277000 -39.213280 1.500000
v 2.279643 14.544337 0.000000
v 2.279643 14.544337 1.500000
v 2.280884 11.950847 0.000000
v 2.280884 11.950847 1.500000
v 2.283285 2.886469 0.000000
v 2.283285 2.886469 1.500000
v 2.286422 -14.548359 0.000000
v 2.286422 -14.548359 1.500000
v 2.288447 -3.934322 0.000000
v 2.288447 -3.934322 1.500000
v 2.301750 34.031250 0.000000
v 2.301750 34.031250 1.500000
v 2.306258 -0.077344 0.000000
v 2.306258 -0.077344 1.500000
v 2.312887 -0.034341 0.000000
v 2.312887 -0.034341 1.500000
v 2.326188 12.065625 0.000000
v 2.326188 12.065625 1.500000
v 2.341282 -14.316328 0.000000
v 2.341282 -14.316328 1.500000
v 2.344134 -14.304262 0.000000
v 2.344134 -14.304262 1.500000
v 2.350108 2.968762 0.000000
v 2.350108 2.968762 1.500000
v 2.355156 -14.231250 0.000000
v 2.355156 -14.231250 1.500000
v 2.366363 12.167409 0.000000
v 2.366363 12.167409 1.500000
v 2.409103 12.275691 0.000000
v 2.409103 12.275691 1.500000
v 2.417646 -11.170603 0.000000
v 2.417646 -11.170603 1.500000
v 2.435617 -2.088281 0.000000
v 2.435617 -2.088281 1.500000
v 2.456128 16.291378 0.000000
v 2.456128 16.291378 1.500000
v 2.458299 13.975087 0.000000
v 2.458299 13.975087 1.500000
v 2.471906 -13.457812 0.000000
v 2.471906 -13.457812 1.500000
v 2.474771 -12.884850 0.000000
v 2.474771 -12.884850 1.500000
v 2.475000 -12.839063 0.000000
v 2.475000 -12.839063 1.500000
v 2.475000 13.921875 0.000000
v 2.475000 13.921875 1.500000
v 2.486955 22.120312 0.000000
v 2.486955 22.120312 1.500000
v 2.510473 -3.061575 0.000000
v 2.510473 -3.061575 1.500000
v 2.521406 -11.446875 0.000000
v 2.521406 -11.446875 1.500000
v 2.542789 -3.093750 0.000000
v 2.542789 -3.093750 1.500000
v 2.551831 3.217191 0.000000
v 2.551831 3.217191 1.500000
v 2.552344 38.028374 0.000000
v 2.552344 38.028374 1.500000
v 2.574055 -26.838282 0.000000
v 2.574055 -26.838282 1.500000
v 2.588850 -1.962056 0.000000
v 2.588850 -1.962056 1.500000
v 2.590706 -26.799610 0.000000
v 2.590706 -26.799610 1.500000
v 2.596894 -17.025215 0.000000
v 2.596894 -17.025215 1.500000
v 2.606151 -11.609606 0.000000
v 2.606151 -11.609606 1.500000
v 2.608603 12.684375 0.000000
v 2.608603 12.684375 1.500000
v 2.629688 34.925343 0.000000
v 2.629688 34.925343 1.500000
v 2.632325 -36.853367 0.000000
v 2.632325 -36.853367 1.500000
v 2.666503 -24.791147 0.000000
v 2.666503 -24.791147 1.500000
v 2.666636 3.358575 0.000000
v 2.666636 3.358575 1.500000
v 2.666812 24.335129 0.000000
v 2.666812 24.335129 1.500000
v 2.692800 21.342545 0.000000
v 2.692800 21.342545 1.500000
v 2.696822 -36.720955 0.000000
v 2.696822 -36.720955 1.500000
v 2.701153 -15.729553 0.000000
v 2.701153 -15.729553 1.500000
v 2.704816 -15.468750 0.000000
v 2.704816 -15.468750 1.500000
v 2.707031 -15.310968 0.000000
v 2.707031 -15.310968 1.500000
v 2.707031 16.706249 0.000000
v 2.707031 16.706249 1.500000
v 2.714617 3.417666 0.000000
v 2.714617 3.417666 1.500000
v 2.717859 2.333925 0.000000
v 2.717859 2.333925 1.500000
v 2.722796 -11.833593 0.000000
v 2.722796 -11.833593 1.500000
v 2.724666 3.430041 0.000000
v 2.724666 3.430041 1.500000
v 2.727450 16.246210 0.000000
v 2.727450 16.246210 1.500000
v 2.742609 -1.879144 0.000000
v 2.742609 -1.879144 1.500000
v 2.743228 -16.067699 0.000000
v 2.743228 -16.067699 1.500000
v 2.759625 12.993750 0.000000
v 2.759625 12.993750 1.500000
v 2.764191 35.114063 0.000000
v 2.764191 35.114063 1.500000
v 2.765503 41.581238 0.000000
v 2.765503 41.581238 1.500000
v 2.775087 24.221277 0.000000
v 2.775087 24.221277 1.500000
v 2.777781 -24.435366 0.000000
v 2.777781 -24.435366 1.500000
v 2.789552 -14.880010 0.000000
v 2.789552 -14.880010 1.500000
v 2.807863 -11.996943 0.000000
v 2.807863 -11.996943 1.500000
v 2.815103 16.734095 0.000000
v 2.815103 16.734095 1.500000
v 2.833963 -12.047063 0.000000
v 2.833963 -12.047063 1.500000
v 2.843630 -12.065625 0.000000
v 2.843630 -12.065625 1.500000
v 2.847923 -36.397659 0.000000
v 2.847923 -36.397659 1.500000
v 2.853056 -14.548359 0.000000
v 2.853056 -14.548359 1.500000
v 2.853511 -3.403125 0.000000
v 2.853511 -3.403125 1.500000
v 2.858625 -38.207813 0.000000
v 2.858625 -38.207813 1.500000
v 2.861719 -1.850062 0.000000
v 2.861719 -1.850062 1.500000
v 2.864813 -0.077344 0.000000
v 2.864813 -0.077344 1.500000
v 2.866669 -12.109865 0.000000
v 2.866669 -12.109865 1.500000
v 2.903175 20.181150 0.000000
v 2.903175 20.181150 1.500000
v 2.909053 32.320408 0.000000
v 2.909053 32.320408 1.500000
v 2.918025 14.475657 0.000000
v 2.918025 14.475657 1.500000
v 2.918185 -23.986462 0.000000
v 2.918185 -23.986462 1.500000
v 2.920500 -4.509759 0.000000
v 2.920500 -4.509759 1.500000
v 2.921737 -0.366919 0.000000
v 2.921737 -0.366919 1.500000
v 2.925319 -0.034341 0.000000
v 2.925319 -0.034341 1.500000
v 2.939063 -25.910156 0.000000
v 2.939063 -25.910156 1.500000
v 2.939063 -16.362844 0.000000
v 2.939063 -16.362844 1.500000
v 2.939063 1.407656 0.000000
v 2.939063 1.407656 1.500000
v 2.940300 -16.900846 0.000000
v 2.940300 -16.900846 1.500000
v 2.941605 -25.904278 0.000000
v 2.941605 -25.904278 1.500000
v 2.967834 -14.316328 0.000000
v 2.967834 -14.316328 1.500000
v 2.969664 -23.821875 0.000000
v 2.969664 -23.821875 1.500000
v 2.985692 -14.304262 0.000000
v 2.985692 -14.304262 1.500000
v 2.990419 16.779263 0.000000
v 2.990419 16.779263 1.500000
v 2.997844 34.185936 0.000000
v 2.997844 34.185936 1.500000
v 3.016406 16.198875 0.000000
v 3.016406 16.198875 1.500000
v 3.023522 -1.922766 0.000000
v 3.023522 -1.922766 1.500000
v 3.038063 19.103907 0.000000
v 3.038063 19.103907 1.500000
v 3.049864 1.518103 0.000000
v 3.049864 1.518103 1.500000
v 3.051812 34.031250 0.000000
v 3.051812 34.031250 1.500000
v 3.056625 4.683938 0.000000
v 3.056625 4.683938 1.500000
v 3.057816 -37.703529 0.000000
v 3.057816 -37.703529 1.500000
v 3.071475 -1.997944 0.000000
v 3.071475 -1.997944 1.500000
v 3.081375 23.899220 0.000000
v 3.081375 23.899220 1.500000
v 3.087563 -2.088281 0.000000
v 3.087563 -2.088281 1.500000
v 3.093750 -14.231250 0.000000
v 3.093750 -14.231250 1.500000
v 3.093750 14.695312 0.000000
v 3.093750 14.695312 1.500000
v 3.103031 -37.589062 0.000000
v 3.103031 -37.589062 1.500000
v 3.107637 -12.521335 0.000000
v 3.107637 -12.521335 1.500000
v 3.116334 -16.335928 0.000000
v 3.116334 -16.335928 1.500000
v 3.118500 22.120312 0.000000
v 3.118500 22.120312 1.500000
v 3.125265 17.105963 0.000000
v 3.125265 17.105963 1.500000
v 3.125616 17.097919 0.000000
v 3.125616 17.097919 1.500000
v 3.130875 -1.392187 0.000000
v 3.130875 -1.392187 1.500000
v 3.134897 24.188484 0.000000
v 3.134897 24.188484 1.500000
v 3.136462 13.535156 0.000000
v 3.136462 13.535156 1.500000
v 3.159956 -35.730026 0.000000
v 3.159956 -35.730026 1.500000
v 3.160884 -38.783558 0.000000
v 3.160884 -38.783558 1.500000
v 3.229381 -0.487884 0.000000
v 3.229381 -0.487884 1.500000
v 3.263288 31.234810 0.000000
v 3.263288 31.234810 1.500000
v 3.271641 24.576441 0.000000
v 3.271641 24.576441 1.500000
v 3.293707 -12.839063 0.000000
v 3.293707 -12.839063 1.500000
v 3.319594 -3.867188 0.000000
v 3.319594 -3.867188 1.500000
v 3.320522 -12.884850 0.000000
v 3.320522 -12.884850 1.500000
v 3.326376 21.342545 0.000000
v 3.326376 21.342545 1.500000
v 3.334134 15.019538 0.000000
v 3.334134 15.019538 1.500000
v 3.338496 34.747452 0.000000
v 3.338496 34.747452 1.500000
v 3.339556 16.087500 0.000000
v 3.339556 16.087500 1.500000
v 3.340322 -0.531506 0.000000
v 3.340322 -0.531506 1.500000
v 3.344344 -16.789782 0.000000
v 3.344344 -16.789782 1.500000
v 3.346457 -14.385938 0.000000
v 3.346457 -14.385938 1.500000
v 3.356719 -22.584375 0.000000
v 3.356719 -22.584375 1.500000
v 3.361633 -16.785759 0.000000
v 3.361633 -16.785759 1.500000
v 3.363318 -22.556532 0.000000
v 3.363318 -22.556532 1.500000
v 3.370022 -16.284262 0.000000
v 3.370022 -16.284262 1.500000
v 3.388119 -3.934322 0.000000
v 3.388119 -3.934322 1.500000
v 3.397866 -36.853367 0.000000
v 3.397866 -36.853367 1.500000
v 3.405631 13.921875 0.000000
v 3.405631 13.921875 1.500000
v 3.423098 -24.791147 0.000000
v 3.423098 -24.791147 1.500000
v 3.446417 34.925343 0.000000
v 3.446417 34.925343 1.500000
v 3.451262 -36.720955 0.000000
v 3.451262 -36.720955 1.500000
v 3.460481 1.927406 0.000000
v 3.460481 1.927406 1.500000
v 3.483562 32.793751 0.000000
v 3.483562 32.793751 1.500000
v 3.487334 -2.629688 0.000000
v 3.487334 -2.629688 1.500000
v 3.495938 4.238438 0.000000
v 3.495938 4.238438 1.500000
v 3.502125 -14.481225 0.000000
v 3.502125 -14.481225 1.500000
v 3.503803 -34.937717 0.000000
v 3.503803 -34.937717 1.500000
v 3.508312 16.029337 0.000000
v 3.508312 16.029337 1.500000
v 3.520961 15.316228 0.000000
v 3.520961 15.316228 1.500000
v 3.525554 25.077318 0.000000
v 3.525554 25.077318 1.500000
v 3.530897 15.332006 0.000000
v 3.530897 15.332006 1.500000
v 3.531810 -21.845587 0.000000
v 3.531810 -21.845587 1.500000
v 3.533969 -1.825622 0.000000
v 3.533969 -1.825622 1.500000
v 3.534300 0.398475 0.000000
v 3.534300 0.398475 1.500000
v 3.539240 36.201515 0.000000
v 3.539240 36.201515 1.500000
v 3.551729 2.018363 0.000000
v 3.551729 2.018363 1.500000
v 3.556699 -1.850062 0.000000
v 3.556699 -1.850062 1.500000
v 3.559978 -2.728069 0.000000
v 3.559978 -2.728069 1.500000
v 3.560906 35.114063 0.000000
v 3.560906 35.114063 1.500000
v 3.573281 20.418751 0.000000
v 3.573281 20.418751 1.500000
v 3.576994 -24.435366 0.000000
v 3.576994 -24.435366 1.500000
v 3.581634 -36.397659 0.000000
v 3.581634 -36.397659 1.500000
v 3.588750 23.357813 0.000000
v 3.588750 23.357813 1.500000
v 3.594628 37.973305 0.000000
v 3.594628 37.973305 1.500000
v 3.594938 30.164062 0.000000
v 3.594938 30.164062 1.500000
v 3.604837 -21.537451 0.000000
v 3.604837 -21.537451 1.500000
v 3.624313 -1.922766 0.000000
v 3.624313 -1.922766 1.500000
v 3.628555 20.181150 0.000000
v 3.628555 20.181150 1.500000
v 3.629011 2.095397 0.000000
v 3.629011 2.095397 1.500000
v 3.632735 2.099109 0.000000
v 3.632735 2.099109 1.500000
v 3.635156 -5.212969 0.000000
v 3.635156 -5.212969 1.500000
v 3.635156 36.336094 0.000000
v 3.635156 36.336094 1.500000
v 3.639740 32.320408 0.000000
v 3.639740 32.320408 1.500000
v 3.657741 15.907134 0.000000
v 3.657741 15.907134 1.500000
v 3.694228 -1.997944 0.000000
v 3.694228 -1.997944 1.500000
v 3.701591 -13.457812 0.000000
v 3.701591 -13.457812 1.500000
v 3.704456 32.124264 0.000000
v 3.704456 32.124264 1.500000
v 3.706312 23.667187 0.000000
v 3.706312 23.667187 1.500000
v 3.707848 -21.037500 0.000000
v 3.707848 -21.037500 1.500000
v 3.712500 15.778125 0.000000
v 3.712500 15.778125 1.500000
v 3.712500 25.446095 0.000000
v 3.712500 25.446095 1.500000
v 3.748388 19.666040 0.000000
v 3.748388 19.666040 1.500000
v 3.762000 -35.955563 0.000000
v 3.762000 -35.955563 1.500000
v 3.762931 -34.340626 0.000000
v 3.762931 -34.340626 1.500000
v 3.774375 -14.751928 0.000000
v 3.774375 -14.751928 1.500000
v 3.791081 14.475657 0.000000
v 3.791081 14.475657 1.500000
v 3.800363 5.503162 0.000000
v 3.800363 5.503162 1.500000
v 3.802169 23.899220 0.000000
v 3.802169 23.899220 1.500000
v 3.830062 -34.185936 0.000000
v 3.830062 -34.185936 1.500000
v 3.839034 -20.400806 0.000000
v 3.839034 -20.400806 1.500000
v 3.841200 -23.986462 0.000000
v 3.841200 -23.986462 1.500000
v 3.850474 19.103907 0.000000
v 3.850474 19.103907 1.500000
v 3.853859 -35.730026 0.000000
v 3.853859 -35.730026 1.500000
v 3.868305 2.333925 0.000000
v 3.868305 2.333925 1.500000
v 3.872161 29.140959 0.000000
v 3.872161 29.140959 1.500000
v 3.878865 4.683938 0.000000
v 3.878865 4.683938 1.500000
v 3.879953 25.753922 0.000000
v 3.879953 25.753922 1.500000
v 3.891937 18.875587 0.000000
v 3.891937 18.875587 1.500000
v 3.900771 1.198828 0.000000
v 3.900771 1.198828 1.500000
v 3.909978 3.335063 0.000000
v 3.909978 3.335063 1.500000
v 3.936692 -33.880585 0.000000
v 3.936692 -33.880585 1.500000
v 3.947316 31.331644 0.000000
v 3.947316 31.331644 1.500000
v 3.951647 25.885715 0.000000
v 3.951647 25.885715 1.500000
v 3.955050 -38.696625 0.000000
v 3.955050 -38.696625 1.500000
v 3.965721 -3.171403 0.000000
v 3.965721 -3.171403 1.500000
v 3.968698 14.695312 0.000000
v 3.968698 14.695312 1.500000
v 3.972375 -16.133905 0.000000
v 3.972375 -16.133905 1.500000
v 3.974265 31.234810 0.000000
v 3.974265 31.234810 1.500000
v 3.975483 -4.509759 0.000000
v 3.975483 -4.509759 1.500000
v 3.989819 36.868217 0.000000
v 3.989819 36.868217 1.500000
v 3.990009 -4.523991 0.000000
v 3.990009 -4.523991 1.500000
v 3.999909 37.926281 0.000000
v 3.999909 37.926281 1.500000
v 4.012659 28.622446 0.000000
v 4.012659 28.622446 1.500000
v 4.021875 -23.821875 0.000000
v 4.021875 -23.821875 1.500000
v 4.021875 1.172531 0.000000
v 4.021875 1.172531 1.500000
v 4.021875 42.192562 0.000000
v 4.021875 42.192562 1.500000
v 4.024969 17.557032 0.000000
v 4.024969 17.557032 1.500000
v 4.025204 -15.052641 0.000000
v 4.025204 -15.052641 1.500000
v 4.041675 17.105963 0.000000
v 4.041675 17.105963 1.500000
v 4.042739 17.097919 0.000000
v 4.042739 17.097919 1.500000
v 4.049719 -15.082031 0.000000
v 4.049719 -15.082031 1.500000
v 4.054359 36.965054 0.000000
v 4.054359 36.965054 1.500000
v 4.066116 -33.509953 0.000000
v 4.066116 -33.509953 1.500000
v 4.077562 -3.293606 0.000000
v 4.077562 -3.293606 1.500000
v 4.084891 16.779263 0.000000
v 4.084891 16.779263 1.500000
v 4.090866 16.734095 0.000000
v 4.090866 16.734095 1.500000
v 4.103851 16.706249 0.000000
v 4.103851 16.706249 1.500000
v 4.117781 28.234491 0.000000
v 4.117781 28.234491 1.500000
v 4.120543 -33.335155 0.000000
v 4.120543 -33.335155 1.500000
v 4.130669 26.296875 0.000000
v 4.130669 26.296875 1.500000
v 4.136344 -38.111908 0.000000
v 4.136344 -38.111908 1.500000
v 4.138201 28.140751 0.000000
v 4.138201 28.140751 1.500000
v 4.148719 26.338331 0.000000
v 4.148719 26.338331 1.500000
v 4.149647 41.450680 0.000000
v 4.149647 41.450680 1.500000
v 4.161094 -18.407812 0.000000
v 4.161094 -18.407812 1.500000
v 4.169731 -18.330469 0.000000
v 4.169731 -18.330469 1.500000
v 4.176562 -34.937717 0.000000
v 4.176562 -34.937717 1.500000
v 4.198922 27.862003 0.000000
v 4.198922 27.862003 1.500000
v 4.215994 -14.231250 0.000000
v 4.215994 -14.231250 1.500000
v 4.230870 15.019538 0.000000
v 4.230870 15.019538 1.500000
v 4.231941 -21.845587 0.000000
v 4.231941 -21.845587 1.500000
v 4.240603 -23.958618 0.000000
v 4.240603 -23.958618 1.500000
v 4.241531 3.613500 0.000000
v 4.241531 3.613500 1.500000
v 4.253906 16.384501 0.000000
v 4.253906 16.384501 1.500000
v 4.253906 37.873688 0.000000
v 4.253906 37.873688 1.500000
v 4.272262 30.164062 0.000000
v 4.272262 30.164062 1.500000
v 4.272469 -1.178719 0.000000
v 4.272469 -1.178719 1.500000
v 4.274528 -21.537451 0.000000
v 4.274528 -21.537451 1.500000
v 4.276491 27.505913 0.000000
v 4.276491 27.505913 1.500000
v 4.278484 -17.356556 0.000000
v 4.278484 -17.356556 1.500000
v 4.281750 -2.629688 0.000000
v 4.281750 -2.629688 1.500000
v 4.288392 37.511719 0.000000
v 4.288392 37.511719 1.500000
v 4.288866 25.077318 0.000000
v 4.288866 25.077318 1.500000
v 4.290412 -22.556532 0.000000
v 4.290412 -22.556532 1.500000
v 4.296290 37.428806 0.000000
v 4.296290 37.428806 1.500000
v 4.299336 27.333900 0.000000
v 4.299336 27.333900 1.500000
v 4.301660 -22.584375 0.000000
v 4.301660 -22.584375 1.500000
v 4.307119 -24.106190 0.000000
v 4.307119 -24.106190 1.500000
v 4.307737 36.201515 0.000000
v 4.307737 36.201515 1.500000
v 4.315484 -17.025215 0.000000
v 4.315484 -17.025215 1.500000
v 4.318875 -14.385938 0.000000
v 4.318875 -14.385938 1.500000
v 4.331250 -24.285938 0.000000
v 4.331250 -24.285938 1.500000
v 4.333828 -16.860937 0.000000
v 4.333828 -16.860937 1.500000
v 4.334344 27.070312 0.000000
v 4.334344 27.070312 1.500000
v 4.343625 -21.037500 0.000000
v 4.343625 -21.037500 1.500000
v 4.344192 -16.768126 0.000000
v 4.344192 -16.768126 1.500000
v 4.354144 -32.584923 0.000000
v 4.354144 -32.584923 1.500000
v 4.368375 -16.551563 0.000000
v 4.368375 -16.551563 1.500000
v 4.380750 16.419149 0.000000
v 4.380750 16.419149 1.500000
v 4.380750 29.774250 0.000000
v 4.380750 29.774250 1.500000
v 4.393955 -14.481225 0.000000
v 4.393955 -14.481225 1.500000
v 4.408468 36.336094 0.000000
v 4.408468 36.336094 1.500000
v 4.421529 -24.595312 0.000000
v 4.421529 -24.595312 1.500000
v 4.434149 -20.400806 0.000000
v 4.434149 -20.400806 1.500000
v 4.468902 -35.346092 0.000000
v 4.468902 -35.346092 1.500000
v 4.470778 15.316228 0.000000
v 4.470778 15.316228 1.500000
v 4.484759 15.332006 0.000000
v 4.484759 15.332006 1.500000
v 4.506130 -3.731372 0.000000
v 4.506130 -3.731372 1.500000
v 4.513163 -24.909328 0.000000
v 4.513163 -24.909328 1.500000
v 4.537838 -15.724294 0.000000
v 4.537838 -15.724294 1.500000
v 4.538222 -19.668825 0.000000
v 4.538222 -19.668825 1.500000
v 4.545956 6.465628 0.000000
v 4.545956 6.465628 1.500000
v 4.554309 29.140959 0.000000
v 4.554309 29.140959 1.500000
v 4.554619 16.524956 0.000000
v 4.554619 16.524956 1.500000
v 4.565756 42.088921 0.000000
v 4.565756 42.088921 1.500000
v 4.577822 0.528413 0.000000
v 4.577822 0.528413 1.500000
v 4.583025 5.503162 0.000000
v 4.583025 5.503162 1.500000
v 4.589449 -5.212969 0.000000
v 4.589449 -5.212969 1.500000
v 4.597312 25.753922 0.000000
v 4.597312 25.753922 1.500000
v 4.601025 -18.951384 0.000000
v 4.601025 -18.951384 1.500000
v 4.601953 1.106325 0.000000
v 4.601953 1.106325 1.500000
v 4.607252 -14.751928 0.000000
v 4.607252 -14.751928 1.500000
v 4.624859 -18.407812 0.000000
v 4.624859 -18.407812 1.500000
v 4.628250 -18.330469 0.000000
v 4.628250 -18.330469 1.500000
v 4.662646 25.885715 0.000000
v 4.662646 25.885715 1.500000
v 4.662900 -38.062405 0.000000
v 4.662900 -38.062405 1.500000
v 4.696312 -15.932813 0.000000
v 4.696312 -15.932813 1.500000
v 4.709925 -25.328222 0.000000
v 4.709925 -25.328222 1.500000
v 4.711781 -3.941437 0.000000
v 4.711781 -3.941437 1.500000
v 4.718897 28.622446 0.000000
v 4.718897 28.622446 1.500000
v 4.727869 -17.356556 0.000000
v 4.727869 -17.356556 1.500000
v 4.750144 -5.397666 0.000000
v 4.750144 -5.397666 1.500000
v 4.768770 -35.764988 0.000000
v 4.768770 -35.764988 1.500000
v 4.801542 -23.821875 0.000000
v 4.801542 -23.821875 1.500000
v 4.806759 36.868217 0.000000
v 4.806759 36.868217 1.500000
v 4.807378 -33.880585 0.000000
v 4.807378 -33.880585 1.500000
v 4.813875 -3.171403 0.000000
v 4.813875 -3.171403 1.500000
v 4.819904 -34.185936 0.000000
v 4.819904 -34.185936 1.500000
v 4.826250 -34.340626 0.000000
v 4.826250 -34.340626 1.500000
v 4.829034 -17.025215 0.000000
v 4.829034 -17.025215 1.500000
v 4.844194 -15.052641 0.000000
v 4.844194 -15.052641 1.500000
v 4.856779 -23.958618 0.000000
v 4.856779 -23.958618 1.500000
v 4.866469 26.296875 0.000000
v 4.866469 26.296875 1.500000
v 4.867773 -25.609135 0.000000
v 4.867773 -25.609135 1.500000
v 4.869997 -15.082031 0.000000
v 4.869997 -15.082031 1.500000
v 4.872656 3.335063 0.000000
v 4.872656 3.335063 1.500000
v 4.880056 15.778125 0.000000
v 4.880056 15.778125 1.500000
v 4.882784 36.965054 0.000000
v 4.882784 36.965054 1.500000
v 4.883270 -33.509953 0.000000
v 4.883270 -33.509953 1.500000
v 4.889559 26.338331 0.000000
v 4.889559 26.338331 1.500000
v 4.905026 28.234491 0.000000
v 4.905026 28.234491 1.500000
v 4.916390 -24.106190 0.000000
v 4.916390 -24.106190 1.500000
v 4.919063 -33.335155 0.000000
v 4.919063 -33.335155 1.500000
v 4.940719 -30.473438 0.000000
v 4.940719 -30.473438 1.500000
v 4.950000 -25.755468 0.000000
v 4.950000 -25.755468 1.500000
v 4.950000 -16.860937 0.000000
v 4.950000 -16.860937 1.500000
v 4.950000 16.885687 0.000000
v 4.950000 16.885687 1.500000
v 4.950000 28.140751 0.000000
v 4.950000 28.140751 1.500000
v 4.968626 -30.358969 0.000000
v 4.968626 -30.358969 1.500000
v 4.992360 -38.022186 0.000000
v 4.992360 -38.022186 1.500000
v 4.994369 15.907134 0.000000
v 4.994369 15.907134 1.500000
v 5.014350 6.004969 0.000000
v 5.014350 6.004969 1.500000
v 5.024250 4.343006 0.000000
v 5.024250 4.343006 1.500000
v 5.052472 -36.161297 0.000000
v 5.052472 -36.161297 1.500000
v 5.087672 28.255219 0.000000
v 5.087672 28.255219 1.500000
v 5.102651 16.029337 0.000000
v 5.102651 16.029337 1.500000
v 5.104688 -38.671875 0.000000
v 5.104688 -38.671875 1.500000
v 5.104688 38.492439 0.000000
v 5.104688 38.492439 1.500000
v 5.104776 -32.584923 0.000000
v 5.104776 -32.584923 1.500000
v 5.113969 -24.595312 0.000000
v 5.113969 -24.595312 1.500000
v 5.123878 -34.937717 0.000000
v 5.123878 -34.937717 1.500000
v 5.131251 28.307812 0.000000
v 5.131251 28.307812 1.500000
v 5.138100 -6.981047 0.000000
v 5.138100 -6.981047 1.500000
v 5.152022 -38.002697 0.000000
v 5.152022 -38.002697 1.500000
v 5.154188 16.087500 0.000000
v 5.154188 16.087500 1.500000
v 5.166117 38.549362 0.000000
v 5.166117 38.549362 1.500000
v 5.182031 -36.342281 0.000000
v 5.182031 -36.342281 1.500000
v 5.186508 3.613500 0.000000
v 5.186508 3.613500 1.500000
v 5.186981 -29.463327 0.000000
v 5.186981 -29.463327 1.500000
v 5.199666 17.138756 0.000000
v 5.199666 17.138756 1.500000
v 5.238338 -32.045372 0.000000
v 5.238338 -32.045372 1.500000
v 5.240812 -42.244537 0.000000
v 5.240812 -42.244537 1.500000
v 5.246874 37.428806 0.000000
v 5.246874 37.428806 1.500000
v 5.258677 16.198875 0.000000
v 5.258677 16.198875 1.500000
v 5.260612 -1.033931 0.000000
v 5.260612 -1.033931 1.500000
v 5.297259 27.070312 0.000000
v 5.297259 27.070312 1.500000
v 5.301438 -28.937391 0.000000
v 5.301438 -28.937391 1.500000
v 5.311969 37.511719 0.000000
v 5.311969 37.511719 1.500000
v 5.327437 -35.346092 0.000000
v 5.327437 -35.346092 1.500000
v 5.332256 7.734375 0.000000
v 5.332256 7.734375 1.500000
v 5.341503 6.465628 0.000000
v 5.341503 6.465628 1.500000
v 5.349403 28.571091 0.000000
v 5.349403 28.571091 1.500000
v 5.378484 1.096425 0.000000
v 5.378484 1.096425 1.500000
v 5.385910 -26.647396 0.000000
v 5.385910 -26.647396 1.500000
v 5.387147 -28.543556 0.000000
v 5.387147 -28.543556 1.500000
v 5.396898 -28.481062 0.000000
v 5.396898 -28.481062 1.500000
v 5.403802 16.353563 0.000000
v 5.403802 16.353563 1.500000
v 5.404198 -36.707344 0.000000
v 5.404198 -36.707344 1.500000
v 5.410350 -3.731372 0.000000
v 5.410350 -3.731372 1.500000
v 5.414062 41.298470 0.000000
v 5.414062 41.298470 1.500000
v 5.425083 -26.768362 0.000000
v 5.425083 -26.768362 1.500000
v 5.427310 -28.286156 0.000000
v 5.427310 -28.286156 1.500000
v 5.431387 -31.202635 0.000000
v 5.431387 -31.202635 1.500000
v 5.432827 16.384501 0.000000
v 5.432827 16.384501 1.500000
v 5.433863 -15.724294 0.000000
v 5.433863 -15.724294 1.500000
v 5.444072 27.333900 0.000000
v 5.444072 27.333900 1.500000
v 5.465335 16.419149 0.000000
v 5.465335 16.419149 1.500000
v 5.476556 41.911030 0.000000
v 5.476556 41.911030 1.500000
v 5.506986 38.865234 0.000000
v 5.506986 38.865234 1.500000
v 5.519559 -27.060102 0.000000
v 5.519559 -27.060102 1.500000
v 5.528609 -4.640625 0.000000
v 5.528609 -4.640625 1.500000
v 5.532244 -17.024597 0.000000
v 5.532244 -17.024597 1.500000
v 5.537503 17.444729 0.000000
v 5.537503 17.444729 1.500000
v 5.545748 27.505913 0.000000
v 5.545748 27.505913 1.500000
v 5.564601 16.524956 0.000000
v 5.564601 16.524956 1.500000
v 5.568750 -27.379688 0.000000
v 5.568750 -27.379688 1.500000
v 5.583414 -1.005469 0.000000
v 5.583414 -1.005469 1.500000
v 5.590222 -30.473438 0.000000
v 5.590222 -30.473438 1.500000
v 5.615156 -30.358969 0.000000
v 5.615156 -30.358969 1.500000
v 5.618822 4.889362 0.000000
v 5.618822 4.889362 1.500000
v 5.619178 -35.764988 0.000000
v 5.619178 -35.764988 1.500000
v 5.628629 -38.701267 0.000000
v 5.628629 -38.701267 1.500000
v 5.632183 38.981251 0.000000
v 5.632183 38.981251 1.500000
v 5.635409 37.873688 0.000000
v 5.635409 37.873688 1.500000
v 5.647641 -25.609135 0.000000
v 5.647641 -25.609135 1.500000
v 5.650539 -15.932813 0.000000
v 5.650539 -15.932813 1.500000
v 5.672390 6.931547 0.000000
v 5.672390 6.931547 1.500000
v 5.682405 37.926281 0.000000
v 5.682405 37.926281 1.500000
v 5.702709 -0.994950 0.000000
v 5.702709 -0.994950 1.500000
v 5.717006 -17.129784 0.000000
v 5.717006 -17.129784 1.500000
v 5.724425 37.973305 0.000000
v 5.724425 37.973305 1.500000
v 5.733911 -25.755468 0.000000
v 5.733911 -25.755468 1.500000
v 5.737669 4.998572 0.000000
v 5.737669 4.998572 1.500000
v 5.756231 27.862003 0.000000
v 5.756231 27.862003 1.500000
v 5.763656 8.430469 0.000000
v 5.763656 8.430469 1.500000
v 5.773632 38.028374 0.000000
v 5.773632 38.028374 1.500000
v 5.788097 -7.901437 0.000000
v 5.788097 -7.901437 1.500000
v 5.800781 -37.879875 0.000000
v 5.800781 -37.879875 1.500000
v 5.829175 -29.463327 0.000000
v 5.829175 -29.463327 1.500000
v 5.845331 -37.432209 0.000000
v 5.845331 -37.432209 1.500000
v 5.859500 -16.133905 0.000000
v 5.859500 -16.133905 1.500000
v 5.903032 16.885687 0.000000
v 5.903032 16.885687 1.500000
v 5.905659 -36.161297 0.000000
v 5.905659 -36.161297 1.500000
v 5.905863 -6.981047 0.000000
v 5.905863 -6.981047 1.500000
v 5.910919 -37.733849 0.000000
v 5.910919 -37.733849 1.500000
v 5.929166 28.140751 0.000000
v 5.929166 28.140751 1.500000
v 5.940276 -4.993003 0.000000
v 5.940276 -4.993003 1.500000
v 5.954850 -28.937391 0.000000
v 5.954850 -28.937391 1.500000
v 5.962695 17.789062 0.000000
v 5.962695 17.789062 1.500000
v 5.991975 -17.286327 0.000000
v 5.991975 -17.286327 1.500000
v 6.000183 28.255219 0.000000
v 6.000183 28.255219 1.500000
v 6.009839 8.968472 0.000000
v 6.009839 8.968472 1.500000
v 6.015739 -16.284262 0.000000
v 6.015739 -16.284262 1.500000
v 6.032813 -0.986906 0.000000
v 6.032813 -0.986906 1.500000
v 6.032813 28.307812 0.000000
v 6.032813 28.307812 1.500000
v 6.032813 39.352501 0.000000
v 6.032813 39.352501 1.500000
v 6.046280 -17.323763 0.000000
v 6.046280 -17.323763 1.500000
v 6.047268 -36.342281 0.000000
v 6.047268 -36.342281 1.500000
v 6.069426 -16.335928 0.000000
v 6.069426 -16.335928 1.500000
v 6.074736 -28.543556 0.000000
v 6.074736 -28.543556 1.500000
v 6.081680 29.599453 0.000000
v 6.081680 29.599453 1.500000
v 6.091594 29.613375 0.000000
v 6.091594 29.613375 1.500000
v 6.093760 -28.481062 0.000000
v 6.093760 -28.481062 1.500000
v 6.097394 -16.362844 0.000000
v 6.097394 -16.362844 1.500000
v 6.110156 -0.631125 0.000000
v 6.110156 -0.631125 1.500000
v 6.138522 9.249694 0.000000
v 6.138522 9.249694 1.500000
v 6.147281 7.734375 0.000000
v 6.147281 7.734375 1.500000
v 6.161456 9.299812 0.000000
v 6.161456 9.299812 1.500000
v 6.168938 -7.341469 0.000000
v 6.168938 -7.341469 1.500000
v 6.187500 -28.286156 0.000000
v 6.187500 -28.286156 1.500000
v 6.188300 38.492439 0.000000
v 6.188300 38.492439 1.500000
v 6.223256 28.571091 0.000000
v 6.223256 28.571091 1.500000
v 6.239166 38.549362 0.000000
v 6.239166 38.549362 1.500000
v 6.255562 -8.693438 0.000000
v 6.255562 -8.693438 1.500000
v 6.259736 -26.647396 0.000000
v 6.259736 -26.647396 1.500000
v 6.292687 9.586603 0.000000
v 6.292687 9.586603 1.500000
v 6.293496 -16.551563 0.000000
v 6.293496 -16.551563 1.500000
v 6.298875 18.061312 0.000000
v 6.298875 18.061312 1.500000
v 6.316546 5.513681 0.000000
v 6.316546 5.513681 1.500000
v 6.331050 -26.768362 0.000000
v 6.331050 -26.768362 1.500000
v 6.332906 -36.707344 0.000000
v 6.332906 -36.707344 1.500000
v 6.344353 -5.338884 0.000000
v 6.344353 -5.338884 1.500000
v 6.345281 0.637312 0.000000
v 6.345281 0.637312 1.500000
v 6.400450 -5.378794 0.000000
v 6.400450 -5.378794 1.500000
v 6.411797 39.685387 0.000000
v 6.411797 39.685387 1.500000
v 6.432159 41.722313 0.000000
v 6.432159 41.722313 1.500000
v 6.496875 -17.634375 0.000000
v 6.496875 -17.634375 1.500000
v 6.506156 -4.640625 0.000000
v 6.506156 -4.640625 1.500000
v 6.517912 -36.920502 0.000000
v 6.517912 -36.920502 1.500000
v 6.518531 -16.768126 0.000000
v 6.518531 -16.768126 1.500000
v 6.522113 -7.901437 0.000000
v 6.522113 -7.901437 1.500000
v 6.526867 -27.060102 0.000000
v 6.526867 -27.060102 1.500000
v 6.538640 30.255018 0.000000
v 6.538640 30.255018 1.500000
v 6.570801 8.430469 0.000000
v 6.570801 8.430469 1.500000
v 6.592472 38.865234 0.000000
v 6.592472 38.865234 1.500000
v 6.592793 10.490907 0.000000
v 6.592793 10.490907 1.500000
v 6.624647 4.889362 0.000000
v 6.624647 4.889362 1.500000
v 6.631481 -9.578250 0.000000
v 6.631481 -9.578250 1.500000
v 6.639187 5.800781 0.000000
v 6.639187 5.800781 1.500000
v 6.641972 10.639097 0.000000
v 6.641972 10.639097 1.500000
v 6.646436 -16.860937 0.000000
v 6.646436 -16.860937 1.500000
v 6.694018 11.007563 0.000000
v 6.694018 11.007563 1.500000
v 6.696422 -1.041047 0.000000
v 6.696422 -1.041047 1.500000
v 6.711117 30.487669 0.000000
v 6.711117 30.487669 1.500000
v 6.741373 -27.379688 0.000000
v 6.741373 -27.379688 1.500000
v 6.750563 17.789062 0.000000
v 6.750563 17.789062 1.500000
v 6.756750 39.958874 0.000000
v 6.756750 39.958874 1.500000
v 6.766031 18.385227 0.000000
v 6.766031 18.385227 1.500000
v 6.772327 11.561962 0.000000
v 6.772327 11.561962 1.500000
v 6.785213 -37.239159 0.000000
v 6.785213 -37.239159 1.500000
v 6.795422 -28.846125 0.000000
v 6.795422 -28.846125 1.500000
v 6.806250 38.981251 0.000000
v 6.806250 38.981251 1.500000
v 6.808492 5.921437 0.000000
v 6.808492 5.921437 1.500000
v 6.817251 11.880000 0.000000
v 6.817251 11.880000 1.500000
v 6.843471 12.065625 0.000000
v 6.843471 12.065625 1.500000
v 6.871975 -17.024597 0.000000
v 6.871975 -17.024597 1.500000
v 6.886834 -28.951313 0.000000
v 6.886834 -28.951313 1.500000
v 6.898134 8.968472 0.000000
v 6.898134 8.968472 1.500000
v 6.910510 5.994141 0.000000
v 6.910510 5.994141 1.500000
v 6.942947 -37.432209 0.000000
v 6.942947 -37.432209 1.500000
v 6.967125 29.599453 0.000000
v 6.967125 29.599453 1.500000
v 6.977837 29.613375 0.000000
v 6.977837 29.613375 1.500000
v 6.979500 16.860937 0.000000
v 6.979500 16.860937 1.500000
v 6.988472 -10.418512 0.000000
v 6.988472 -10.418512 1.500000
v 6.996419 13.148438 0.000000
v 6.996419 13.148438 1.500000
v 7.007344 13.225781 0.000000
v 7.007344 13.225781 1.500000
v 7.016934 -17.129784 0.000000
v 7.016934 -17.129784 1.500000
v 7.021632 -8.693438 0.000000
v 7.021632 -8.693438 1.500000
v 7.022812 30.908110 0.000000
v 7.022812 30.908110 1.500000
v 7.031103 -10.540406 0.000000
v 7.031103 -10.540406 1.500000
v 7.033022 -4.993003 0.000000
v 7.033022 -4.993003 1.500000
v 7.044287 13.910737 0.000000
v 7.044287 13.910737 1.500000
v 7.044297 15.951066 0.000000
v 7.044297 15.951066 1.500000
v 7.056751 14.141841 0.000000
v 7.056751 14.141841 1.500000
v 7.061240 14.225062 0.000000
v 7.061240 14.225062 1.500000
v 7.067981 14.350050 0.000000
v 7.067981 14.350050 1.500000
v 7.070348 14.518969 0.000000
v 7.070348 14.518969 1.500000
v 7.071075 -42.014980 0.000000
v 7.071075 -42.014980 1.500000
v 7.072003 18.518259 0.000000
v 7.072003 18.518259 1.500000
v 7.075406 -1.084359 0.000000
v 7.075406 -1.084359 1.500000
v 7.076464 15.499378 0.000000
v 7.076464 15.499378 1.500000
v 7.077101 15.000975 0.000000
v 7.077101 15.000975 1.500000
v 7.077153 15.004687 0.000000
v 7.077153 15.004687 1.500000
v 7.079119 -38.782631 0.000000
v 7.079119 -38.782631 1.500000
v 7.082831 15.409968 0.000000
v 7.082831 15.409968 1.500000
v 7.115625 1.240594 0.000000
v 7.115625 1.240594 1.500000
v 7.123359 38.686417 0.000000
v 7.123359 38.686417 1.500000
v 7.146512 41.581238 0.000000
v 7.146512 41.581238 1.500000
v 7.189409 -37.733849 0.000000
v 7.189409 -37.733849 1.500000
v 7.192969 40.212563 0.000000
v 7.192969 40.212563 1.500000
v 7.199775 9.249694 0.000000
v 7.199775 9.249694 1.500000
v 7.214934 -5.958253 0.000000
v 7.214934 -5.958253 1.500000
v 7.216126 -11.069437 0.000000
v 7.216126 -11.069437 1.500000
v 7.270312 -41.592377 0.000000
v 7.270312 -41.592377 1.500000
v 7.270312 10.490907 0.000000
v 7.270312 10.490907 1.500000
v 7.295681 6.233597 0.000000
v 7.295681 6.233597 1.500000
v 7.296300 38.366524 0.000000
v 7.296300 38.366524 1.500000
v 7.305716 -11.325600 0.000000
v 7.305716 -11.325600 1.500000
v 7.307437 40.117275 0.000000
v 7.307437 40.117275 1.500000
v 7.308721 -37.879875 0.000000
v 7.308721 -37.879875 1.500000
v 7.314792 -17.286327 0.000000
v 7.314792 -17.286327 1.500000
v 7.317197 38.313309 0.000000
v 7.317197 38.313309 1.500000
v 7.320431 -11.367675 0.000000
v 7.320431 -11.367675 1.500000
v 7.349796 -28.286156 0.000000
v 7.349796 -28.286156 1.500000
v 7.370241 -29.507568 0.000000
v 7.370241 -29.507568 1.500000
v 7.386019 -17.323763 0.000000
v 7.386019 -17.323763 1.500000
v 7.390810 -6.063750 0.000000
v 7.390810 -6.063750 1.500000
v 7.398163 -11.632810 0.000000
v 7.398163 -11.632810 1.500000
v 7.403418 10.639097 0.000000
v 7.403418 10.639097 1.500000
v 7.409075 -38.002697 0.000000
v 7.409075 -38.002697 1.500000
v 7.425000 -38.022186 0.000000
v 7.425000 -38.022186 1.500000
v 7.425000 -1.132313 0.000000
v 7.425000 -1.132313 1.500000
v 7.427016 31.401562 0.000000
v 7.427016 31.401562 1.500000
v 7.436167 -11.762438 0.000000
v 7.436167 -11.762438 1.500000
v 7.446656 9.299812 0.000000
v 7.446656 9.299812 1.500000
v 7.447584 39.853378 0.000000
v 7.447584 39.853378 1.500000
v 7.449750 37.975780 0.000000
v 7.449750 37.975780 1.500000
v 7.452844 18.253124 0.000000
v 7.452844 18.253124 1.500000
v 7.457794 5.513681 0.000000
v 7.457794 5.513681 1.500000
v 7.460554 -38.062405 0.000000
v 7.460554 -38.062405 1.500000
v 7.461816 -18.244772 0.000000
v 7.461816 -18.244772 1.500000
v 7.462289 -11.851538 0.000000
v 7.462289 -11.851538 1.500000
v 7.469048 37.912979 0.000000
v 7.469048 37.912979 1.500000
v 7.504312 -38.111908 0.000000
v 7.504312 -38.111908 1.500000
v 7.528641 -38.970730 0.000000
v 7.528641 -38.970730 1.500000
v 7.534851 -12.099037 0.000000
v 7.534851 -12.099037 1.500000
v 7.537949 -38.981251 0.000000
v 7.537949 -38.981251 1.500000
v 7.558650 17.968809 0.000000
v 7.558650 17.968809 1.500000
v 7.570406 -12.220312 0.000000
v 7.570406 -12.220312 1.500000
v 7.579688 -10.540406 0.000000
v 7.579688 -10.540406 1.500000
v 7.579688 -9.578250 0.000000
v 7.579688 -9.578250 1.500000
v 7.582837 37.542656 0.000000
v 7.582837 37.542656 1.500000
v 7.589094 -38.207813 0.000000
v 7.589094 -38.207813 1.500000
v 7.593919 -0.667631 0.000000
v 7.593919 -0.667631 1.500000
v 7.595272 17.789062 0.000000
v 7.595272 17.789062 1.500000
v 7.646203 17.539087 0.000000
v 7.646203 17.539087 1.500000
v 7.650534 30.487669 0.000000
v 7.650534 30.487669 1.500000
v 7.673119 -5.378794 0.000000
v 7.673119 -5.378794 1.500000
v 7.690949 -10.418512 0.000000
v 7.690949 -10.418512 1.500000
v 7.691368 -29.901712 0.000000
v 7.691368 -29.901712 1.500000
v 7.698414 16.860937 0.000000
v 7.698414 16.860937 1.500000
v 7.705970 -12.916407 0.000000
v 7.705970 -12.916407 1.500000
v 7.718776 37.100250 0.000000
v 7.718776 37.100250 1.500000
v 7.725648 -28.846125 0.000000
v 7.725648 -28.846125 1.500000
v 7.727236 37.072716 0.000000
v 7.727236 37.072716 1.500000
v 7.728188 16.474218 0.000000
v 7.728188 16.474218 1.500000
v 7.734375 11.007563 0.000000
v 7.734375 11.007563 1.500000
v 7.734375 12.065625 0.000000
v 7.734375 12.065625 1.500000
v 7.734375 13.148438 0.000000
v 7.734375 13.148438 1.500000
v 7.734375 38.981251 0.000000
v 7.734375 38.981251 1.500000
v 7.741343 13.225781 0.000000
v 7.741343 13.225781 1.500000
v 7.747482 9.108000 0.000000
v 7.747482 9.108000 1.500000
v 7.755103 -38.395603 0.000000
v 7.755103 -38.395603 1.500000
v 7.755103 15.951066 0.000000
v 7.755103 15.951066 1.500000
v 7.764976 36.949894 0.000000
v 7.764976 36.949894 1.500000
v 7.794779 -13.372425 0.000000
v 7.794779 -13.372425 1.500000
v 7.796250 -28.951313 0.000000
v 7.796250 -28.951313 1.500000
v 7.803056 13.910737 0.000000
v 7.803056 13.910737 1.500000
v 7.805531 -17.232187 0.000000
v 7.805531 -17.232187 1.500000
v 7.807601 41.450680 0.000000
v 7.807601 41.450680 1.500000
v 7.811719 -39.290627 0.000000
v 7.811719 -39.290627 1.500000
v 7.814503 36.788708 0.000000
v 7.814503 36.788708 1.500000
v 7.823139 38.686417 0.000000
v 7.823139 38.686417 1.500000
v 7.823475 15.499378 0.000000
v 7.823475 15.499378 1.500000
v 7.826260 -18.395128 0.000000
v 7.826260 -18.395128 1.500000
v 7.859124 -6.344663 0.000000
v 7.859124 -6.344663 1.500000
v 7.863287 15.409968 0.000000
v 7.863287 15.409968 1.500000
v 7.869851 -13.757906 0.000000
v 7.869851 -13.757906 1.500000
v 7.870500 31.942968 0.000000
v 7.870500 31.942968 1.500000
v 7.876688 14.141841 0.000000
v 7.876688 14.141841 1.500000
v 7.889062 41.434593 0.000000
v 7.889062 41.434593 1.500000
v 7.893506 6.559369 0.000000
v 7.893506 6.559369 1.500000
v 7.895559 -16.978191 0.000000
v 7.895559 -16.978191 1.500000
v 7.905459 -13.940747 0.000000
v 7.905459 -13.940747 1.500000
v 7.919448 38.366524 0.000000
v 7.919448 38.366524 1.500000
v 7.930851 -14.153906 0.000000
v 7.930851 -14.153906 1.500000
v 7.932832 -16.768126 0.000000
v 7.932832 -16.768126 1.500000
v 7.935469 38.313309 0.000000
v 7.935469 38.313309 1.500000
v 7.941011 36.351562 0.000000
v 7.941011 36.351562 1.500000
v 7.952955 12.173906 0.000000
v 7.952955 12.173906 1.500000
v 7.958489 -14.385938 0.000000
v 7.958489 -14.385938 1.500000
v 7.961456 8.971565 0.000000
v 7.961456 8.971565 1.500000
v 7.966406 14.225062 0.000000
v 7.966406 14.225062 1.500000
v 7.969500 -16.561462 0.000000
v 7.969500 -16.561462 1.500000
v 7.971975 40.870602 0.000000
v 7.971975 40.870602 1.500000
v 7.978781 -6.416438 0.000000
v 7.978781 -6.416438 1.500000
v 7.981256 1.380741 0.000000
v 7.981256 1.380741 1.500000
v 7.986725 -16.296947 0.000000
v 7.986725 -16.296947 1.500000
v 8.005697 -14.782247 0.000000
v 8.005697 -14.782247 1.500000
v 8.009462 -14.856188 0.000000
v 8.009462 -14.856188 1.500000
v 8.013102 -14.927653 0.000000
v 8.013102 -14.927653 1.500000
v 8.015877 -15.849281 0.000000
v 8.015877 -15.849281 1.500000
v 8.023878 -15.139266 0.000000
v 8.023878 -15.139266 1.500000
v 8.026425 36.056419 0.000000
v 8.026425 36.056419 1.500000
v 8.040656 -15.468750 0.000000
v 8.040656 -15.468750 1.500000
v 8.043750 -30.334219 0.000000
v 8.043750 -30.334219 1.500000
v 8.043750 -18.407812 0.000000
v 8.043750 -18.407812 1.500000
v 8.043750 15.004687 0.000000
v 8.043750 15.004687 1.500000
v 8.052347 -38.671875 0.000000
v 8.052347 -38.671875 1.500000
v 8.083969 -38.701267 0.000000
v 8.083969 -38.701267 1.500000
v 8.106553 -11.851538 0.000000
v 8.106553 -11.851538 1.500000
v 8.112923 -1.265034 0.000000
v 8.112923 -1.265034 1.500000
v 8.121094 -11.762438 0.000000
v 8.121094 -11.762438 1.500000
v 8.121094 5.921437 0.000000
v 8.121094 5.921437 1.500000
v 8.124806 -12.099037 0.000000
v 8.124806 -12.099037 1.500000
v 8.142158 -12.220312 0.000000
v 8.142158 -12.220312 1.500000
v 8.142750 -9.015187 0.000000
v 8.142750 -9.015187 1.500000
v 8.144924 37.975780 0.000000
v 8.144924 37.975780 1.500000
v 8.178329 32.309578 0.000000
v 8.178329 32.309578 1.500000
v 8.180685 9.586603 0.000000
v 8.180685 9.586603 1.500000
v 8.183897 37.912979 0.000000
v 8.183897 37.912979 1.500000
v 8.204625 6.728906 0.000000
v 8.204625 6.728906 1.500000
v 8.218856 15.000975 0.000000
v 8.218856 15.000975 1.500000
v 8.222260 -39.728390 0.000000
v 8.222260 -39.728390 1.500000
v 8.223187 35.346092 0.000000
v 8.223187 35.346092 1.500000
v 8.225755 -29.507568 0.000000
v 8.225755 -29.507568 1.500000
v 8.229618 -38.782631 0.000000
v 8.229618 -38.782631 1.500000
v 8.241750 -12.916407 0.000000
v 8.241750 -12.916407 1.500000
v 8.260931 -18.094725 0.000000
v 8.260931 -18.094725 1.500000
v 8.274853 8.690344 0.000000
v 8.274853 8.690344 1.500000
v 8.326209 -17.839800 0.000000
v 8.326209 -17.839800 1.500000
v 8.327138 -13.372425 0.000000
v 8.327138 -13.372425 1.500000
v 8.350031 -17.557032 0.000000
v 8.350031 -17.557032 1.500000
v 8.353125 -11.069437 0.000000
v 8.353125 -11.069437 1.500000
v 8.354152 -6.627741 0.000000
v 8.354152 -6.627741 1.500000
v 8.356837 14.051194 0.000000
v 8.356837 14.051194 1.500000
v 8.369608 -17.323763 0.000000
v 8.369608 -17.323763 1.500000
v 8.374782 31.401562 0.000000
v 8.374782 31.401562 1.500000
v 8.377293 -17.232187 0.000000
v 8.377293 -17.232187 1.500000
v 8.379112 -1.316391 0.000000
v 8.379112 -1.316391 1.500000
v 8.387078 8.571544 0.000000
v 8.387078 8.571544 1.500000
v 8.398608 -16.978191 0.000000
v 8.398608 -16.978191 1.500000
v 8.414072 -13.757906 0.000000
v 8.414072 -13.757906 1.500000
v 8.416238 -16.768126 0.000000
v 8.416238 -16.768126 1.500000
v 8.425209 11.561962 0.000000
v 8.425209 11.561962 1.500000
v 8.429433 34.492527 0.000000
v 8.429433 34.492527 1.500000
v 8.430160 32.679283 0.000000
v 8.430160 32.679283 1.500000
v 8.448940 -16.561462 0.000000
v 8.448940 -16.561462 1.500000
v 8.452744 -39.859566 0.000000
v 8.452744 -39.859566 1.500000
v 8.457924 -9.578250 0.000000
v 8.457924 -9.578250 1.500000
v 8.466665 15.107400 0.000000
v 8.466665 15.107400 1.500000
v 8.469400 9.299812 0.000000
v 8.469400 9.299812 1.500000
v 8.471306 -11.946516 0.000000
v 8.471306 -11.946516 1.500000
v 8.477352 -13.940747 0.000000
v 8.477352 -13.940747 1.500000
v 8.490797 -16.296947 0.000000
v 8.490797 -16.296947 1.500000
v 8.492762 -30.868509 0.000000
v 8.492762 -30.868509 1.500000
v 8.496264 34.215946 0.000000
v 8.496264 34.215946 1.500000
v 8.501644 6.885140 0.000000
v 8.501644 6.885140 1.500000
v 8.505338 36.949894 0.000000
v 8.505338 36.949894 1.500000
v 8.515571 41.298470 0.000000
v 8.515571 41.298470 1.500000
v 8.530087 -29.901712 0.000000
v 8.530087 -29.901712 1.500000
v 8.533490 34.061878 0.000000
v 8.533490 34.061878 1.500000
v 8.547675 36.788708 0.000000
v 8.547675 36.788708 1.500000
v 8.551125 -14.153906 0.000000
v 8.551125 -14.153906 1.500000
v 8.566327 -38.970730 0.000000
v 8.566327 -38.970730 1.500000
v 8.566375 33.888939 0.000000
v 8.566375 33.888939 1.500000
v 8.572472 37.072716 0.000000
v 8.572472 37.072716 1.500000
v 8.575875 8.371688 0.000000
v 8.575875 8.371688 1.500000
v 8.578969 -8.578969 0.000000
v 8.578969 -8.578969 1.500000
v 8.582063 -15.849281 0.000000
v 8.582063 -15.849281 1.500000
v 8.585156 -38.981251 0.000000
v 8.585156 -38.981251 1.500000
v 8.616553 15.227438 0.000000
v 8.616553 15.227438 1.500000
v 8.626922 6.951037 0.000000
v 8.626922 6.951037 1.500000
v 8.627850 33.565639 0.000000
v 8.627850 33.565639 1.500000
v 8.652600 13.865878 0.000000
v 8.652600 13.865878 1.500000
v 8.653306 33.339489 0.000000
v 8.653306 33.339489 1.500000
v 8.655694 -14.135344 0.000000
v 8.655694 -14.135344 1.500000
v 8.662500 -39.906281 0.000000
v 8.662500 -39.906281 1.500000
v 8.662500 9.108000 0.000000
v 8.662500 9.108000 1.500000
v 8.662500 33.257812 0.000000
v 8.662500 33.257812 1.500000
v 8.662500 36.351562 0.000000
v 8.662500 36.351562 1.500000
v 8.663342 0.850781 0.000000
v 8.663342 0.850781 1.500000
v 8.695310 -15.468750 0.000000
v 8.695310 -15.468750 1.500000
v 8.739843 37.100250 0.000000
v 8.739843 37.100250 1.500000
v 8.760629 36.056419 0.000000
v 8.760629 36.056419 1.500000
v 8.762428 -11.325600 0.000000
v 8.762428 -11.325600 1.500000
v 8.768697 8.133160 0.000000
v 8.768697 8.133160 1.500000
v 8.777588 -38.822849 0.000000
v 8.777588 -38.822849 1.500000
v 8.782846 35.989594 0.000000
v 8.782846 35.989594 1.500000
v 8.793365 -15.139266 0.000000
v 8.793365 -15.139266 1.500000
v 8.794576 -1.407966 0.000000
v 8.794576 -1.407966 1.500000
v 8.807287 -12.142659 0.000000
v 8.807287 -12.142659 1.500000
v 8.807590 8.971565 0.000000
v 8.807590 8.971565 1.500000
v 8.817187 14.518969 0.000000
v 8.817187 14.518969 1.500000
v 8.825442 -38.730656 0.000000
v 8.825442 -38.730656 1.500000
v 8.837045 -11.367675 0.000000
v 8.837045 -11.367675 1.500000
v 8.852766 1.540687 0.000000
v 8.852766 1.540687 1.500000
v 8.856788 -14.026753 0.000000
v 8.856788 -14.026753 1.500000
v 8.881228 35.577198 0.000000
v 8.881228 35.577198 1.500000
v 8.882775 -0.760444 0.000000
v 8.882775 -0.760444 1.500000
v 8.892984 -14.927653 0.000000
v 8.892984 -14.927653 1.500000
v 8.908346 35.346092 0.000000
v 8.908346 35.346092 1.500000
v 8.918662 11.880000 0.000000
v 8.918662 11.880000 1.500000
v 8.969709 -8.178329 0.000000
v 8.969709 -8.178329 1.500000
v 8.970018 7.155844 0.000000
v 8.970018 7.155844 1.500000
v 8.971875 -14.856188 0.000000
v 8.971875 -14.856188 1.500000
v 8.971875 -9.015187 0.000000
v 8.971875 -9.015187 1.500000
v 8.971875 -6.063750 0.000000
v 8.971875 -6.063750 1.500000
v 8.971875 13.640344 0.000000
v 8.971875 13.640344 1.500000
v 8.971875 34.804688 0.000000
v 8.971875 34.804688 1.500000
v 8.977110 7.162031 0.000000
v 8.977110 7.162031 1.500000
v 8.977561 -12.245063 0.000000
v 8.977561 -12.245063 1.500000
v 8.988272 -1.450659 0.000000
v 8.988272 -1.450659 1.500000
v 8.990438 34.492527 0.000000
v 8.990438 34.492527 1.500000
v 9.004978 -38.384773 0.000000
v 9.004978 -38.384773 1.500000
v 9.040556 34.215946 0.000000
v 9.040556 34.215946 1.500000
v 9.049219 -41.629501 0.000000
v 9.049219 -41.629501 1.500000
v 9.049219 14.350050 0.000000
v 9.049219 14.350050 1.500000
v 9.049219 15.573937 0.000000
v 9.049219 15.573937 1.500000
v 9.065307 7.766241 0.000000
v 9.065307 7.766241 1.500000
v 9.089615 7.731281 0.000000
v 9.089615 7.731281 1.500000
v 9.106651 8.690344 0.000000
v 9.106651 8.690344 1.500000
v 9.110806 12.747487 0.000000
v 9.110806 12.747487 1.500000
v 9.111545 -13.844531 0.000000
v 9.111545 -13.844531 1.500000
v 9.117517 34.061878 0.000000
v 9.117517 34.061878 1.500000
v 9.118657 7.689516 0.000000
v 9.118657 7.689516 1.500000
v 9.126562 -39.559780 0.000000
v 9.126562 -39.559780 1.500000
v 9.131822 -7.065506 0.000000
v 9.131822 -7.065506 1.500000
v 9.137341 -7.069219 0.000000
v 9.137341 -7.069219 1.500000
v 9.157190 0.896259 0.000000
v 9.157190 0.896259 1.500000
v 9.173789 32.309578 0.000000
v 9.173789 32.309578 1.500000
v 9.198598 -41.592377 0.000000
v 9.198598 -41.592377 1.500000
v 9.203906 -12.381187 0.000000
v 9.203906 -12.381187 1.500000
v 9.203906 33.888939 0.000000
v 9.203906 33.888939 1.500000
v 9.203906 37.542656 0.000000
v 9.203906 37.542656 1.500000
v 9.204061 7.566694 0.000000
v 9.204061 7.566694 1.500000
v 9.204609 -7.923403 0.000000
v 9.204609 -7.923403 1.500000
v 9.209785 40.617844 0.000000
v 9.209785 40.617844 1.500000
v 9.211161 -37.727661 0.000000
v 9.211161 -37.727661 1.500000
v 9.217828 7.546894 0.000000
v 9.217828 7.546894 1.500000
v 9.220905 14.225062 0.000000
v 9.220905 14.225062 1.500000
v 9.232987 8.571544 0.000000
v 9.232987 8.571544 1.500000
v 9.245362 12.065625 0.000000
v 9.245362 12.065625 1.500000
v 9.278465 7.425000 0.000000
v 9.278465 7.425000 1.500000
v 9.283480 -37.497177 0.000000
v 9.283480 -37.497177 1.500000
v 9.285891 41.131096 0.000000
v 9.285891 41.131096 1.500000
v 9.292697 -7.827806 0.000000
v 9.292697 -7.827806 1.500000
v 9.302757 13.392844 0.000000
v 9.302757 13.392844 1.500000
v 9.307238 -11.632810 0.000000
v 9.307238 -11.632810 1.500000
v 9.317447 -30.868509 0.000000
v 9.317447 -30.868509 1.500000
v 9.338799 -7.204725 0.000000
v 9.338799 -7.204725 1.500000
v 9.343395 15.000975 0.000000
v 9.343395 15.000975 1.500000
v 9.358284 -31.898418 0.000000
v 9.358284 -31.898418 1.500000
v 9.368499 -1.540687 0.000000
v 9.368499 -1.540687 1.500000
v 9.374372 -39.185745 0.000000
v 9.374372 -39.185745 1.500000
v 9.382506 -8.578969 0.000000
v 9.382506 -8.578969 1.500000
v 9.391388 33.927299 0.000000
v 9.391388 33.927299 1.500000
v 9.419219 -12.512362 0.000000
v 9.419219 -12.512362 1.500000
v 9.421706 36.946182 0.000000
v 9.421706 36.946182 1.500000
v 9.435938 -13.612500 0.000000
v 9.435938 -13.612500 1.500000
v 9.435938 12.173906 0.000000
v 9.435938 12.173906 1.500000
v 9.442125 15.948281 0.000000
v 9.442125 15.948281 1.500000
v 9.459579 15.107400 0.000000
v 9.459579 15.107400 1.500000
v 9.459736 14.051194 0.000000
v 9.459736 14.051194 1.500000
v 9.471546 -38.981251 0.000000
v 9.471546 -38.981251 1.500000
v 9.472617 8.371688 0.000000
v 9.472617 8.371688 1.500000
v 9.473063 -36.892967 0.000000
v 9.473063 -36.892967 1.500000
v 9.477703 -7.298156 0.000000
v 9.477703 -7.298156 1.500000
v 9.479807 -7.582472 0.000000
v 9.479807 -7.582472 1.500000
v 9.489732 -36.824287 0.000000
v 9.489732 -36.824287 1.500000
v 9.490520 -7.311460 0.000000
v 9.490520 -7.311460 1.500000
v 9.496414 -36.796753 0.000000
v 9.496414 -36.796753 1.500000
v 9.499108 32.679283 0.000000
v 9.499108 32.679283 1.500000
v 9.512889 1.686713 0.000000
v 9.512889 1.686713 1.500000
v 9.516679 16.013250 0.000000
v 9.516679 16.013250 1.500000
v 9.525621 -36.676407 0.000000
v 9.525621 -36.676407 1.500000
v 9.534938 -15.279412 0.000000
v 9.534938 -15.279412 1.500000
v 9.538341 -14.385938 0.000000
v 9.538341 -14.385938 1.500000
v 9.538511 13.216500 0.000000
v 9.538511 13.216500 1.500000
v 9.546816 -38.822849 0.000000
v 9.546816 -38.822849 1.500000
v 9.563743 -11.762438 0.000000
v 9.563743 -11.762438 1.500000
v 9.570101 -7.394063 0.000000
v 9.570101 -7.394063 1.500000
v 9.583020 -15.320250 0.000000
v 9.583020 -15.320250 1.500000
v 9.583389 -7.446656 0.000000
v 9.583389 -7.446656 1.500000
v 9.590625 -38.730656 0.000000
v 9.590625 -38.730656 1.500000
v 9.590625 -1.593281 0.000000
v 9.590625 -1.593281 1.500000
v 9.590625 15.227438 0.000000
v 9.590625 15.227438 1.500000
v 9.599906 -7.425000 0.000000
v 9.599906 -7.425000 1.500000
v 9.640125 -6.344663 0.000000
v 9.640125 -6.344663 1.500000
v 9.640125 6.559369 0.000000
v 9.640125 6.559369 1.500000
v 9.645391 13.012313 0.000000
v 9.645391 13.012313 1.500000
v 9.675941 -36.057037 0.000000
v 9.675941 -36.057037 1.500000
v 9.689006 -36.003204 0.000000
v 9.689006 -36.003204 1.500000
v 9.714290 13.865878 0.000000
v 9.714290 13.865878 1.500000
v 9.731081 34.139221 0.000000
v 9.731081 34.139221 1.500000
v 9.745313 13.061812 0.000000
v 9.745313 13.061812 1.500000
v 9.745932 37.433136 0.000000
v 9.745932 37.433136 1.500000
v 9.758615 8.133160 0.000000
v 9.758615 8.133160 1.500000
v 9.759646 -8.178329 0.000000
v 9.759646 -8.178329 1.500000
v 9.796833 -35.566368 0.000000
v 9.796833 -35.566368 1.500000
v 9.797599 -38.384773 0.000000
v 9.797599 -38.384773 1.500000
v 9.822657 -13.303125 0.000000
v 9.822657 -13.303125 1.500000
v 9.829023 -12.762028 0.000000
v 9.829023 -12.762028 1.500000
v 9.838521 -32.400845 0.000000
v 9.838521 -32.400845 1.500000
v 9.847096 -32.409817 0.000000
v 9.847096 -32.409817 1.500000
v 9.857888 34.247501 0.000000
v 9.857888 34.247501 1.500000
v 9.880288 -14.153906 0.000000
v 9.880288 -14.153906 1.500000
v 9.906187 -35.123344 0.000000
v 9.906187 -35.123344 1.500000
v 9.907644 -14.135344 0.000000
v 9.907644 -14.135344 1.500000
v 9.927992 -11.946516 0.000000
v 9.927992 -11.946516 1.500000
v 9.930837 -35.027439 0.000000
v 9.930837 -35.027439 1.500000
v 9.947334 36.791801 0.000000
v 9.947334 36.791801 1.500000
v 9.975200 -14.782247 0.000000
v 9.975200 -14.782247 1.500000
v 9.991555 15.573937 0.000000
v 9.991555 15.573937 1.500000
v 9.995597 16.430597 0.000000
v 9.995597 16.430597 1.500000
v 9.999619 -7.923403 0.000000
v 9.999619 -7.923403 1.500000
v 10.008186 33.257812 0.000000
v 10.008186 33.257812 1.500000
v 10.024090 13.640344 0.000000
v 10.024090 13.640344 1.500000
v 10.046905 16.471745 0.000000
v 10.046905 16.471745 1.500000
v 10.055830 -15.721819 0.000000
v 10.055830 -15.721819 1.500000
v 10.056705 -14.856188 0.000000
v 10.056705 -14.856188 1.500000
v 10.060566 -15.725841 0.000000
v 10.060566 -15.725841 1.500000
v 10.067676 -14.026753 0.000000
v 10.067676 -14.026753 1.500000
v 10.080056 33.339489 0.000000
v 10.080056 33.339489 1.500000
v 10.081758 -13.095843 0.000000
v 10.081758 -13.095843 1.500000
v 10.097298 -7.827806 0.000000
v 10.097298 -7.827806 1.500000
v 10.099546 1.091166 0.000000
v 10.099546 1.091166 1.500000
v 10.105503 -0.986906 0.000000
v 10.105503 -0.986906 1.500000
v 10.113686 1.096425 0.000000
v 10.113686 1.096425 1.500000
v 10.132031 -32.639061 0.000000
v 10.132031 -32.639061 1.500000
v 10.167999 36.720955 0.000000
v 10.167999 36.720955 1.500000
v 10.170566 -34.094673 0.000000
v 10.170566 -34.094673 1.500000
v 10.190812 -37.727661 0.000000
v 10.190812 -37.727661 1.500000
v 10.209375 -40.760155 0.000000
v 10.209375 -40.760155 1.500000
v 10.209375 -12.993750 0.000000
v 10.209375 -12.993750 1.500000
v 10.209375 1.840781 0.000000
v 10.209375 1.840781 1.500000
v 10.209375 40.379623 0.000000
v 10.209375 40.379623 1.500000
v 10.243320 -33.811592 0.000000
v 10.243320 -33.811592 1.500000
v 10.246500 -33.799217 0.000000
v 10.246500 -33.799217 1.500000
v 10.252687 -36.676407 0.000000
v 10.252687 -36.676407 1.500000
v 10.266418 -33.709499 0.000000
v 10.266418 -33.709499 1.500000
v 10.297237 -36.057037 0.000000
v 10.297237 -36.057037 1.500000
v 10.301046 33.565639 0.000000
v 10.301046 33.565639 1.500000
v 10.316117 -12.142659 0.000000
v 10.316117 -12.142659 1.500000
v 10.336219 -13.844531 0.000000
v 10.336219 -13.844531 1.500000
v 10.343849 40.870602 0.000000
v 10.343849 40.870602 1.500000
v 10.347975 -7.582472 0.000000
v 10.347975 -7.582472 1.500000
v 10.351378 -33.326801 0.000000
v 10.351378 -33.326801 1.500000
v 10.353974 36.661247 0.000000
v 10.353974 36.661247 1.500000
v 10.364062 13.392844 0.000000
v 10.364062 13.392844 1.500000
v 10.364062 37.279686 0.000000
v 10.364062 37.279686 1.500000
v 10.366696 -33.016190 0.000000
v 10.366696 -33.016190 1.500000
v 10.368084 -32.988037 0.000000
v 10.368084 -32.988037 1.500000
v 10.382010 7.766241 0.000000
v 10.382010 7.766241 1.500000
v 10.390359 -36.796753 0.000000
v 10.390359 -36.796753 1.500000
v 10.397822 -1.041047 0.000000
v 10.397822 -1.041047 1.500000
v 10.407375 -35.566368 0.000000
v 10.407375 -35.566368 1.500000
v 10.431506 -6.627741 0.000000
v 10.431506 -6.627741 1.500000
v 10.441406 7.731281 0.000000
v 10.441406 7.731281 1.500000
v 10.445508 7.734375 0.000000
v 10.445508 7.734375 1.500000
v 10.499878 16.013250 0.000000
v 10.499878 16.013250 1.500000
v 10.501266 1.240594 0.000000
v 10.501266 1.240594 1.500000
v 10.512948 -16.125244 0.000000
v 10.512948 -16.125244 1.500000
v 10.518750 -12.245063 0.000000
v 10.518750 -12.245063 1.500000
v 10.518750 -7.446656 0.000000
v 10.518750 -7.446656 1.500000
v 10.518750 36.608345 0.000000
v 10.518750 36.608345 1.500000
v 10.523234 -15.279412 0.000000
v 10.523234 -15.279412 1.500000
v 10.533662 1.961747 0.000000
v 10.533662 1.961747 1.500000
v 10.562062 -35.027439 0.000000
v 10.562062 -35.027439 1.500000
v 10.562062 6.885140 0.000000
v 10.562062 6.885140 1.500000
v 10.568250 -15.320250 0.000000
v 10.568250 -15.320250 1.500000
v 10.582361 16.901155 0.000000
v 10.582361 16.901155 1.500000
v 10.616963 33.888939 0.000000
v 10.616963 33.888939 1.500000
v 10.631678 -1.084359 0.000000
v 10.631678 -1.084359 1.500000
v 10.632291 -37.497177 0.000000
v 10.632291 -37.497177 1.500000
v 10.650590 7.889062 0.000000
v 10.650590 7.889062 1.500000
v 10.651162 12.747487 0.000000
v 10.651162 12.747487 1.500000
v 10.654450 33.927299 0.000000
v 10.654450 33.927299 1.500000
v 10.673437 -32.400845 0.000000
v 10.673437 -32.400845 1.500000
v 10.673437 -16.266937 0.000000
v 10.673437 -16.266937 1.500000
v 10.673437 -1.092094 0.000000
v 10.673437 -1.092094 1.500000
v 10.673437 34.943905 0.000000
v 10.673437 34.943905 1.500000
v 10.676841 7.908863 0.000000
v 10.676841 7.908863 1.500000
v 10.679625 -13.612500 0.000000
v 10.679625 -13.612500 1.500000
v 10.689425 34.959373 0.000000
v 10.689425 34.959373 1.500000
v 10.695094 -36.824287 0.000000
v 10.695094 -36.824287 1.500000
v 10.750781 1.333406 0.000000
v 10.750781 1.333406 1.500000
v 10.772638 6.951037 0.000000
v 10.772638 6.951037 1.500000
v 10.775841 2.052084 0.000000
v 10.775841 2.052084 1.500000
v 10.776769 -7.579997 0.000000
v 10.776769 -7.579997 1.500000
v 10.786612 -1.132313 0.000000
v 10.786612 -1.132313 1.500000
v 10.801209 40.757992 0.000000
v 10.801209 40.757992 1.500000
v 10.828025 -12.381187 0.000000
v 10.828025 -12.381187 1.500000
v 10.861534 34.139221 0.000000
v 10.861534 34.139221 1.500000
v 10.865801 1.380741 0.000000
v 10.865801 1.380741 1.500000
v 10.872908 -2.010937 0.000000
v 10.872908 -2.010937 1.500000
v 10.904541 -34.094673 0.000000
v 10.904541 -34.094673 1.500000
v 10.920878 -32.639061 0.000000
v 10.920878 -32.639061 1.500000
v 10.949184 37.100250 0.000000
v 10.949184 37.100250 1.500000
v 10.967343 34.247501 0.000000
v 10.967343 34.247501 1.500000
v 10.971675 -7.746131 0.000000
v 10.971675 -7.746131 1.500000
v 11.030457 8.391487 0.000000
v 11.030457 8.391487 1.500000
v 11.030766 -15.721819 0.000000
v 11.030766 -15.721819 1.500000
v 11.035694 -15.725841 0.000000
v 11.035694 -15.725841 1.500000
v 11.043759 -33.811592 0.000000
v 11.043759 -33.811592 1.500000
v 11.055121 -33.799217 0.000000
v 11.055121 -33.799217 1.500000
v 11.059847 16.471745 0.000000
v 11.059847 16.471745 1.500000
v 11.065725 -2.073741 0.000000
v 11.065725 -2.073741 1.500000
v 11.068505 2.190375 0.000000
v 11.068505 2.190375 1.500000
v 11.080691 13.612500 0.000000
v 11.080691 13.612500 1.500000
v 11.116301 2.212959 0.000000
v 11.116301 2.212959 1.500000
v 11.126053 -12.512362 0.000000
v 11.126053 -12.512362 1.500000
v 11.137500 -33.709499 0.000000
v 11.137500 -33.709499 1.500000
v 11.137500 -13.303125 0.000000
v 11.137500 -13.303125 1.500000
v 11.160085 -1.265034 0.000000
v 11.160085 -1.265034 1.500000
v 11.180813 -7.957125 0.000000
v 11.180813 -7.957125 1.500000
v 11.219079 -33.760548 0.000000
v 11.219079 -33.760548 1.500000
v 11.239278 -8.040656 0.000000
v 11.239278 -8.040656 1.500000
v 11.241444 -8.043750 0.000000
v 11.241444 -8.043750 1.500000
v 11.250105 -8.056125 0.000000
v 11.250105 -8.056125 1.500000
v 11.254464 1.540687 0.000000
v 11.254464 1.540687 1.500000
v 11.254960 -36.713531 0.000000
v 11.254960 -36.713531 1.500000
v 11.273492 -8.089538 0.000000
v 11.273492 -8.089538 1.500000
v 11.273542 -16.749563 0.000000
v 11.273542 -16.749563 1.500000
v 11.283363 -32.988037 0.000000
v 11.283363 -32.988037 1.500000
v 11.286000 13.012313 0.000000
v 11.286000 13.012313 1.500000
v 11.287842 40.617844 0.000000
v 11.287842 40.617844 1.500000
v 11.292188 -37.344658 0.000000
v 11.292188 -37.344658 1.500000
v 11.292188 17.470406 0.000000
v 11.292188 17.470406 1.500000
v 11.307372 -1.316391 0.000000
v 11.307372 -1.316391 1.500000
v 11.312606 -33.016190 0.000000
v 11.312606 -33.016190 1.500000
v 11.349713 -8.198438 0.000000
v 11.349713 -8.198438 1.500000
v 11.399541 -33.873470 0.000000
v 11.399541 -33.873470 1.500000
v 11.418750 13.061812 0.000000
v 11.418750 13.061812 1.500000
v 11.427103 7.155844 0.000000
v 11.427103 7.155844 1.500000
v 11.434597 -8.319713 0.000000
v 11.434597 -8.319713 1.500000
v 11.446875 7.162031 0.000000
v 11.446875 7.162031 1.500000
v 11.451583 36.946182 0.000000
v 11.451583 36.946182 1.500000
v 11.472243 -40.391380 0.000000
v 11.472243 -40.391380 1.500000
v 11.505573 -2.249156 0.000000
v 11.505573 -2.249156 1.500000
v 11.518959 2.403225 0.000000
v 11.518959 2.403225 1.500000
v 11.524219 36.923904 0.000000
v 11.524219 36.923904 1.500000
v 11.525146 -16.125244 0.000000
v 11.525146 -16.125244 1.500000
v 11.561344 7.889062 0.000000
v 11.561344 7.889062 1.500000
v 11.570006 -1.407966 0.000000
v 11.570006 -1.407966 1.500000
v 11.572658 7.908863 0.000000
v 11.572658 7.908863 1.500000
v 11.584876 -8.534419 0.000000
v 11.584876 -8.534419 1.500000
v 11.589752 -17.003868 0.000000
v 11.589752 -17.003868 1.500000
v 11.598469 -34.047955 0.000000
v 11.598469 -34.047955 1.500000
v 11.601562 16.901155 0.000000
v 11.601562 16.901155 1.500000
v 11.609297 1.686713 0.000000
v 11.609297 1.686713 1.500000
v 11.656914 -33.326801 0.000000
v 11.656914 -33.326801 1.500000
v 11.704556 -1.450659 0.000000
v 11.704556 -1.450659 1.500000
v 11.714895 34.943905 0.000000
v 11.714895 34.943905 1.500000
v 11.731500 34.959373 0.000000
v 11.731500 34.959373 1.500000
v 11.751610 -12.762028 0.000000
v 11.751610 -12.762028 1.500000
v 11.771100 -8.800481 0.000000
v 11.771100 -8.800481 1.500000
v 11.786016 2.555438 0.000000
v 11.786016 2.555438 1.500000
v 11.790359 2.557913 0.000000
v 11.790359 2.557913 1.500000
v 11.795850 1.618650 0.000000
v 11.795850 1.618650 1.500000
v 11.811937 -34.260189 0.000000
v 11.811937 -34.260189 1.500000
v 11.833593 -36.599064 0.000000
v 11.833593 -36.599064 1.500000
v 11.833593 13.216500 0.000000
v 11.833593 13.216500 1.500000
v 11.848444 8.391487 0.000000
v 11.848444 8.391487 1.500000
v 11.858628 17.943441 0.000000
v 11.858628 17.943441 1.500000
v 11.865807 2.600916 0.000000
v 11.865807 2.600916 1.500000
v 11.870216 1.472316 0.000000
v 11.870216 1.472316 1.500000
v 11.897325 -2.405391 0.000000
v 11.897325 -2.405391 1.500000
v 11.904750 9.977344 0.000000
v 11.904750 9.977344 1.500000
v 11.910937 1.392187 0.000000
v 11.910937 1.392187 1.500000
v 11.910937 36.141186 0.000000
v 11.910937 36.141186 1.500000
v 11.928583 36.791801 0.000000
v 11.928583 36.791801 1.500000
v 11.960549 10.101093 0.000000
v 11.960549 10.101093 1.500000
v 11.961748 -9.123468 0.000000
v 11.961748 -9.123468 1.500000
v 11.963339 10.107282 0.000000
v 11.963339 10.107282 1.500000
v 11.974050 -17.312935 0.000000
v 11.974050 -17.312935 1.500000
v 11.975190 -7.065506 0.000000
v 11.975190 -7.065506 1.500000
v 11.979000 13.887844 0.000000
v 11.979000 13.887844 1.500000
v 11.981422 2.666812 0.000000
v 11.981422 2.666812 1.500000
v 11.988281 -7.069219 0.000000
v 11.988281 -7.069219 1.500000
v 11.988281 -1.540687 0.000000
v 11.988281 -1.540687 1.500000
v 12.000701 -17.330568 0.000000
v 12.000701 -17.330568 1.500000
v 12.018909 -1.445091 0.000000
v 12.018909 -1.445091 1.500000
v 12.019837 0.701662 0.000000
v 12.019837 0.701662 1.500000
v 12.022003 18.079876 0.000000
v 12.022003 18.079876 1.500000
v 12.043350 -1.181194 0.000000
v 12.043350 -1.181194 1.500000
v 12.053250 0.208209 0.000000
v 12.053250 0.208209 1.500000
v 12.058228 0.000000 0.000000
v 12.058228 0.000000 1.500000
v 12.065625 -0.309375 0.000000
v 12.065625 -0.309375 1.500000
v 12.081125 -33.709499 0.000000
v 12.081125 -33.709499 1.500000
v 12.097800 -40.871841 0.000000
v 12.097800 -40.871841 1.500000
v 12.115008 40.379623 0.000000
v 12.115008 40.379623 1.500000
v 12.131212 -9.410569 0.000000
v 12.131212 -9.410569 1.500000
v 12.137710 -33.760548 0.000000
v 12.137710 -33.760548 1.500000
v 12.145444 36.720955 0.000000
v 12.145444 36.720955 1.500000
v 12.180094 8.971875 0.000000
v 12.180094 8.971875 1.500000
v 12.196275 -36.484592 0.000000
v 12.196275 -36.484592 1.500000
v 12.265481 39.760876 0.000000
v 12.265481 39.760876 1.500000
v 12.272120 -33.873470 0.000000
v 12.272120 -33.873470 1.500000
v 12.307101 2.852437 0.000000
v 12.307101 2.852437 1.500000
v 12.321788 -34.758282 0.000000
v 12.321788 -34.758282 1.500000
v 12.322406 10.903612 0.000000
v 12.322406 10.903612 1.500000
v 12.350225 13.392844 0.000000
v 12.350225 13.392844 1.500000
v 12.353910 10.982813 0.000000
v 12.353910 10.982813 1.500000
v 12.375000 -16.749563 0.000000
v 12.375000 -16.749563 1.500000
v 12.375000 -8.198438 0.000000
v 12.375000 -8.198438 1.500000
v 12.392367 -9.896906 0.000000
v 12.392367 -9.896906 1.500000
v 12.392943 -37.070858 0.000000
v 12.392943 -37.070858 1.500000
v 12.395447 -2.629688 0.000000
v 12.395447 -2.629688 1.500000
v 12.404081 -36.419006 0.000000
v 12.404081 -36.419006 1.500000
v 12.405628 -8.319713 0.000000
v 12.405628 -8.319713 1.500000
v 12.430577 -9.968062 0.000000
v 12.430577 -9.968062 1.500000
v 12.452788 -12.993750 0.000000
v 12.452788 -12.993750 1.500000
v 12.461192 18.545485 0.000000
v 12.461192 18.545485 1.500000
v 12.477094 -10.054688 0.000000
v 12.477094 -10.054688 1.500000
v 12.479813 -34.047955 0.000000
v 12.479813 -34.047955 1.500000
v 12.482347 -40.760155 0.000000
v 12.482347 -40.760155 1.500000
v 12.488541 -8.534419 0.000000
v 12.488541 -8.534419 1.500000
v 12.500467 17.470406 0.000000
v 12.500467 17.470406 1.500000
v 12.531853 -17.682018 0.000000
v 12.531853 -17.682018 1.500000
v 12.550725 36.661247 0.000000
v 12.550725 36.661247 1.500000
v 12.588160 -34.998047 0.000000
v 12.588160 -34.998047 1.500000
v 12.588469 7.966406 0.000000
v 12.588469 7.966406 1.500000
v 12.608269 18.701410 0.000000
v 12.608269 18.701410 1.500000
v 12.611930 -8.800481 0.000000
v 12.611930 -8.800481 1.500000
v 12.620644 9.751190 0.000000
v 12.620644 9.751190 1.500000
v 12.623428 14.062640 0.000000
v 12.623428 14.062640 1.500000
v 12.629053 -10.389122 0.000000
v 12.629053 -10.389122 1.500000
v 12.647869 -8.089538 0.000000
v 12.647869 -8.089538 1.500000
v 12.656531 -2.747250 0.000000
v 12.656531 -2.747250 1.500000
v 12.665504 11.766150 0.000000
v 12.665504 11.766150 1.500000
v 12.665812 -13.844531 0.000000
v 12.665812 -13.844531 1.500000
v 12.675433 36.738281 0.000000
v 12.675433 36.738281 1.500000
v 12.709246 7.425000 0.000000
v 12.709246 7.425000 1.500000
v 12.723047 -7.204725 0.000000
v 12.723047 -7.204725 1.500000
v 12.739135 -40.002808 0.000000
v 12.739135 -40.002808 1.500000
v 12.748297 9.977344 0.000000
v 12.748297 9.977344 1.500000
v 12.755531 0.000000 0.000000
v 12.755531 0.000000 1.500000
v 12.757150 0.208209 0.000000
v 12.757150 0.208209 1.500000
v 12.760172 9.998382 0.000000
v 12.760172 9.998382 1.500000
v 12.760986 0.701662 0.000000
v 12.760986 0.701662 1.500000
v 12.761719 -13.095843 0.000000
v 12.761719 -13.095843 1.500000
v 12.761719 -9.123468 0.000000
v 12.761719 -9.123468 1.500000
v 12.766356 1.392187 0.000000
v 12.766356 1.392187 1.500000
v 12.766978 1.472316 0.000000
v 12.766978 1.472316 1.500000
v 12.768382 -0.309375 0.000000
v 12.768382 -0.309375 1.500000
v 12.784276 1.618650 0.000000
v 12.784276 1.618650 1.500000
v 12.784303 -17.003868 0.000000
v 12.784303 -17.003868 1.500000
v 12.792321 1.686713 0.000000
v 12.792321 1.686713 1.500000
v 12.804596 -1.181194 0.000000
v 12.804596 -1.181194 1.500000
v 12.810533 1.840781 0.000000
v 12.810533 1.840781 1.500000
v 12.815558 -1.445091 0.000000
v 12.815558 -1.445091 1.500000
v 12.817407 -35.191406 0.000000
v 12.817407 -35.191406 1.500000
v 12.817407 10.101093 0.000000
v 12.817407 10.101093 1.500000
v 12.819529 -1.540687 0.000000
v 12.819529 -1.540687 1.500000
v 12.821713 -1.593281 0.000000
v 12.821713 -1.593281 1.500000
v 12.824831 1.961747 0.000000
v 12.824831 1.961747 1.500000
v 12.839063 -2.010937 0.000000
v 12.839063 -2.010937 1.500000
v 12.847345 19.103907 0.000000
v 12.847345 19.103907 1.500000
v 12.851721 -10.879172 0.000000
v 12.851721 -10.879172 1.500000
v 12.858570 2.052084 0.000000
v 12.858570 2.052084 1.500000
v 12.871238 -36.224720 0.000000
v 12.871238 -36.224720 1.500000
v 12.881478 -35.259468 0.000000
v 12.881478 -35.259468 1.500000
v 12.901994 -36.892967 0.000000
v 12.901994 -36.892967 1.500000
v 12.904650 -36.892040 0.000000
v 12.904650 -36.892040 1.500000
v 12.905269 -9.410569 0.000000
v 12.905269 -9.410569 1.500000
v 12.910219 2.190375 0.000000
v 12.910219 2.190375 1.500000
v 12.928782 -17.878780 0.000000
v 12.928782 -17.878780 1.500000
v 12.943012 -8.056125 0.000000
v 12.943012 -8.056125 1.500000
v 12.987562 12.916407 0.000000
v 12.987562 12.916407 1.500000
v 12.992203 9.916706 0.000000
v 12.992203 9.916706 1.500000
v 12.993750 13.612500 0.000000
v 12.993750 13.612500 1.500000
v 12.998081 8.021475 0.000000
v 12.998081 8.021475 1.500000
v 12.999009 36.055492 0.000000
v 12.999009 36.055492 1.500000
v 13.055891 -36.824287 0.000000
v 13.055891 -36.824287 1.500000
v 13.058719 10.982813 0.000000
v 13.058719 10.982813 1.500000
v 13.071094 36.982689 0.000000
v 13.071094 36.982689 1.500000
v 13.087181 -11.397375 0.000000
v 13.087181 -11.397375 1.500000
v 13.097891 36.141186 0.000000
v 13.097891 36.141186 1.500000
v 13.099543 37.011768 0.000000
v 13.099543 37.011768 1.500000
v 13.103645 -18.030375 0.000000
v 13.103645 -18.030375 1.500000
v 13.104615 10.903612 0.000000
v 13.104615 10.903612 1.500000
v 13.139345 19.595503 0.000000
v 13.139345 19.595503 1.500000
v 13.148438 -9.896906 0.000000
v 13.148438 -9.896906 1.500000
v 13.148438 3.331969 0.000000
v 13.148438 3.331969 1.500000
v 13.152508 -1.976906 0.000000
v 13.152508 -1.976906 1.500000
v 13.155333 19.622419 0.000000
v 13.155333 19.622419 1.500000
v 13.160193 -35.555542 0.000000
v 13.160193 -35.555542 1.500000
v 13.169166 9.690244 0.000000
v 13.169166 9.690244 1.500000
v 13.180653 37.094681 0.000000
v 13.180653 37.094681 1.500000
v 13.188038 14.168138 0.000000
v 13.188038 14.168138 1.500000
v 13.210313 37.125000 0.000000
v 13.210313 37.125000 1.500000
v 13.247437 17.943441 0.000000
v 13.247437 17.943441 1.500000
v 13.252078 37.167694 0.000000
v 13.252078 37.167694 1.500000
v 13.264763 -35.736835 0.000000
v 13.264763 -35.736835 1.500000
v 13.294392 7.546894 0.000000
v 13.294392 7.546894 1.500000
v 13.303125 -36.713531 0.000000
v 13.303125 -36.713531 1.500000
v 13.303125 -35.887501 0.000000
v 13.303125 -35.887501 1.500000
v 13.303125 -8.043750 0.000000
v 13.303125 -8.043750 1.500000
v 13.306754 19.877344 0.000000
v 13.306754 19.877344 1.500000
v 13.311169 -12.000037 0.000000
v 13.311169 -12.000037 1.500000
v 13.329112 -17.330568 0.000000
v 13.329112 -17.330568 1.500000
v 13.331473 11.766150 0.000000
v 13.331473 11.766150 1.500000
v 13.356647 8.112432 0.000000
v 13.356647 8.112432 1.500000
v 13.380468 9.405000 0.000000
v 13.380468 9.405000 1.500000
v 13.386347 39.387768 0.000000
v 13.386347 39.387768 1.500000
v 13.389441 7.566694 0.000000
v 13.389441 7.566694 1.500000
v 13.417348 -12.375000 0.000000
v 13.417348 -12.375000 1.500000
v 13.420688 20.069157 0.000000
v 13.420688 20.069157 1.500000
v 13.422292 -7.298156 0.000000
v 13.422292 -7.298156 1.500000
v 13.439250 -12.452344 0.000000
v 13.439250 -12.452344 1.500000
v 13.457812 37.317123 0.000000
v 13.457812 37.317123 1.500000
v 13.457812 39.992905 0.000000
v 13.457812 39.992905 1.500000
v 13.463134 -8.070356 0.000000
v 13.463134 -8.070356 1.500000
v 13.475199 9.231750 0.000000
v 13.475199 9.231750 1.500000
v 13.484728 -40.469036 0.000000
v 13.484728 -40.469036 1.500000
v 13.486275 36.477787 0.000000
v 13.486275 36.477787 1.500000
v 13.497169 18.079876 0.000000
v 13.497169 18.079876 1.500000
v 13.501676 20.304281 0.000000
v 13.501676 20.304281 1.500000
v 13.517778 3.591844 0.000000
v 13.517778 3.591844 1.500000
v 13.521853 -7.311460 0.000000
v 13.521853 -7.311460 1.500000
v 13.529029 -18.399151 0.000000
v 13.529029 -18.399151 1.500000
v 13.532681 2.212959 0.000000
v 13.532681 2.212959 1.500000
v 13.558794 20.470106 0.000000
v 13.558794 20.470106 1.500000
v 13.564293 -3.325781 0.000000
v 13.564293 -3.325781 1.500000
v 13.566093 10.107282 0.000000
v 13.566093 10.107282 1.500000
v 13.566093 12.439969 0.000000
v 13.566093 12.439969 1.500000
v 13.569701 10.101093 0.000000
v 13.569701 10.101093 1.500000
v 13.575511 9.048290 0.000000
v 13.575511 9.048290 1.500000
v 13.582379 -9.470278 0.000000
v 13.582379 -9.470278 1.500000
v 13.612500 -13.303125 0.000000
v 13.612500 -13.303125 1.500000
v 13.624712 8.269594 0.000000
v 13.624712 8.269594 1.500000
v 13.636368 36.608345 0.000000
v 13.636368 36.608345 1.500000
v 13.651791 -18.505575 0.000000
v 13.651791 -18.505575 1.500000
v 13.677206 9.916706 0.000000
v 13.677206 9.916706 1.500000
v 13.691732 12.916407 0.000000
v 13.691732 12.916407 1.500000
v 13.692319 20.857754 0.000000
v 13.692319 20.857754 1.500000
v 13.697188 36.661247 0.000000
v 13.697188 36.661247 1.500000
v 13.699125 -9.355500 0.000000
v 13.699125 -9.355500 1.500000
v 13.715057 -36.599064 0.000000
v 13.715057 -36.599064 1.500000
v 13.716760 8.789963 0.000000
v 13.716760 8.789963 1.500000
v 13.717415 -40.391380 0.000000
v 13.717415 -40.391380 1.500000
v 13.732136 -9.318375 0.000000
v 13.732136 -9.318375 1.500000
v 13.749924 8.662500 0.000000
v 13.749924 8.662500 1.500000
v 13.767187 2.852437 0.000000
v 13.767187 2.852437 1.500000
v 13.767187 8.353125 0.000000
v 13.767187 8.353125 1.500000
v 13.770532 8.583300 0.000000
v 13.770532 8.583300 1.500000
v 13.779385 8.483682 0.000000
v 13.779385 8.483682 1.500000
v 13.781651 -9.262688 0.000000
v 13.781651 -9.262688 1.500000
v 13.783894 8.531943 0.000000
v 13.783894 8.531943 1.500000
v 13.785750 36.738281 0.000000
v 13.785750 36.738281 1.500000
v 13.802456 -14.181750 0.000000
v 13.802456 -14.181750 1.500000
v 13.809243 9.690244 0.000000
v 13.809243 9.690244 1.500000
v 13.823842 -18.821447 0.000000
v 13.823842 -18.821447 1.500000
v 13.833394 -10.879172 0.000000
v 13.833394 -10.879172 1.500000
v 13.835250 14.141531 0.000000
v 13.835250 14.141531 1.500000
v 13.840860 -35.191406 0.000000
v 13.840860 -35.191406 1.500000
v 13.844531 37.446751 0.000000
v 13.844531 37.446751 1.500000
v 13.856288 13.540416 0.000000
v 13.856288 13.540416 1.500000
v 13.862337 13.612500 0.000000
v 13.862337 13.612500 1.500000
v 13.870210 -10.389122 0.000000
v 13.870210 -10.389122 1.500000
v 13.889081 13.931156 0.000000
v 13.889081 13.931156 1.500000
v 13.896073 21.578907 0.000000
v 13.896073 21.578907 1.500000
v 13.912594 -9.115425 0.000000
v 13.912594 -9.115425 1.500000
v 13.912594 -2.629688 0.000000
v 13.912594 -2.629688 1.500000
v 13.921875 -35.259468 0.000000
v 13.921875 -35.259468 1.500000
v 13.921875 -1.893375 0.000000
v 13.921875 -1.893375 1.500000
v 13.923512 -1.893066 0.000000
v 13.923512 -1.893066 1.500000
v 13.933712 -11.397375 0.000000
v 13.933712 -11.397375 1.500000
v 13.934250 19.877344 0.000000
v 13.934250 19.877344 1.500000
v 13.960546 3.903384 0.000000
v 13.960546 3.903384 1.500000
v 13.969210 -8.154507 0.000000
v 13.969210 -8.154507 1.500000
v 13.971361 20.069157 0.000000
v 13.971361 20.069157 1.500000
v 13.973181 -8.156981 0.000000
v 13.973181 -8.156981 1.500000
v 13.975551 9.405000 0.000000
v 13.975551 9.405000 1.500000
v 13.979340 -3.590297 0.000000
v 13.979340 -3.590297 1.500000
v 13.992335 -10.054688 0.000000
v 13.992335 -10.054688 1.500000
v 13.999219 21.943968 0.000000
v 13.999219 21.943968 1.500000
v 14.005406 37.472736 0.000000
v 14.005406 37.472736 1.500000
v 14.011903 -19.166710 0.000000
v 14.011903 -19.166710 1.500000
v 14.016853 20.304281 0.000000
v 14.016853 20.304281 1.500000
v 14.019247 -19.184343 0.000000
v 14.019247 -19.184343 1.500000
v 14.022422 19.622419 0.000000
v 14.022422 19.622419 1.500000
v 14.023969 -9.968062 0.000000
v 14.023969 -9.968062 1.500000
v 14.025913 -8.949290 0.000000
v 14.025913 -8.949290 1.500000
v 14.037157 -19.227346 0.000000
v 14.037157 -19.227346 1.500000
v 14.050381 -12.000037 0.000000
v 14.050381 -12.000037 1.500000
v 14.069866 -2.747250 0.000000
v 14.069866 -2.747250 1.500000
v 14.073455 -9.896906 0.000000
v 14.073455 -9.896906 1.500000
v 14.075944 2.135616 0.000000
v 14.075944 2.135616 1.500000
v 14.076563 9.231750 0.000000
v 14.076563 9.231750 1.500000
v 14.083847 39.760876 0.000000
v 14.083847 39.760876 1.500000
v 14.085629 -1.862437 0.000000
v 14.085629 -1.862437 1.500000
v 14.085844 -8.861428 0.000000
v 14.085844 -8.861428 1.500000
v 14.092046 -19.359140 0.000000
v 14.092046 -19.359140 1.500000
v 14.107017 36.982689 0.000000
v 14.107017 36.982689 1.500000
v 14.112450 20.470106 0.000000
v 14.112450 20.470106 1.500000
v 14.119434 2.126644 0.000000
v 14.119434 2.126644 1.500000
v 14.122969 -12.375000 0.000000
v 14.122969 -12.375000 1.500000
v 14.126990 -36.484592 0.000000
v 14.126990 -36.484592 1.500000
v 14.133243 22.531782 0.000000
v 14.133243 22.531782 1.500000
v 14.137036 -8.718806 0.000000
v 14.137036 -8.718806 1.500000
v 14.141763 -12.452344 0.000000
v 14.141763 -12.452344 1.500000
v 14.145244 37.011768 0.000000
v 14.145244 37.011768 1.500000
v 14.156382 37.551628 0.000000
v 14.156382 37.551628 1.500000
v 14.166282 -8.277328 0.000000
v 14.166282 -8.277328 1.500000
v 14.192578 -14.248884 0.000000
v 14.192578 -14.248884 1.500000
v 14.195344 -1.841709 0.000000
v 14.195344 -1.841709 1.500000
v 14.203046 9.381797 0.000000
v 14.203046 9.381797 1.500000
v 14.212770 -8.507812 0.000000
v 14.212770 -8.507812 1.500000
v 14.222116 4.113760 0.000000
v 14.222116 4.113760 1.500000
v 14.231250 20.573437 0.000000
v 14.231250 20.573437 1.500000
v 14.240531 -8.430469 0.000000
v 14.240531 -8.430469 1.500000
v 14.259226 23.084326 0.000000
v 14.259226 23.084326 1.500000
v 14.278184 -17.878780 0.000000
v 14.278184 -17.878780 1.500000
v 14.286628 -13.048510 0.000000
v 14.286628 -13.048510 1.500000
v 14.290031 37.094681 0.000000
v 14.290031 37.094681 1.500000
v 14.294112 -35.555542 0.000000
v 14.294112 -35.555542 1.500000
v 14.300696 -3.795103 0.000000
v 14.300696 -3.795103 1.500000
v 14.307865 -19.877344 0.000000
v 14.307865 -19.877344 1.500000
v 14.318950 3.331969 0.000000
v 14.318950 3.331969 1.500000
v 14.332673 -13.303125 0.000000
v 14.332673 -13.303125 1.500000
v 14.339531 -3.819853 0.000000
v 14.339531 -3.819853 1.500000
v 14.349431 18.545485 0.000000
v 14.349431 18.545485 1.500000
v 14.361188 37.821095 0.000000
v 14.361188 37.821095 1.500000
v 14.370159 -9.470278 0.000000
v 14.370159 -9.470278 1.500000
v 14.381297 19.595503 0.000000
v 14.381297 19.595503 1.500000
v 14.385938 37.125000 0.000000
v 14.385938 37.125000 1.500000
v 14.385938 39.030750 0.000000
v 14.385938 39.030750 1.500000
v 14.387485 7.689516 0.000000
v 14.387485 7.689516 1.500000
v 14.389031 -14.231250 0.000000
v 14.389031 -14.231250 1.500000
v 14.390578 -13.623328 0.000000
v 14.390578 -13.623328 1.500000
v 14.397058 23.688845 0.000000
v 14.397058 23.688845 1.500000
v 14.404500 -20.109375 0.000000
v 14.404500 -20.109375 1.500000
v 14.419829 4.272778 0.000000
v 14.419829 4.272778 1.500000
v 14.438114 20.857754 0.000000
v 14.438114 20.857754 1.500000
v 14.440697 37.979183 0.000000
v 14.440697 37.979183 1.500000
v 14.442117 -20.226938 0.000000
v 14.442117 -20.226938 1.500000
v 14.463900 -1.790972 0.000000
v 14.463900 -1.790972 1.500000
v 14.467033 23.995743 0.000000
v 14.467033 23.995743 1.500000
v 14.492363 20.932312 0.000000
v 14.492363 20.932312 1.500000
v 14.492531 4.331250 0.000000
v 14.492531 4.331250 1.500000
v 14.493415 24.111450 0.000000
v 14.493415 24.111450 1.500000
v 14.496511 -3.944531 0.000000
v 14.496511 -3.944531 1.500000
v 14.503405 -9.355500 0.000000
v 14.503405 -9.355500 1.500000
v 14.522044 -35.736835 0.000000
v 14.522044 -35.736835 1.500000
v 14.522774 9.761090 0.000000
v 14.522774 9.761090 1.500000
v 14.537222 38.020332 0.000000
v 14.537222 38.020332 1.500000
v 14.540625 -40.116657 0.000000
v 14.540625 -40.116657 1.500000
v 14.540625 -18.030375 0.000000
v 14.540625 -18.030375 1.500000
v 14.546503 -9.318375 0.000000
v 14.546503 -9.318375 1.500000
v 14.547150 -3.984750 0.000000
v 14.547150 -3.984750 1.500000
v 14.550834 24.363281 0.000000
v 14.550834 24.363281 1.500000
v 14.557950 -36.648872 0.000000
v 14.557950 -36.648872 1.500000
v 14.568469 24.440624 0.000000
v 14.568469 24.440624 1.500000
v 14.581992 -20.664083 0.000000
v 14.581992 -20.664083 1.500000
v 14.585793 36.442829 0.000000
v 14.585793 36.442829 1.500000
v 14.588281 36.428905 0.000000
v 14.588281 36.428905 1.500000
v 14.598249 -2.405391 0.000000
v 14.598249 -2.405391 1.500000
v 14.604975 21.236738 0.000000
v 14.604975 21.236738 1.500000
v 14.617969 3.591844 0.000000
v 14.617969 3.591844 1.500000
v 14.661972 18.701410 0.000000
v 14.661972 18.701410 1.500000
v 14.663137 39.546169 0.000000
v 14.663137 39.546169 1.500000
v 14.674485 35.946281 0.000000
v 14.674485 35.946281 1.500000
v 14.679844 8.662500 0.000000
v 14.679844 8.662500 1.500000
v 14.686031 21.578907 0.000000
v 14.686031 21.578907 1.500000
v 14.695312 -39.352501 0.000000
v 14.695312 -39.352501 1.500000
v 14.695312 -9.262688 0.000000
v 14.695312 -9.262688 1.500000
v 14.695312 2.007844 0.000000
v 14.695312 2.007844 1.500000
v 14.700246 4.498312 0.000000
v 14.700246 4.498312 1.500000
v 14.711470 -35.887501 0.000000
v 14.711470 -35.887501 1.500000
v 14.717587 35.704967 0.000000
v 14.717587 35.704967 1.500000
v 14.736880 8.789963 0.000000
v 14.736880 8.789963 1.500000
v 14.742205 35.537598 0.000000
v 14.742205 35.537598 1.500000
v 14.742476 37.821095 0.000000
v 14.742476 37.821095 1.500000
v 14.744679 25.517250 0.000000
v 14.744679 25.517250 1.500000
v 14.788125 25.782694 0.000000
v 14.788125 25.782694 1.500000
v 14.798334 4.577203 0.000000
v 14.798334 4.577203 1.500000
v 14.800344 -4.185844 0.000000
v 14.800344 -4.185844 1.500000
v 14.804155 -9.358594 0.000000
v 14.804155 -9.358594 1.500000
v 14.822156 37.743752 0.000000
v 14.822156 37.743752 1.500000
v 14.831069 -40.002808 0.000000
v 14.831069 -40.002808 1.500000
v 14.843813 -3.325781 0.000000
v 14.843813 -3.325781 1.500000
v 14.850000 2.666812 0.000000
v 14.850000 2.666812 1.500000
v 14.850000 34.804688 0.000000
v 14.850000 34.804688 1.500000
v 14.850309 8.583300 0.000000
v 14.850309 8.583300 1.500000
v 14.852475 9.048290 0.000000
v 14.852475 9.048290 1.500000
v 14.866129 34.625252 0.000000
v 14.866129 34.625252 1.500000
v 14.872620 26.470125 0.000000
v 14.872620 26.470125 1.500000
v 14.874710 -21.578907 0.000000
v 14.874710 -21.578907 1.500000
v 14.883734 21.943968 0.000000
v 14.883734 21.943968 1.500000
v 14.892952 -36.858936 0.000000
v 14.892952 -36.858936 1.500000
v 14.920976 37.551628 0.000000
v 14.920976 37.551628 1.500000
v 14.927343 -7.394063 0.000000
v 14.927343 -7.394063 1.500000
v 14.927585 33.941532 0.000000
v 14.927585 33.941532 1.500000
v 14.943127 4.717969 0.000000
v 14.943127 4.717969 1.500000
v 14.949618 37.495941 0.000000
v 14.949618 37.495941 1.500000
v 14.957021 37.472736 0.000000
v 14.957021 37.472736 1.500000
v 14.958479 33.597816 0.000000
v 14.958479 33.597816 1.500000
v 14.970346 27.265219 0.000000
v 14.970346 27.265219 1.500000
v 14.985900 9.231750 0.000000
v 14.985900 9.231750 1.500000
v 14.988176 27.534374 0.000000
v 14.988176 27.534374 1.500000
v 14.997438 33.164383 0.000000
v 14.997438 33.164383 1.500000
v 14.999119 -19.359140 0.000000
v 14.999119 -19.359140 1.500000
v 15.003378 3.903384 0.000000
v 15.003378 3.903384 1.500000
v 15.008745 -21.997801 0.000000
v 15.008745 -21.997801 1.500000
v 15.024323 -4.363734 0.000000
v 15.024323 -4.363734 1.500000
v 15.041813 -19.877344 0.000000
v 15.041813 -19.877344 1.500000
v 15.045055 39.387768 0.000000
v 15.045055 39.387768 1.500000
v 15.050631 8.531943 0.000000
v 15.050631 8.531943 1.500000
v 15.055116 37.165218 0.000000
v 15.055116 37.165218 1.500000
v 15.060472 37.125000 0.000000
v 15.060472 37.125000 1.500000
v 15.064706 32.416004 0.000000
v 15.064706 32.416004 1.500000
v 15.072516 32.252342 0.000000
v 15.072516 32.252342 1.500000
v 15.075844 -2.249156 0.000000
v 15.075844 -2.249156 1.500000
v 15.083269 -19.227346 0.000000
v 15.083269 -19.227346 1.500000
v 15.090837 31.868410 0.000000
v 15.090837 31.868410 1.500000
v 15.095025 9.381797 0.000000
v 15.095025 9.381797 1.500000
v 15.105247 31.566460 0.000000
v 15.105247 31.566460 1.500000
v 15.113681 -20.109375 0.000000
v 15.113681 -20.109375 1.500000
v 15.116511 31.330406 0.000000
v 15.116511 31.330406 1.500000
v 15.117182 29.481890 0.000000
v 15.117182 29.481890 1.500000
v 15.119104 4.889053 0.000000
v 15.119104 4.889053 1.500000
v 15.127200 31.106419 0.000000
v 15.127200 31.106419 1.500000
v 15.127623 31.081360 0.000000
v 15.127623 31.081360 1.500000
v 15.135439 -36.224720 0.000000
v 15.135439 -36.224720 1.500000
v 15.135553 -22.394110 0.000000
v 15.135553 -22.394110 1.500000
v 15.137872 30.473438 0.000000
v 15.137872 30.473438 1.500000
v 15.140503 -1.599778 0.000000
v 15.140503 -1.599778 1.500000
v 15.143395 30.145809 0.000000
v 15.143395 30.145809 1.500000
v 15.147000 29.932032 0.000000
v 15.147000 29.932032 1.500000
v 15.150094 -20.226938 0.000000
v 15.150094 -20.226938 1.500000
v 15.151333 36.442829 0.000000
v 15.151333 36.442829 1.500000
v 15.153188 36.428905 0.000000
v 15.153188 36.428905 1.500000
v 15.159375 -37.026001 0.000000
v 15.159375 -37.026001 1.500000
v 15.159375 -8.507812 0.000000
v 15.159375 -8.507812 1.500000
v 15.159375 24.363281 0.000000
v 15.159375 24.363281 1.500000
v 15.166342 24.440624 0.000000
v 15.166342 24.440624 1.500000
v 15.178151 7.731281 0.000000
v 15.178151 7.731281 1.500000
v 15.183506 24.111450 0.000000
v 15.183506 24.111450 1.500000
v 15.202068 22.531782 0.000000
v 15.202068 22.531782 1.500000
v 15.203925 -8.718806 0.000000
v 15.203925 -8.718806 1.500000
v 15.205781 10.571343 0.000000
v 15.205781 10.571343 1.500000
v 15.213461 -8.430469 0.000000
v 15.213461 -8.430469 1.500000
v 15.215372 -3.590297 0.000000
v 15.215372 -3.590297 1.500000
v 15.229603 35.946281 0.000000
v 15.229603 35.946281 1.500000
v 15.236719 -19.184343 0.000000
v 15.236719 -19.184343 1.500000
v 15.236719 7.734375 0.000000
v 15.236719 7.734375 1.500000
v 15.238884 8.483682 0.000000
v 15.238884 8.483682 1.500000
v 15.240122 -4.535128 0.000000
v 15.240122 -4.535128 1.500000
v 15.263325 25.517250 0.000000
v 15.263325 25.517250 1.500000
v 15.263635 4.113760 0.000000
v 15.263635 4.113760 1.500000
v 15.268894 23.995743 0.000000
v 15.268894 23.995743 1.500000
v 15.270131 -18.399151 0.000000
v 15.270131 -18.399151 1.500000
v 15.278175 2.600916 0.000000
v 15.278175 2.600916 1.500000
v 15.278586 -8.861428 0.000000
v 15.278586 -8.861428 1.500000
v 15.284801 -22.940157 0.000000
v 15.284801 -22.940157 1.500000
v 15.294782 25.782694 0.000000
v 15.294782 25.782694 1.500000
v 15.302615 -20.664083 0.000000
v 15.302615 -20.664083 1.500000
v 15.320552 -8.277328 0.000000
v 15.320552 -8.277328 1.500000
v 15.324581 -8.949290 0.000000
v 15.324581 -8.949290 1.500000
v 15.340907 5.104688 0.000000
v 15.340907 5.104688 1.500000
v 15.343453 -9.833794 0.000000
v 15.343453 -9.833794 1.500000
v 15.376246 26.470125 0.000000
v 15.376246 26.470125 1.500000
v 15.379707 -36.419006 0.000000
v 15.379707 -36.419006 1.500000
v 15.393881 -39.085819 0.000000
v 15.393881 -39.085819 1.500000
v 15.404710 -8.156981 0.000000
v 15.404710 -8.156981 1.500000
v 15.408624 35.704967 0.000000
v 15.408624 35.704967 1.500000
v 15.409968 9.761090 0.000000
v 15.409968 9.761090 1.500000
v 15.413664 -8.154507 0.000000
v 15.413664 -8.154507 1.500000
v 15.444619 -23.524876 0.000000
v 15.444619 -23.524876 1.500000
v 15.462168 -36.484592 0.000000
v 15.462168 -36.484592 1.500000
v 15.468750 19.103907 0.000000
v 15.468750 19.103907 1.500000
v 15.469141 -23.614594 0.000000
v 15.469141 -23.614594 1.500000
v 15.480025 27.265219 0.000000
v 15.480025 27.265219 1.500000
v 15.484814 -9.115425 0.000000
v 15.484814 -9.115425 1.500000
v 15.494738 33.597816 0.000000
v 15.494738 33.597816 1.500000
v 15.495666 4.272778 0.000000
v 15.495666 4.272778 1.500000
v 15.496903 -7.366838 0.000000
v 15.496903 -7.366838 1.500000
v 15.500925 33.164383 0.000000
v 15.500925 33.164383 1.500000
v 15.508968 -23.760309 0.000000
v 15.508968 -23.760309 1.500000
v 15.511518 -18.505575 0.000000
v 15.511518 -18.505575 1.500000
v 15.515156 27.534374 0.000000
v 15.515156 27.534374 1.500000
v 15.521344 33.941532 0.000000
v 15.521344 33.941532 1.500000
v 15.532790 35.537598 0.000000
v 15.532790 35.537598 1.500000
v 15.536194 -3.795103 0.000000
v 15.536194 -3.795103 1.500000
v 15.539556 -23.886225 0.000000
v 15.539556 -23.886225 1.500000
v 15.574056 -1.433334 0.000000
v 15.574056 -1.433334 1.500000
v 15.581144 32.416004 0.000000
v 15.581144 32.416004 1.500000
v 15.594712 -3.819853 0.000000
v 15.594712 -3.819853 1.500000
v 15.598687 32.252342 0.000000
v 15.598687 32.252342 1.500000
v 15.609081 -4.872656 0.000000
v 15.609081 -4.872656 1.500000
v 15.620829 -2.073741 0.000000
v 15.620829 -2.073741 1.500000
v 15.623438 4.331250 0.000000
v 15.623438 4.331250 1.500000
v 15.623438 34.625252 0.000000
v 15.623438 34.625252 1.500000
v 15.626844 -9.262688 0.000000
v 15.626844 -9.262688 1.500000
v 15.644475 2.557913 0.000000
v 15.644475 2.557913 1.500000
v 15.660563 -21.578907 0.000000
v 15.660563 -21.578907 1.500000
v 15.668707 -36.648872 0.000000
v 15.668707 -36.648872 1.500000
v 15.677589 5.432006 0.000000
v 15.677589 5.432006 1.500000
v 15.681285 20.039766 0.000000
v 15.681285 20.039766 1.500000
v 15.687169 31.868410 0.000000
v 15.687169 31.868410 1.500000
v 15.700781 24.140532 0.000000
v 15.700781 24.140532 1.500000
v 15.710075 -24.588198 0.000000
v 15.710075 -24.588198 1.500000
v 15.718106 -8.070356 0.000000
v 15.718106 -8.070356 1.500000
v 15.719344 -9.358594 0.000000
v 15.719344 -9.358594 1.500000
v 15.729553 11.249804 0.000000
v 15.729553 11.249804 1.500000
v 15.733365 4.161094 0.000000
v 15.733365 4.161094 1.500000
v 15.739762 23.084326 0.000000
v 15.739762 23.084326 1.500000
v 15.778135 4.091794 0.000000
v 15.778135 4.091794 1.500000
v 15.780375 5.531934 0.000000
v 15.780375 5.531934 1.500000
v 15.782765 -19.323254 0.000000
v 15.782765 -19.323254 1.500000
v 15.784931 4.081275 0.000000
v 15.784931 4.081275 1.500000
v 15.794212 31.566460 0.000000
v 15.794212 31.566460 1.500000
v 15.815946 -2.010937 0.000000
v 15.815946 -2.010937 1.500000
v 15.817253 3.984750 0.000000
v 15.817253 3.984750 1.500000
v 15.819015 3.979491 0.000000
v 15.819015 3.979491 1.500000
v 15.824532 -25.059376 0.000000
v 15.824532 -25.059376 1.500000
v 15.832885 29.481890 0.000000
v 15.832885 29.481890 1.500000
v 15.840874 3.914212 0.000000
v 15.840874 3.914212 1.500000
v 15.874341 -10.451615 0.000000
v 15.874341 -10.451615 1.500000
v 15.875578 3.810572 0.000000
v 15.875578 3.810572 1.500000
v 15.881456 -21.997801 0.000000
v 15.881456 -21.997801 1.500000
v 15.889500 -3.944531 0.000000
v 15.889500 -3.944531 1.500000
v 15.905190 34.495312 0.000000
v 15.905190 34.495312 1.500000
v 15.905332 -5.143669 0.000000
v 15.905332 -5.143669 1.500000
v 15.905864 39.030750 0.000000
v 15.905864 39.030750 1.500000
v 15.921675 -1.976906 0.000000
v 15.921675 -1.976906 1.500000
v 15.932813 -36.858936 0.000000
v 15.932813 -36.858936 1.500000
v 15.933568 29.932032 0.000000
v 15.933568 29.932032 1.500000
v 15.938354 3.557812 0.000000
v 15.938354 3.557812 1.500000
v 15.947043 -3.834703 0.000000
v 15.947043 -3.834703 1.500000
v 15.957562 3.480469 0.000000
v 15.957562 3.480469 1.500000
v 15.971471 8.353125 0.000000
v 15.971471 8.353125 1.500000
v 15.981384 30.145809 0.000000
v 15.981384 30.145809 1.500000
v 15.984169 24.312544 0.000000
v 15.984169 24.312544 1.500000
v 16.010157 31.330406 0.000000
v 16.010157 31.330406 1.500000
v 16.024696 -3.594319 0.000000
v 16.024696 -3.594319 1.500000
v 16.031813 -5.259375 0.000000
v 16.031813 -5.259375 1.500000
v 16.033377 -3.557812 0.000000
v 16.033377 -3.557812 1.500000
v 16.034906 2.555438 0.000000
v 16.034906 2.555438 1.500000
v 16.035524 -9.643528 0.000000
v 16.035524 -9.643528 1.500000
v 16.055634 2.858006 0.000000
v 16.055634 2.858006 1.500000
v 16.055744 2.629688 0.000000
v 16.055744 2.629688 1.500000
v 16.061821 2.651344 0.000000
v 16.061821 2.651344 1.500000
v 16.074507 -7.313934 0.000000
v 16.074507 -7.313934 1.500000
v 16.088306 10.571343 0.000000
v 16.088306 10.571343 1.500000
v 16.096781 30.473438 0.000000
v 16.096781 30.473438 1.500000
v 16.114725 10.602900 0.000000
v 16.114725 10.602900 1.500000
v 16.114725 38.944126 0.000000
v 16.114725 38.944126 1.500000
v 16.115734 -26.856844 0.000000
v 16.115734 -26.856844 1.500000
v 16.118309 -8.043750 0.000000
v 16.118309 -8.043750 1.500000
v 16.133059 1.565438 0.000000
v 16.133059 1.565438 1.500000
v 16.151541 -38.784180 0.000000
v 16.151541 -38.784180 1.500000
v 16.155563 5.896688 0.000000
v 16.155563 5.896688 1.500000
v 16.160822 -19.473919 0.000000
v 16.160822 -19.473919 1.500000
v 16.164845 -8.040656 0.000000
v 16.164845 -8.040656 1.500000
v 16.166391 -22.394110 0.000000
v 16.166391 -22.394110 1.500000
v 16.191759 31.416103 0.000000
v 16.191759 31.416103 1.500000
v 16.196003 -1.893375 0.000000
v 16.196003 -1.893375 1.500000
v 16.196400 1.545947 0.000000
v 16.196400 1.545947 1.500000
v 16.197020 -1.893066 0.000000
v 16.197020 -1.893066 1.500000
v 16.198875 -2.861719 0.000000
v 16.198875 -2.861719 1.500000
v 16.208691 -9.833794 0.000000
v 16.208691 -9.833794 1.500000
v 16.214344 -36.141186 0.000000
v 16.214344 -36.141186 1.500000
v 16.226944 -2.707031 0.000000
v 16.226944 -2.707031 1.500000
v 16.227957 -18.821447 0.000000
v 16.227957 -18.821447 1.500000
v 16.242188 -37.756126 0.000000
v 16.242188 -37.756126 1.500000
v 16.254467 -5.482434 0.000000
v 16.254467 -5.482434 1.500000
v 16.262613 -35.887501 0.000000
v 16.262613 -35.887501 1.500000
v 16.269722 -2.471287 0.000000
v 16.269722 -2.471287 1.500000
v 16.277765 -39.435722 0.000000
v 16.277765 -39.435722 1.500000
v 16.316128 -2.152941 0.000000
v 16.316128 -2.152941 1.500000
v 16.319530 -1.862437 0.000000
v 16.319530 -1.862437 1.500000
v 16.323244 -35.568844 0.000000
v 16.323244 -35.568844 1.500000
v 16.323862 12.107390 0.000000
v 16.323862 12.107390 1.500000
v 16.330050 -28.179731 0.000000
v 16.330050 -28.179731 1.500000
v 16.348326 -35.277103 0.000000
v 16.348326 -35.277103 1.500000
v 16.355728 24.543648 0.000000
v 16.355728 24.543648 1.500000
v 16.368647 -35.040741 0.000000
v 16.368647 -35.040741 1.500000
v 16.381227 -34.894405 0.000000
v 16.381227 -34.894405 1.500000
v 16.396875 5.104688 0.000000
v 16.396875 5.104688 1.500000
v 16.411415 -34.543266 0.000000
v 16.411415 -34.543266 1.500000
v 16.417015 -34.340626 0.000000
v 16.417015 -34.340626 1.500000
v 16.419460 10.997663 0.000000
v 16.419460 10.997663 1.500000
v 16.440187 8.269594 0.000000
v 16.440187 8.269594 1.500000
v 16.448851 -29.854069 0.000000
v 16.448851 -29.854069 1.500000
v 16.448851 -23.886225 0.000000
v 16.448851 -23.886225 1.500000
v 16.452005 -23.760309 0.000000
v 16.452005 -23.760309 1.500000
v 16.452562 -37.208530 0.000000
v 16.452562 -37.208530 1.500000
v 16.453014 -30.043406 0.000000
v 16.453014 -30.043406 1.500000
v 16.455656 -23.614594 0.000000
v 16.455656 -23.614594 1.500000
v 16.464039 -32.639061 0.000000
v 16.464039 -32.639061 1.500000
v 16.464937 -11.205563 0.000000
v 16.464937 -11.205563 1.500000
v 16.464937 23.688845 0.000000
v 16.464937 23.688845 1.500000
v 16.466047 -19.617468 0.000000
v 16.466047 -19.617468 1.500000
v 16.467438 -30.699282 0.000000
v 16.467438 -30.699282 1.500000
v 16.472677 -30.937500 0.000000
v 16.472677 -30.937500 1.500000
v 16.474430 31.568933 0.000000
v 16.474430 31.568933 1.500000
v 16.475630 -31.071768 0.000000
v 16.475630 -31.071768 1.500000
v 16.476385 4.889053 0.000000
v 16.476385 4.889053 1.500000
v 16.478313 -39.352501 0.000000
v 16.478313 -39.352501 1.500000
v 16.480406 -10.132340 0.000000
v 16.480406 -10.132340 1.500000
v 16.483679 -31.437759 0.000000
v 16.483679 -31.437759 1.500000
v 16.487831 5.432006 0.000000
v 16.487831 5.432006 1.500000
v 16.489687 -31.710938 0.000000
v 16.489687 -31.710938 1.500000
v 16.504847 -24.588198 0.000000
v 16.504847 -24.588198 1.500000
v 16.510029 -37.026001 0.000000
v 16.510029 -37.026001 1.500000
v 16.515057 31.590900 0.000000
v 16.515057 31.590900 1.500000
v 16.535475 7.666003 0.000000
v 16.535475 7.666003 1.500000
v 16.551563 -19.657688 0.000000
v 16.551563 -19.657688 1.500000
v 16.551563 -1.058063 0.000000
v 16.551563 -1.058063 1.500000
v 16.551563 3.557812 0.000000
v 16.551563 3.557812 1.500000
v 16.558886 -25.059376 0.000000
v 16.558886 -25.059376 1.500000
v 16.562626 -36.858936 0.000000
v 16.562626 -36.858936 1.500000
v 16.563938 20.341406 0.000000
v 16.563938 20.341406 1.500000
v 16.572918 3.480469 0.000000
v 16.572918 3.480469 1.500000
v 16.586212 5.531934 0.000000
v 16.586212 5.531934 1.500000
v 16.591782 6.448303 0.000000
v 16.591782 6.448303 1.500000
v 16.596422 38.106956 0.000000
v 16.596422 38.106956 1.500000
v 16.597366 11.249804 0.000000
v 16.597366 11.249804 1.500000
v 16.599016 19.595503 0.000000
v 16.599016 19.595503 1.500000
v 16.611273 3.341559 0.000000
v 16.611273 3.341559 1.500000
v 16.618921 3.810572 0.000000
v 16.618921 3.810572 1.500000
v 16.629097 -11.446875 0.000000
v 16.629097 -11.446875 1.500000
v 16.635563 20.367393 0.000000
v 16.635563 20.367393 1.500000
v 16.638187 11.307656 0.000000
v 16.638187 11.307656 1.500000
v 16.645613 -36.595348 0.000000
v 16.645613 -36.595348 1.500000
v 16.646540 3.914212 0.000000
v 16.646540 3.914212 1.500000
v 16.660463 3.093750 0.000000
v 16.660463 3.093750 1.500000
v 16.678406 -4.872656 0.000000
v 16.678406 -4.872656 1.500000
v 16.683723 2.858006 0.000000
v 16.683723 2.858006 1.500000
v 16.699139 -23.712048 0.000000
v 16.699139 -23.712048 1.500000
v 16.700062 -3.557812 0.000000
v 16.700062 -3.557812 1.500000
v 16.702593 -2.861719 0.000000
v 16.702593 -2.861719 1.500000
v 16.703156 -2.707031 0.000000
v 16.703156 -2.707031 1.500000
v 16.704113 2.651344 0.000000
v 16.704113 2.651344 1.500000
v 16.705322 -23.714521 0.000000
v 16.705322 -23.714521 1.500000
v 16.706249 2.629688 0.000000
v 16.706249 2.629688 1.500000
v 16.706249 5.568750 0.000000
v 16.706249 5.568750 1.500000
v 16.706432 24.767015 0.000000
v 16.706432 24.767015 1.500000
v 16.718006 4.717969 0.000000
v 16.718006 4.717969 1.500000
v 16.722818 12.761719 0.000000
v 16.722818 12.761719 1.500000
v 16.732882 -10.451615 0.000000
v 16.732882 -10.451615 1.500000
v 16.740231 2.555438 0.000000
v 16.740231 2.555438 1.500000
v 16.740282 -36.231525 0.000000
v 16.740282 -36.231525 1.500000
v 16.760592 -36.141186 0.000000
v 16.760592 -36.141186 1.500000
v 16.765032 -26.856844 0.000000
v 16.765032 -26.856844 1.500000
v 16.783594 -22.940157 0.000000
v 16.783594 -22.940157 1.500000
v 16.787769 -4.535128 0.000000
v 16.787769 -4.535128 1.500000
v 16.790306 -2.471287 0.000000
v 16.790306 -2.471287 1.500000
v 16.793030 34.804688 0.000000
v 16.793030 34.804688 1.500000
v 16.809891 2.403225 0.000000
v 16.809891 2.403225 1.500000
v 16.817625 -35.887501 0.000000
v 16.817625 -35.887501 1.500000
v 16.843304 -4.363734 0.000000
v 16.843304 -4.363734 1.500000
v 16.851347 -5.143669 0.000000
v 16.851347 -5.143669 1.500000
v 16.896711 23.995743 0.000000
v 16.896711 23.995743 1.500000
v 16.907993 -2.152941 0.000000
v 16.907993 -2.152941 1.500000
v 16.922503 -23.850647 0.000000
v 16.922503 -23.850647 1.500000
v 16.925287 31.081360 0.000000
v 16.925287 31.081360 1.500000
v 16.926525 6.935259 0.000000
v 16.926525 6.935259 1.500000
v 16.930548 3.979491 0.000000
v 16.930548 3.979491 1.500000
v 16.933283 -28.179731 0.000000
v 16.933283 -28.179731 1.500000
v 16.938282 34.018875 0.000000
v 16.938282 34.018875 1.500000
v 16.941059 -5.259375 0.000000
v 16.941059 -5.259375 1.500000
v 16.958250 -6.187500 0.000000
v 16.958250 -6.187500 1.500000
v 16.960238 -35.568844 0.000000
v 16.960238 -35.568844 1.500000
v 16.963959 7.592372 0.000000
v 16.963959 7.592372 1.500000
v 16.965038 31.106419 0.000000
v 16.965038 31.106419 1.500000
v 16.971384 1.246163 0.000000
v 16.971384 1.246163 1.500000
v 16.984688 -7.162031 0.000000
v 16.984688 -7.162031 1.500000
v 17.004200 2.212959 0.000000
v 17.004200 2.212959 1.500000
v 17.015387 -1.862437 0.000000
v 17.015387 -1.862437 1.500000
v 17.015625 -34.340626 0.000000
v 17.015625 -34.340626 1.500000
v 17.023050 -1.841709 0.000000
v 17.023050 -1.841709 1.500000
v 17.054605 -39.113354 0.000000
v 17.054605 -39.113354 1.500000
v 17.054705 -3.520688 0.000000
v 17.054705 -3.520688 1.500000
v 17.066362 -23.095772 0.000000
v 17.066362 -23.095772 1.500000
v 17.073479 11.983641 0.000000
v 17.073479 11.983641 1.500000
v 17.079666 -7.992085 0.000000
v 17.079666 -7.992085 1.500000
v 17.083187 2.135616 0.000000
v 17.083187 2.135616 1.500000
v 17.087471 -1.790972 0.000000
v 17.087471 -1.790972 1.500000
v 17.090494 8.166263 0.000000
v 17.090494 8.166263 1.500000
v 17.090803 -35.277103 0.000000
v 17.090803 -35.277103 1.500000
v 17.092350 2.126644 0.000000
v 17.092350 2.126644 1.500000
v 17.092968 -32.639061 0.000000
v 17.092968 -32.639061 1.500000
v 17.100410 24.140532 0.000000
v 17.100410 24.140532 1.500000
v 17.101572 34.625252 0.000000
v 17.101572 34.625252 1.500000
v 17.106581 5.886478 0.000000
v 17.106581 5.886478 1.500000
v 17.109652 20.539406 0.000000
v 17.109652 20.539406 1.500000
v 17.114006 -5.482434 0.000000
v 17.114006 -5.482434 1.500000
v 17.114395 5.896688 0.000000
v 17.114395 5.896688 1.500000
v 17.117001 -39.085819 0.000000
v 17.117001 -39.085819 1.500000
v 17.139889 -19.166710 0.000000
v 17.139889 -19.166710 1.500000
v 17.146233 -29.854069 0.000000
v 17.146233 -29.854069 1.500000
v 17.152029 12.107390 0.000000
v 17.152029 12.107390 1.500000
v 17.161032 7.502344 0.000000
v 17.161032 7.502344 1.500000
v 17.170174 -31.710938 0.000000
v 17.170174 -31.710938 1.500000
v 17.170313 -30.043406 0.000000
v 17.170313 -30.043406 1.500000
v 17.170313 -24.026062 0.000000
v 17.170313 -24.026062 1.500000
v 17.170313 25.062469 0.000000
v 17.170313 25.062469 1.500000
v 17.186466 -19.184343 0.000000
v 17.186466 -19.184343 1.500000
v 17.188875 -0.755494 0.000000
v 17.188875 -0.755494 1.500000
v 17.189510 -19.910757 0.000000
v 17.189510 -19.910757 1.500000
v 17.190395 -12.271978 0.000000
v 17.190395 -12.271978 1.500000
v 17.192898 -31.437759 0.000000
v 17.192898 -31.437759 1.500000
v 17.213041 -24.052050 0.000000
v 17.213041 -24.052050 1.500000
v 17.238350 13.607241 0.000000
v 17.238350 13.607241 1.500000
v 17.258484 -31.071768 0.000000
v 17.258484 -31.071768 1.500000
v 17.288954 2.007844 0.000000
v 17.288954 2.007844 1.500000
v 17.303343 -35.040741 0.000000
v 17.303343 -35.040741 1.500000
v 17.320349 31.330406 0.000000
v 17.320349 31.330406 1.500000
v 17.320360 -23.257885 0.000000
v 17.320360 -23.257885 1.500000
v 17.325001 -30.937500 0.000000
v 17.325001 -30.937500 1.500000
v 17.325001 34.495312 0.000000
v 17.325001 34.495312 1.500000
v 17.327784 12.384281 0.000000
v 17.327784 12.384281 1.500000
v 17.329082 -11.205563 0.000000
v 17.329082 -11.205563 1.500000
v 17.330229 -1.599778 0.000000
v 17.330229 -1.599778 1.500000
v 17.342413 24.312544 0.000000
v 17.342413 24.312544 1.500000
v 17.354822 4.577203 0.000000
v 17.354822 4.577203 1.500000
v 17.363064 8.112432 0.000000
v 17.363064 8.112432 1.500000
v 17.369860 6.230503 0.000000
v 17.369860 6.230503 1.500000
v 17.394300 -7.957125 0.000000
v 17.394300 -7.957125 1.500000
v 17.402344 3.984750 0.000000
v 17.402344 3.984750 1.500000
v 17.402344 32.103844 0.000000
v 17.402344 32.103844 1.500000
v 17.406986 32.106937 0.000000
v 17.406986 32.106937 1.500000
v 17.430187 13.921875 0.000000
v 17.430187 13.921875 1.500000
v 17.451670 -31.000921 0.000000
v 17.451670 -31.000921 1.500000
v 17.456289 31.416103 0.000000
v 17.456289 31.416103 1.500000
v 17.461933 25.243763 0.000000
v 17.461933 25.243763 1.500000
v 17.479288 14.019328 0.000000
v 17.479288 14.019328 1.500000
v 17.479687 -38.223282 0.000000
v 17.479687 -38.223282 1.500000
v 17.506685 6.448303 0.000000
v 17.506685 6.448303 1.500000
v 17.516813 -7.943512 0.000000
v 17.516813 -7.943512 1.500000
v 17.519907 -11.446875 0.000000
v 17.519907 -11.446875 1.500000
v 17.529497 -4.185844 0.000000
v 17.529497 -4.185844 1.500000
v 17.535376 -34.894405 0.000000
v 17.535376 -34.894405 1.500000
v 17.541563 -1.433334 0.000000
v 17.541563 -1.433334 1.500000
v 17.553364 -19.323254 0.000000
v 17.553364 -19.323254 1.500000
v 17.566313 12.761719 0.000000
v 17.566313 12.761719 1.500000
v 17.607950 -12.885778 0.000000
v 17.607950 -12.885778 1.500000
v 17.620453 20.039766 0.000000
v 17.620453 20.039766 1.500000
v 17.629787 20.728125 0.000000
v 17.629787 20.728125 1.500000
v 17.634066 8.058909 0.000000
v 17.634066 8.058909 1.500000
v 17.634375 -38.857498 0.000000
v 17.634375 -38.857498 1.500000
v 17.634375 -23.524876 0.000000
v 17.634375 -23.524876 1.500000
v 17.634375 0.946688 0.000000
v 17.634375 0.946688 1.500000
v 17.634375 6.651563 0.000000
v 17.634375 6.651563 1.500000
v 17.635612 25.351734 0.000000
v 17.635612 25.351734 1.500000
v 17.640871 20.732147 0.000000
v 17.640871 20.732147 1.500000
v 17.663996 14.385938 0.000000
v 17.663996 14.385938 1.500000
v 17.667549 24.543648 0.000000
v 17.667549 24.543648 1.500000
v 17.698725 31.568933 0.000000
v 17.698725 31.568933 1.500000
v 17.705015 -20.115253 0.000000
v 17.705015 -20.115253 1.500000
v 17.711720 -34.071468 0.000000
v 17.711720 -34.071468 1.500000
v 17.711720 4.498312 0.000000
v 17.711720 4.498312 1.500000
v 17.729971 -20.125153 0.000000
v 17.729971 -20.125153 1.500000
v 17.730282 -6.960938 0.000000
v 17.730282 -6.960938 1.500000
v 17.735634 31.590900 0.000000
v 17.735634 31.590900 1.500000
v 17.749264 8.021475 0.000000
v 17.749264 8.021475 1.500000
v 17.756571 -23.614594 0.000000
v 17.756571 -23.614594 1.500000
v 17.767406 -6.187500 0.000000
v 17.767406 -6.187500 1.500000
v 17.768953 -13.122450 0.000000
v 17.768953 -13.122450 1.500000
v 17.774832 -31.162725 0.000000
v 17.774832 -31.162725 1.500000
v 17.777708 -38.784180 0.000000
v 17.777708 -38.784180 1.500000
v 17.779638 6.935259 0.000000
v 17.779638 6.935259 1.500000
v 17.779781 -0.463444 0.000000
v 17.779781 -0.463444 1.500000
v 17.799582 37.552246 0.000000
v 17.799582 37.552246 1.500000
v 17.840109 32.395584 0.000000
v 17.840109 32.395584 1.500000
v 17.866405 -7.885969 0.000000
v 17.866405 -7.885969 1.500000
v 17.889299 -23.712048 0.000000
v 17.889299 -23.712048 1.500000
v 17.893530 -23.714521 0.000000
v 17.893530 -23.714521 1.500000
v 17.912193 33.499744 0.000000
v 17.912193 33.499744 1.500000
v 17.913683 38.106956 0.000000
v 17.913683 38.106956 1.500000
v 17.918690 14.891457 0.000000
v 17.918690 14.891457 1.500000
v 17.918728 7.966406 0.000000
v 17.918728 7.966406 1.500000
v 17.921244 -20.186718 0.000000
v 17.921244 -20.186718 1.500000
v 17.951313 -19.473919 0.000000
v 17.951313 -19.473919 1.500000
v 17.981804 24.767015 0.000000
v 17.981804 24.767015 1.500000
v 17.996653 -37.986919 0.000000
v 17.996653 -37.986919 1.500000
v 18.021093 1.565438 0.000000
v 18.021093 1.565438 1.500000
v 18.038631 33.412498 0.000000
v 18.038631 33.412498 1.500000
v 18.046589 25.594593 0.000000
v 18.046589 25.594593 1.500000
v 18.048937 7.461197 0.000000
v 18.048937 7.461197 1.500000
v 18.057640 -31.335976 0.000000
v 18.057640 -31.335976 1.500000
v 18.059942 1.545947 0.000000
v 18.059942 1.545947 1.500000
v 18.064932 7.502344 0.000000
v 18.064932 7.502344 1.500000
v 18.067810 -33.914616 0.000000
v 18.067810 -33.914616 1.500000
v 18.081732 -6.518841 0.000000
v 18.081732 -6.518841 1.500000
v 18.098104 -13.668187 0.000000
v 18.098104 -13.668187 1.500000
v 18.099926 7.592372 0.000000
v 18.099926 7.592372 1.500000
v 18.126143 -23.850647 0.000000
v 18.126143 -23.850647 1.500000
v 18.128546 7.666003 0.000000
v 18.128546 7.666003 1.500000
v 18.155123 7.734375 0.000000
v 18.155123 7.734375 1.500000
v 18.156740 7.889062 0.000000
v 18.156740 7.889062 1.500000
v 18.157528 7.740562 0.000000
v 18.157528 7.740562 1.500000
v 18.168657 33.322781 0.000000
v 18.168657 33.322781 1.500000
v 18.174234 -12.271978 0.000000
v 18.174234 -12.271978 1.500000
v 18.175472 32.681446 0.000000
v 18.175472 32.681446 1.500000
v 18.175781 7.882875 0.000000
v 18.175781 7.882875 1.500000
v 18.177328 -31.409296 0.000000
v 18.177328 -31.409296 1.500000
v 18.179815 -7.746131 0.000000
v 18.179815 -7.746131 1.500000
v 18.185017 -1.058063 0.000000
v 18.185017 -1.058063 1.500000
v 18.186903 -33.854908 0.000000
v 18.186903 -33.854908 1.500000
v 18.215691 25.694521 0.000000
v 18.215691 25.694521 1.500000
v 18.221260 -24.665232 0.000000
v 18.221260 -24.665232 1.500000
v 18.243534 33.271114 0.000000
v 18.243534 33.271114 1.500000
v 18.251484 -13.922494 0.000000
v 18.251484 -13.922494 1.500000
v 18.252804 -34.543266 0.000000
v 18.252804 -34.543266 1.500000
v 18.253124 -30.699282 0.000000
v 18.253124 -30.699282 1.500000
v 18.277876 34.018875 0.000000
v 18.277876 34.018875 1.500000
v 18.294580 3.924422 0.000000
v 18.294580 3.924422 1.500000
v 18.330469 -19.617468 0.000000
v 18.330469 -19.617468 1.500000
v 18.337894 -6.847397 0.000000
v 18.337894 -6.847397 1.500000
v 18.341297 -34.499954 0.000000
v 18.341297 -34.499954 1.500000
v 18.356766 4.426538 0.000000
v 18.356766 4.426538 1.500000
v 18.360788 -7.665384 0.000000
v 18.360788 -7.665384 1.500000
v 18.360966 -3.383944 0.000000
v 18.360966 -3.383944 1.500000
v 18.372868 33.039703 0.000000
v 18.372868 33.039703 1.500000
v 18.376875 -14.130394 0.000000
v 18.376875 -14.130394 1.500000
v 18.390978 -6.960938 0.000000
v 18.390978 -6.960938 1.500000
v 18.407812 -0.928125 0.000000
v 18.407812 -0.928125 1.500000
v 18.407812 33.103127 0.000000
v 18.407812 33.103127 1.500000
v 18.432484 -14.233107 0.000000
v 18.432484 -14.233107 1.500000
v 18.435368 20.341406 0.000000
v 18.435368 20.341406 1.500000
v 18.437822 16.046352 0.000000
v 18.437822 16.046352 1.500000
v 18.444473 -7.579997 0.000000
v 18.444473 -7.579997 1.500000
v 18.451578 -14.268375 0.000000
v 18.451578 -14.268375 1.500000
v 18.463806 -14.290959 0.000000
v 18.463806 -14.290959 1.500000
v 18.470306 -24.052050 0.000000
v 18.470306 -24.052050 1.500000
v 18.484995 -7.162031 0.000000
v 18.484995 -7.162031 1.500000
v 18.485157 14.385938 0.000000
v 18.485157 14.385938 1.500000
v 18.489487 -37.751793 0.000000
v 18.489487 -37.751793 1.500000
v 18.492891 13.607241 0.000000
v 18.492891 13.607241 1.500000
v 18.495056 -20.371416 0.000000
v 18.495056 -20.371416 1.500000
v 18.505575 20.367393 0.000000
v 18.505575 20.367393 1.500000
v 18.513000 -7.510078 0.000000
v 18.513000 -7.510078 1.500000
v 18.515730 -14.386866 0.000000
v 18.515730 -14.386866 1.500000
v 18.521353 -33.687225 0.000000
v 18.521353 -33.687225 1.500000
v 18.535954 -7.446656 0.000000
v 18.535954 -7.446656 1.500000
v 18.543791 -7.425000 0.000000
v 18.543791 -7.425000 1.500000
v 18.554987 -7.394063 0.000000
v 18.554987 -7.394063 1.500000
v 18.556015 -7.313934 0.000000
v 18.556015 -7.313934 1.500000
v 18.562500 -0.043313 0.000000
v 18.562500 -0.043313 1.500000
v 18.562500 1.293806 0.000000
v 18.562500 1.293806 1.500000
v 18.564840 -7.366838 0.000000
v 18.564840 -7.366838 1.500000
v 18.571781 -7.347656 0.000000
v 18.571781 -7.347656 1.500000
v 18.597521 32.103844 0.000000
v 18.597521 32.103844 1.500000
v 18.599518 14.438531 0.000000
v 18.599518 14.438531 1.500000
v 18.602718 32.106937 0.000000
v 18.602718 32.106937 1.500000
v 18.632174 -34.340626 0.000000
v 18.632174 -34.340626 1.500000
v 18.638916 21.052040 0.000000
v 18.638916 21.052040 1.500000
v 18.639843 -31.710938 0.000000
v 18.639843 -31.710938 1.500000
v 18.643354 1.246163 0.000000
v 18.643354 1.246163 1.500000
v 18.650671 0.331031 0.000000
v 18.650671 0.331031 1.500000
v 18.652111 -30.937500 0.000000
v 18.652111 -30.937500 1.500000
v 18.678091 -0.755494 0.000000
v 18.678091 -0.755494 1.500000
v 18.685526 14.891457 0.000000
v 18.685526 14.891457 1.500000
v 18.707287 3.878016 0.000000
v 18.707287 3.878016 1.500000
v 18.724596 -14.772656 0.000000
v 18.724596 -14.772656 1.500000
v 18.726469 25.243763 0.000000
v 18.726469 25.243763 1.500000
v 18.728325 0.131484 0.000000
v 18.728325 0.131484 1.500000
v 18.758335 -31.000921 0.000000
v 18.758335 -31.000921 1.500000
v 18.790819 -12.885778 0.000000
v 18.790819 -12.885778 1.500000
v 18.794531 -3.984750 0.000000
v 18.794531 -3.984750 1.500000
v 18.829161 -24.997499 0.000000
v 18.829161 -24.997499 1.500000
v 18.850218 -15.004687 0.000000
v 18.850218 -15.004687 1.500000
v 18.853003 -38.234108 0.000000
v 18.853003 -38.234108 1.500000
v 18.871876 37.022907 0.000000
v 18.871876 37.022907 1.500000
v 18.872747 -38.223282 0.000000
v 18.872747 -38.223282 1.500000
v 18.904978 -34.191196 0.000000
v 18.904978 -34.191196 1.500000
v 18.946125 -3.322687 0.000000
v 18.946125 -3.322687 1.500000
v 19.018209 -25.100832 0.000000
v 19.018209 -25.100832 1.500000
v 19.026463 3.826985 0.000000
v 19.026463 3.826985 1.500000
v 19.026562 3.826969 0.000000
v 19.026562 3.826969 1.500000
v 19.026562 37.589062 0.000000
v 19.026562 37.589062 1.500000
v 19.036522 -31.942968 0.000000
v 19.036522 -31.942968 1.500000
v 19.036821 -31.162725 0.000000
v 19.036821 -31.162725 1.500000
v 19.063377 0.998662 0.000000
v 19.063377 0.998662 1.500000
v 19.063688 14.652000 0.000000
v 19.063688 14.652000 1.500000
v 19.070635 -3.944531 0.000000
v 19.070635 -3.944531 1.500000
v 19.081768 13.921875 0.000000
v 19.081768 13.921875 1.500000
v 19.095703 37.552246 0.000000
v 19.095703 37.552246 1.500000
v 19.103907 20.539406 0.000000
v 19.103907 20.539406 1.500000
v 19.113483 -34.071468 0.000000
v 19.113483 -34.071468 1.500000
v 19.129080 32.395584 0.000000
v 19.129080 32.395584 1.500000
v 19.129780 0.946688 0.000000
v 19.129780 0.946688 1.500000
v 19.135338 -0.463444 0.000000
v 19.135338 -0.463444 1.500000
v 19.140102 4.338984 0.000000
v 19.140102 4.338984 1.500000
v 19.143284 16.046352 0.000000
v 19.143284 16.046352 1.500000
v 19.159594 16.087500 0.000000
v 19.159594 16.087500 1.500000
v 19.181250 -37.394157 0.000000
v 19.181250 -37.394157 1.500000
v 19.182774 26.232834 0.000000
v 19.182774 26.232834 1.500000
v 19.196220 -13.122450 0.000000
v 19.196220 -13.122450 1.500000
v 19.209148 4.331250 0.000000
v 19.209148 4.331250 1.500000
v 19.258595 -20.585812 0.000000
v 19.258595 -20.585812 1.500000
v 19.261068 -19.910757 0.000000
v 19.261068 -19.910757 1.500000
v 19.264162 14.019328 0.000000
v 19.264162 14.019328 1.500000
v 19.303717 -37.986919 0.000000
v 19.303717 -37.986919 1.500000
v 19.316137 33.499744 0.000000
v 19.316137 33.499744 1.500000
v 19.317375 18.330469 0.000000
v 19.317375 18.330469 1.500000
v 19.329081 -33.233990 0.000000
v 19.329081 -33.233990 1.500000
v 19.335009 -31.335976 0.000000
v 19.335009 -31.335976 1.500000
v 19.335453 -16.087500 0.000000
v 19.335453 -16.087500 1.500000
v 19.335938 25.594593 0.000000
v 19.335938 25.594593 1.500000
v 19.351133 -33.221615 0.000000
v 19.351133 -33.221615 1.500000
v 19.369659 14.776678 0.000000
v 19.369659 14.776678 1.500000
v 19.386642 -33.914616 0.000000
v 19.386642 -33.914616 1.500000
v 19.421635 -37.257103 0.000000
v 19.421635 -37.257103 1.500000
v 19.425655 26.368031 0.000000
v 19.425655 26.368031 1.500000
v 19.463346 -32.192635 0.000000
v 19.463346 -32.192635 1.500000
v 19.465919 -31.409296 0.000000
v 19.465919 -31.409296 1.500000
v 19.490625 -33.854908 0.000000
v 19.490625 -33.854908 1.500000
v 19.490625 -33.143345 0.000000
v 19.490625 -33.143345 1.500000
v 19.490625 33.412498 0.000000
v 19.490625 33.412498 1.500000
v 19.511387 -16.480097 0.000000
v 19.511387 -16.480097 1.500000
v 19.515375 33.424873 0.000000
v 19.515375 33.424873 1.500000
v 19.552002 -33.103127 0.000000
v 19.552002 -33.103127 1.500000
v 19.572300 -32.256367 0.000000
v 19.572300 -32.256367 1.500000
v 19.577869 -37.836563 0.000000
v 19.577869 -37.836563 1.500000
v 19.641291 -16.769981 0.000000
v 19.641291 -16.769981 1.500000
v 19.644693 -14.386866 0.000000
v 19.644693 -14.386866 1.500000
v 19.650364 32.681446 0.000000
v 19.650364 32.681446 1.500000
v 19.676250 -14.772656 0.000000
v 19.676250 -14.772656 1.500000
v 19.721848 -16.975407 0.000000
v 19.721848 -16.975407 1.500000
v 19.722656 0.482625 0.000000
v 19.722656 0.482625 1.500000
v 19.725914 -37.751793 0.000000
v 19.725914 -37.751793 1.500000
v 19.729462 -14.290959 0.000000
v 19.729462 -14.290959 1.500000
v 19.735031 -37.088184 0.000000
v 19.735031 -37.088184 1.500000
v 19.735960 -0.079819 0.000000
v 19.735960 -0.079819 1.500000
v 19.752432 -0.043313 0.000000
v 19.752432 -0.043313 1.500000
v 19.756243 -15.004687 0.000000
v 19.756243 -15.004687 1.500000
v 19.766682 26.567577 0.000000
v 19.766682 26.567577 1.500000
v 19.769682 -15.043669 0.000000
v 19.769682 -15.043669 1.500000
v 19.769991 17.765551 0.000000
v 19.769991 17.765551 1.500000
v 19.770300 14.920538 0.000000
v 19.770300 14.920538 1.500000
v 19.797129 0.331031 0.000000
v 19.797129 0.331031 1.500000
v 19.824610 -3.834703 0.000000
v 19.824610 -3.834703 1.500000
v 19.831303 0.131484 0.000000
v 19.831303 0.131484 1.500000
v 19.844702 -33.687225 0.000000
v 19.844702 -33.687225 1.500000
v 19.861876 0.199237 0.000000
v 19.861876 0.199237 1.500000
v 19.871996 -25.545403 0.000000
v 19.871996 -25.545403 1.500000
v 19.877344 -25.548187 0.000000
v 19.877344 -25.548187 1.500000
v 19.877344 -14.268375 0.000000
v 19.877344 -14.268375 1.500000
v 19.880129 -32.888111 0.000000
v 19.880129 -32.888111 1.500000
v 19.882603 -15.382435 0.000000
v 19.882603 -15.382435 1.500000
v 19.944788 -32.423119 0.000000
v 19.944788 -32.423119 1.500000
v 19.953609 18.330469 0.000000
v 19.953609 18.330469 1.500000
v 19.954378 26.677406 0.000000
v 19.954378 26.677406 1.500000
v 19.954687 21.346874 0.000000
v 19.954687 21.346874 1.500000
v 19.963041 3.649388 0.000000
v 19.963041 3.649388 1.500000
v 19.971142 -32.815407 0.000000
v 19.971142 -32.815407 1.500000
v 19.990576 -17.660671 0.000000
v 19.990576 -17.660671 1.500000
v 20.000784 -3.163050 0.000000
v 20.000784 -3.163050 1.500000
v 20.010912 -3.160884 0.000000
v 20.010912 -3.160884 1.500000
v 20.013212 -32.440445 0.000000
v 20.013212 -32.440445 1.500000
v 20.023369 -20.115253 0.000000
v 20.023369 -20.115253 1.500000
v 20.056782 18.647888 0.000000
v 20.056782 18.647888 1.500000
v 20.089813 37.022907 0.000000
v 20.089813 37.022907 1.500000
v 20.109375 -16.087500 0.000000
v 20.109375 -16.087500 1.500000
v 20.109375 20.728125 0.000000
v 20.109375 20.728125 1.500000
v 20.131031 -13.668187 0.000000
v 20.131031 -13.668187 1.500000
v 20.138615 14.385938 0.000000
v 20.138615 14.385938 1.500000
v 20.141550 -32.679283 0.000000
v 20.141550 -32.679283 1.500000
v 20.186718 -32.484375 0.000000
v 20.186718 -32.484375 1.500000
v 20.208824 26.856844 0.000000
v 20.208824 26.856844 1.500000
v 20.244572 -16.480097 0.000000
v 20.244572 -16.480097 1.500000
v 20.248594 -18.407812 0.000000
v 20.248594 -18.407812 1.500000
v 20.254473 21.334499 0.000000
v 20.254473 21.334499 1.500000
v 20.264063 -37.443657 0.000000
v 20.264063 -37.443657 1.500000
v 20.264063 -24.997499 0.000000
v 20.264063 -24.997499 1.500000
v 20.264063 14.438531 0.000000
v 20.264063 14.438531 1.500000
v 20.282625 19.413280 0.000000
v 20.282625 19.413280 1.500000
v 20.299133 3.585656 0.000000
v 20.299133 3.585656 1.500000
v 20.303663 33.039703 0.000000
v 20.303663 33.039703 1.500000
v 20.349354 -37.394157 0.000000
v 20.349354 -37.394157 1.500000
v 20.352848 -16.769981 0.000000
v 20.352848 -16.769981 1.500000
v 20.374510 36.871311 0.000000
v 20.374510 36.871311 1.500000
v 20.411943 27.000084 0.000000
v 20.411943 27.000084 1.500000
v 20.418751 -36.738281 0.000000
v 20.418751 -36.738281 1.500000
v 20.418751 -31.942968 0.000000
v 20.418751 -31.942968 1.500000
v 20.418751 33.876564 0.000000
v 20.418751 33.876564 1.500000
v 20.429579 -16.975407 0.000000
v 20.429579 -16.975407 1.500000
v 20.435497 33.103127 0.000000
v 20.435497 33.103127 1.500000
v 20.476082 15.139266 0.000000
v 20.476082 15.139266 1.500000
v 20.500425 21.301088 0.000000
v 20.500425 21.301088 1.500000
v 20.532600 -14.442554 0.000000
v 20.532600 -14.442554 1.500000
v 20.559515 -20.904469 0.000000
v 20.559515 -20.904469 1.500000
v 20.583338 -19.568588 0.000000
v 20.583338 -19.568588 1.500000
v 20.597260 20.605612 0.000000
v 20.597260 20.605612 1.500000
v 20.599113 -36.637115 0.000000
v 20.599113 -36.637115 1.500000
v 20.618607 26.232834 0.000000
v 20.618607 26.232834 1.500000
v 20.626791 20.728125 0.000000
v 20.626791 20.728125 1.500000
v 20.636860 3.521616 0.000000
v 20.636860 3.521616 1.500000
v 20.645832 36.052086 0.000000
v 20.645832 36.052086 1.500000
v 20.650782 15.193406 0.000000
v 20.650782 15.193406 1.500000
v 20.686050 -19.974796 0.000000
v 20.686050 -19.974796 1.500000
v 20.686581 -3.016406 0.000000
v 20.686581 -3.016406 1.500000
v 20.693165 21.003469 0.000000
v 20.693165 21.003469 1.500000
v 20.706320 -17.660671 0.000000
v 20.706320 -17.660671 1.500000
v 20.714512 -3.705075 0.000000
v 20.714512 -3.705075 1.500000
v 20.725031 -20.186718 0.000000
v 20.725031 -20.186718 1.500000
v 20.728125 4.161094 0.000000
v 20.728125 4.161094 1.500000
v 20.728125 21.192188 0.000000
v 20.728125 21.192188 1.500000
v 20.784697 33.271114 0.000000
v 20.784697 33.271114 1.500000
v 20.801756 -33.233990 0.000000
v 20.801756 -33.233990 1.500000
v 20.803612 34.056309 0.000000
v 20.803612 34.056309 1.500000
v 20.818466 -26.114653 0.000000
v 20.818466 -26.114653 1.500000
v 20.838753 27.448988 0.000000
v 20.838753 27.448988 1.500000
v 20.851875 -18.021093 0.000000
v 20.851875 -18.021093 1.500000
v 20.883430 -13.922494 0.000000
v 20.883430 -13.922494 1.500000
v 20.892094 33.322781 0.000000
v 20.892094 33.322781 1.500000
v 20.893641 -32.192635 0.000000
v 20.893641 -32.192635 1.500000
v 20.901375 -36.467579 0.000000
v 20.901375 -36.467579 1.500000
v 20.904619 26.368031 0.000000
v 20.904619 26.368031 1.500000
v 20.919937 27.534374 0.000000
v 20.919937 27.534374 1.500000
v 20.921820 27.543655 0.000000
v 20.921820 27.543655 1.500000
v 20.991095 -21.001612 0.000000
v 20.991095 -21.001612 1.500000
v 20.994122 -18.407812 0.000000
v 20.994122 -18.407812 1.500000
v 20.999756 27.927900 0.000000
v 20.999756 27.927900 1.500000
v 21.004913 27.966881 0.000000
v 21.004913 27.966881 1.500000
v 21.028528 -14.610544 0.000000
v 21.028528 -14.610544 1.500000
v 21.044306 -18.544247 0.000000
v 21.044306 -18.544247 1.500000
v 21.072252 28.475803 0.000000
v 21.072252 28.475803 1.500000
v 21.096281 28.657406 0.000000
v 21.096281 28.657406 1.500000
v 21.122578 15.389550 0.000000
v 21.122578 15.389550 1.500000
v 21.144493 29.164782 0.000000
v 21.144493 29.164782 1.500000
v 21.155813 33.412498 0.000000
v 21.155813 33.412498 1.500000
v 21.165272 34.203880 0.000000
v 21.165272 34.203880 1.500000
v 21.192188 -21.037500 0.000000
v 21.192188 -21.037500 1.500000
v 21.192188 33.424873 0.000000
v 21.192188 33.424873 1.500000
v 21.201469 -19.112568 0.000000
v 21.201469 -19.112568 1.500000
v 21.205717 15.443690 0.000000
v 21.205717 15.443690 1.500000
v 21.213224 -2.903794 0.000000
v 21.213224 -2.903794 1.500000
v 21.236555 -36.264938 0.000000
v 21.236555 -36.264938 1.500000
v 21.254940 30.327103 0.000000
v 21.254940 30.327103 1.500000
v 21.267990 -19.568588 0.000000
v 21.267990 -19.568588 1.500000
v 21.278812 -33.221615 0.000000
v 21.278812 -33.221615 1.500000
v 21.290070 30.696806 0.000000
v 21.290070 30.696806 1.500000
v 21.291187 30.708563 0.000000
v 21.291187 30.708563 1.500000
v 21.292116 35.659180 0.000000
v 21.292116 35.659180 1.500000
v 21.299797 30.850876 0.000000
v 21.299797 30.850876 1.500000
v 21.301088 -20.764631 0.000000
v 21.301088 -20.764631 1.500000
v 21.326765 26.567577 0.000000
v 21.326765 26.567577 1.500000
v 21.327244 -19.974796 0.000000
v 21.327244 -19.974796 1.500000
v 21.334499 -20.469488 0.000000
v 21.334499 -20.469488 1.500000
v 21.344217 -20.186718 0.000000
v 21.344217 -20.186718 1.500000
v 21.346874 -20.109375 0.000000
v 21.346874 -20.109375 1.500000
v 21.346874 3.387656 0.000000
v 21.346874 3.387656 1.500000
v 21.351824 31.710938 0.000000
v 21.351824 31.710938 1.500000
v 21.361107 31.864388 0.000000
v 21.361107 31.864388 1.500000
v 21.366985 32.715477 0.000000
v 21.366985 32.715477 1.500000
v 21.387094 -32.440445 0.000000
v 21.387094 -32.440445 1.500000
v 21.408131 -25.545403 0.000000
v 21.408131 -25.545403 1.500000
v 21.414417 -25.548187 0.000000
v 21.414417 -25.548187 1.500000
v 21.469250 -3.594319 0.000000
v 21.469250 -3.594319 1.500000
v 21.469318 -3.594319 0.000000
v 21.469318 -3.594319 1.500000
v 21.475574 -3.593391 0.000000
v 21.475574 -3.593391 1.500000
v 21.479462 -36.738281 0.000000
v 21.479462 -36.738281 1.500000
v 21.482061 -32.484375 0.000000
v 21.482061 -32.484375 1.500000
v 21.539289 -2.807888 0.000000
v 21.539289 -2.807888 1.500000
v 21.543499 15.663656 0.000000
v 21.543499 15.663656 1.500000
v 21.563438 -14.809781 0.000000
v 21.563438 -14.809781 1.500000
v 21.569326 26.677406 0.000000
v 21.569326 26.677406 1.500000
v 21.575464 -14.130394 0.000000
v 21.575464 -14.130394 1.500000
v 21.622837 15.715322 0.000000
v 21.622837 15.715322 1.500000
v 21.644184 27.966881 0.000000
v 21.644184 27.966881 1.500000
v 21.645422 -36.017746 0.000000
v 21.645422 -36.017746 1.500000
v 21.653774 -36.637115 0.000000
v 21.653774 -36.637115 1.500000
v 21.656250 34.340626 0.000000
v 21.656250 34.340626 1.500000
v 21.656250 35.398689 0.000000
v 21.656250 35.398689 1.500000
v 21.657789 -14.865469 0.000000
v 21.657789 -14.865469 1.500000
v 21.657797 28.475803 0.000000
v 21.657797 28.475803 1.500000
v 21.659544 27.927900 0.000000
v 21.659544 27.927900 1.500000
v 21.661200 4.091794 0.000000
v 21.661200 4.091794 1.500000
v 21.663984 -26.623575 0.000000
v 21.663984 -26.623575 1.500000
v 21.678591 28.657406 0.000000
v 21.678591 28.657406 1.500000
v 21.715387 -3.557812 0.000000
v 21.715387 -3.557812 1.500000
v 21.736687 29.164782 0.000000
v 21.736687 29.164782 1.500000
v 21.756798 36.080551 0.000000
v 21.756798 36.080551 1.500000
v 21.776596 34.236984 0.000000
v 21.776596 34.236984 1.500000
v 21.801348 36.052086 0.000000
v 21.801348 36.052086 1.500000
v 21.810938 -33.372280 0.000000
v 21.810938 -33.372280 1.500000
v 21.810938 27.543655 0.000000
v 21.810938 27.543655 1.500000
v 21.875288 33.954834 0.000000
v 21.875288 33.954834 1.500000
v 21.876923 -2.708578 0.000000
v 21.876923 -2.708578 1.500000
v 21.892738 15.983859 0.000000
v 21.892738 15.983859 1.500000
v 21.903393 -32.679283 0.000000
v 21.903393 -32.679283 1.500000
v 21.917362 -14.233107 0.000000
v 21.917362 -14.233107 1.500000
v 21.920307 -26.965124 0.000000
v 21.920307 -26.965124 1.500000
v 21.927572 30.327103 0.000000
v 21.927572 30.327103 1.500000
v 21.928583 33.424873 0.000000
v 21.928583 33.424873 1.500000
v 21.951698 -36.467579 0.000000
v 21.951698 -36.467579 1.500000
v 21.965626 -3.520688 0.000000
v 21.965626 -3.520688 1.500000
v 21.965626 26.856844 0.000000
v 21.965626 26.856844 1.500000
v 21.968719 33.025780 0.000000
v 21.968719 33.025780 1.500000
v 21.969448 32.715477 0.000000
v 21.969448 32.715477 1.500000
v 21.971451 31.864388 0.000000
v 21.971451 31.864388 1.500000
v 21.971813 31.710938 0.000000
v 21.971813 31.710938 1.500000
v 22.000895 30.696806 0.000000
v 22.000895 30.696806 1.500000
v 22.004341 30.708563 0.000000
v 22.004341 30.708563 1.500000
v 22.004354 -27.077118 0.000000
v 22.004354 -27.077118 1.500000
v 22.020538 16.111013 0.000000
v 22.020538 16.111013 1.500000
v 22.023478 27.586040 0.000000
v 22.023478 27.586040 1.500000
v 22.035234 -27.118265 0.000000
v 22.035234 -27.118265 1.500000
v 22.046062 30.850876 0.000000
v 22.046062 30.850876 1.500000
v 22.049465 -14.268375 0.000000
v 22.049465 -14.268375 1.500000
v 22.051941 35.097977 0.000000
v 22.051941 35.097977 1.500000
v 22.102629 16.192688 0.000000
v 22.102629 16.192688 1.500000
v 22.133930 -27.411552 0.000000
v 22.133930 -27.411552 1.500000
v 22.145136 -2.629688 0.000000
v 22.145136 -2.629688 1.500000
v 22.154556 16.244352 0.000000
v 22.154556 16.244352 1.500000
v 22.171036 16.260750 0.000000
v 22.171036 16.260750 1.500000
v 22.189693 16.279312 0.000000
v 22.189693 16.279312 1.500000
v 22.197657 -32.815407 0.000000
v 22.197657 -32.815407 1.500000
v 22.225809 35.004543 0.000000
v 22.225809 35.004543 1.500000
v 22.251158 -15.215681 0.000000
v 22.251158 -15.215681 1.500000
v 22.253344 -27.766407 0.000000
v 22.253344 -27.766407 1.500000
v 22.307795 -36.264938 0.000000
v 22.307795 -36.264938 1.500000
v 22.324100 27.000084 0.000000
v 22.324100 27.000084 1.500000
v 22.352345 34.968655 0.000000
v 22.352345 34.968655 1.500000
v 22.372454 27.701437 0.000000
v 22.372454 27.701437 1.500000
v 22.373550 -32.888111 0.000000
v 22.373550 -32.888111 1.500000
v 22.391680 -28.542938 0.000000
v 22.391680 -28.542938 1.500000
v 22.416334 35.659180 0.000000
v 22.416334 35.659180 1.500000
v 22.429688 4.148100 0.000000
v 22.429688 4.148100 1.500000
v 22.439587 30.629671 0.000000
v 22.439587 30.629671 1.500000
v 22.474546 15.139266 0.000000
v 22.474546 15.139266 1.500000
v 22.495832 27.752794 0.000000
v 22.495832 27.752794 1.500000
v 22.504829 -29.178085 0.000000
v 22.504829 -29.178085 1.500000
v 22.508577 -29.199121 0.000000
v 22.508577 -29.199121 1.500000
v 22.524893 16.612820 0.000000
v 22.524893 16.612820 1.500000
v 22.541063 16.628906 0.000000
v 22.541063 16.628906 1.500000
v 22.563568 -15.400068 0.000000
v 22.563568 -15.400068 1.500000
v 22.574675 -29.709900 0.000000
v 22.574675 -29.709900 1.500000
v 22.580044 -33.615139 0.000000
v 22.580044 -33.615139 1.500000
v 22.626759 -30.112396 0.000000
v 22.626759 -30.112396 1.500000
v 22.639717 -30.241405 0.000000
v 22.639717 -30.241405 1.500000
v 22.671974 -30.562538 0.000000
v 22.671974 -30.562538 1.500000
v 22.688524 15.193406 0.000000
v 22.688524 15.193406 1.500000
v 22.693275 -26.114653 0.000000
v 22.693275 -26.114653 1.500000
v 22.701866 -14.442554 0.000000
v 22.701866 -14.442554 1.500000
v 22.717405 -31.014843 0.000000
v 22.717405 -31.014843 1.500000
v 22.721346 -15.493191 0.000000
v 22.721346 -15.493191 1.500000
v 22.721870 -15.493500 0.000000
v 22.721870 -15.493500 1.500000
v 22.725016 -15.495357 0.000000
v 22.725016 -15.495357 1.500000
v 22.732637 -31.195210 0.000000
v 22.732637 -31.195210 1.500000
v 22.735754 16.908581 0.000000
v 22.735754 16.908581 1.500000
v 22.750078 -36.017746 0.000000
v 22.750078 -36.017746 1.500000
v 22.770618 -15.522272 0.000000
v 22.770618 -15.522272 1.500000
v 22.822594 -35.977219 0.000000
v 22.822594 -35.977219 1.500000
v 22.824066 35.398689 0.000000
v 22.824066 35.398689 1.500000
v 22.824450 30.352472 0.000000
v 22.824450 30.352472 1.500000
v 22.832762 -15.585693 0.000000
v 22.832762 -15.585693 1.500000
v 22.841499 -32.484375 0.000000
v 22.841499 -32.484375 1.500000
v 22.856007 -27.077118 0.000000
v 22.856007 -27.077118 1.500000
v 22.857605 -27.118265 0.000000
v 22.857605 -27.118265 1.500000
v 22.868999 -27.411552 0.000000
v 22.868999 -27.411552 1.500000
v 22.893749 -33.103127 0.000000
v 22.893749 -33.103127 1.500000
v 22.893749 -26.965124 0.000000
v 22.893749 -26.965124 1.500000
v 22.902103 -33.689701 0.000000
v 22.902103 -33.689701 1.500000
v 22.919458 -27.766407 0.000000
v 22.919458 -27.766407 1.500000
v 22.940401 -35.191406 0.000000
v 22.940401 -35.191406 1.500000
v 22.964907 17.237757 0.000000
v 22.964907 17.237757 1.500000
v 23.002649 2.972784 0.000000
v 23.002649 2.972784 1.500000
v 23.029875 -28.542938 0.000000
v 23.029875 -28.542938 1.500000
v 23.056396 30.850876 0.000000
v 23.056396 30.850876 1.500000
v 23.083706 34.531509 0.000000
v 23.083706 34.531509 1.500000
v 23.115707 28.010813 0.000000
v 23.115707 28.010813 1.500000
v 23.125782 -33.718781 0.000000
v 23.125782 -33.718781 1.500000
v 23.150841 -29.178085 0.000000
v 23.150841 -29.178085 1.500000
v 23.154915 -27.048656 0.000000
v 23.154915 -27.048656 1.500000
v 23.155319 -29.199121 0.000000
v 23.155319 -29.199121 1.500000
v 23.169094 -3.751791 0.000000
v 23.169094 -3.751791 1.500000
v 23.203178 -35.023724 0.000000
v 23.203178 -35.023724 1.500000
v 23.207245 4.424063 0.000000
v 23.207245 4.424063 1.500000
v 23.264072 -29.709900 0.000000
v 23.264072 -29.709900 1.500000
v 23.280468 16.279312 0.000000
v 23.280468 16.279312 1.500000
v 23.280468 30.000093 0.000000
v 23.280468 30.000093 1.500000
v 23.281706 -16.043879 0.000000
v 23.281706 -16.043879 1.500000
v 23.286655 28.081968 0.000000
v 23.286655 28.081968 1.500000
v 23.287539 -34.969894 0.000000
v 23.287539 -34.969894 1.500000
v 23.331091 -14.610544 0.000000
v 23.331091 -14.610544 1.500000
v 23.335346 30.629671 0.000000
v 23.335346 30.629671 1.500000
v 23.357813 3.585656 0.000000
v 23.357813 3.585656 1.500000
v 23.358870 -16.149376 0.000000
v 23.358870 -16.149376 1.500000
v 23.379574 -30.112396 0.000000
v 23.379574 -30.112396 1.500000
v 23.395555 16.612820 0.000000
v 23.395555 16.612820 1.500000
v 23.404659 16.628906 0.000000
v 23.404659 16.628906 1.500000
v 23.411024 -33.397339 0.000000
v 23.411024 -33.397339 1.500000
v 23.415897 -33.372280 0.000000
v 23.415897 -33.372280 1.500000
v 23.416594 -30.241405 0.000000
v 23.416594 -30.241405 1.500000
v 23.436394 -27.138685 0.000000
v 23.436394 -27.138685 1.500000
v 23.445190 -33.221615 0.000000
v 23.445190 -33.221615 1.500000
v 23.447531 27.448988 0.000000
v 23.447531 27.448988 1.500000
v 23.460407 -33.143345 0.000000
v 23.460407 -33.143345 1.500000
v 23.461143 18.038109 0.000000
v 23.461143 18.038109 1.500000
v 23.463730 15.389550 0.000000
v 23.463730 15.389550 1.500000
v 23.468227 -33.103127 0.000000
v 23.468227 -33.103127 1.500000
v 23.486513 -33.009075 0.000000
v 23.486513 -33.009075 1.500000
v 23.497164 34.968655 0.000000
v 23.497164 34.968655 1.500000
v 23.512501 -34.826344 0.000000
v 23.512501 -34.826344 1.500000
v 23.512501 -32.484375 0.000000
v 23.512501 -32.484375 1.500000
v 23.512501 -2.227500 0.000000
v 23.512501 -2.227500 1.500000
v 23.535395 -35.518105 0.000000
v 23.535395 -35.518105 1.500000
v 23.552099 -30.192526 0.000000
v 23.552099 -30.192526 1.500000
v 23.553028 16.260750 0.000000
v 23.553028 16.260750 1.500000
v 23.562927 16.908581 0.000000
v 23.562927 16.908581 1.500000
v 23.677706 15.443690 0.000000
v 23.677706 15.443690 1.500000
v 23.683781 27.534374 0.000000
v 23.683781 27.534374 1.500000
v 23.684559 -3.944531 0.000000
v 23.684559 -3.944531 1.500000
v 23.684910 30.352472 0.000000
v 23.684910 30.352472 1.500000
v 23.709461 27.543655 0.000000
v 23.709461 27.543655 1.500000
v 23.738653 28.308123 0.000000
v 23.738653 28.308123 1.500000
v 23.748552 34.063423 0.000000
v 23.748552 34.063423 1.500000
v 23.750719 -35.325058 0.000000
v 23.750719 -35.325058 1.500000
v 23.766188 -16.706249 0.000000
v 23.766188 -16.706249 1.500000
v 23.775270 17.237757 0.000000
v 23.775270 17.237757 1.500000
v 23.781656 17.247656 0.000000
v 23.781656 17.247656 1.500000
v 23.792484 -31.195210 0.000000
v 23.792484 -31.195210 1.500000
v 23.821875 -3.016406 0.000000
v 23.821875 -3.016406 1.500000
v 23.825331 3.826985 0.000000
v 23.825331 3.826985 1.500000
v 23.826731 27.586040 0.000000
v 23.826731 27.586040 1.500000
v 23.828062 -35.191406 0.000000
v 23.828062 -35.191406 1.500000
v 23.850338 -30.001022 0.000000
v 23.850338 -30.001022 1.500000
v 23.858381 -15.585693 0.000000
v 23.858381 -15.585693 1.500000
v 23.860237 2.699916 0.000000
v 23.860237 2.699916 1.500000
v 23.900734 -15.522272 0.000000
v 23.900734 -15.522272 1.500000
v 23.907921 -2.903794 0.000000
v 23.907921 -2.903794 1.500000
v 23.918709 -15.495357 0.000000
v 23.918709 -15.495357 1.500000
v 23.924191 3.878016 0.000000
v 23.924191 3.878016 1.500000
v 23.937271 -35.023724 0.000000
v 23.937271 -35.023724 1.500000
v 23.937359 28.426613 0.000000
v 23.937359 28.426613 1.500000
v 23.938894 -31.014843 0.000000
v 23.938894 -31.014843 1.500000
v 23.939438 -27.304819 0.000000
v 23.939438 -27.304819 1.500000
v 23.940165 3.387656 0.000000
v 23.940165 3.387656 1.500000
v 23.944078 -3.160884 0.000000
v 23.944078 -3.160884 1.500000
v 23.947304 -3.163050 0.000000
v 23.947304 -3.163050 1.500000
v 23.976562 34.662376 0.000000
v 23.976562 34.662376 1.500000
v 23.981203 -2.807888 0.000000
v 23.981203 -2.807888 1.500000
v 23.982521 -26.623575 0.000000
v 23.982521 -26.623575 1.500000
v 24.014093 3.924422 0.000000
v 24.014093 3.924422 1.500000
v 24.058857 -34.969894 0.000000
v 24.058857 -34.969894 1.500000
v 24.061022 -4.085297 0.000000
v 24.061022 -4.085297 1.500000
v 24.077354 -14.809781 0.000000
v 24.077354 -14.809781 1.500000
v 24.101549 29.283272 0.000000
v 24.101549 29.283272 1.500000
v 24.105045 -27.360197 0.000000
v 24.105045 -27.360197 1.500000
v 24.108047 28.528397 0.000000
v 24.108047 28.528397 1.500000
v 24.129276 30.000093 0.000000
v 24.129276 30.000093 1.500000
v 24.130964 3.984750 0.000000
v 24.130964 3.984750 1.500000
v 24.131250 -15.493500 0.000000
v 24.131250 -15.493500 1.500000
v 24.131250 4.752000 0.000000
v 24.131250 4.752000 1.500000
v 24.145563 -16.043879 0.000000
v 24.145563 -16.043879 1.500000
v 24.146011 27.701437 0.000000
v 24.146011 27.701437 1.500000
v 24.153524 -2.708578 0.000000
v 24.153524 -2.708578 1.500000
v 24.155535 34.531509 0.000000
v 24.155535 34.531509 1.500000
v 24.160315 28.577896 0.000000
v 24.160315 28.577896 1.500000
v 24.185101 -3.322687 0.000000
v 24.185101 -3.322687 1.500000
v 24.208593 -34.946999 0.000000
v 24.208593 -34.946999 1.500000
v 24.211687 -16.149376 0.000000
v 24.211687 -16.149376 1.500000
v 24.235819 16.297874 0.000000
v 24.235819 16.297874 1.500000
v 24.248178 -29.700001 0.000000
v 24.248178 -29.700001 1.500000
v 24.250378 18.038109 0.000000
v 24.250378 18.038109 1.500000
v 24.250805 28.663593 0.000000
v 24.250805 28.663593 1.500000
v 24.276346 -3.383944 0.000000
v 24.276346 -3.383944 1.500000
v 24.285938 -14.865469 0.000000
v 24.285938 -14.865469 1.500000
v 24.285938 3.270094 0.000000
v 24.285938 3.270094 1.500000
v 24.288103 27.752794 0.000000
v 24.288103 27.752794 1.500000
v 24.306047 -30.562538 0.000000
v 24.306047 -30.562538 1.500000
v 24.317959 4.081275 0.000000
v 24.317959 4.081275 1.500000
v 24.338337 4.091794 0.000000
v 24.338337 4.091794 1.500000
v 24.353071 29.011641 0.000000
v 24.353071 29.011641 1.500000
v 24.363281 -2.629688 0.000000
v 24.363281 -2.629688 1.500000
v 24.365143 28.771875 0.000000
v 24.365143 28.771875 1.500000
v 24.402338 -34.826344 0.000000
v 24.402338 -34.826344 1.500000
v 24.425156 19.799999 0.000000
v 24.425156 19.799999 1.500000
v 24.446352 -17.841965 0.000000
v 24.446352 -17.841965 1.500000
v 24.446812 28.849218 0.000000
v 24.446812 28.849218 1.500000
v 24.447418 4.148100 0.000000
v 24.447418 4.148100 1.500000
v 24.447432 -16.474838 0.000000
v 24.447432 -16.474838 1.500000
v 24.450525 18.375637 0.000000
v 24.450525 18.375637 1.500000
v 24.467358 -15.543309 0.000000
v 24.467358 -15.543309 1.500000
v 24.471071 19.892813 0.000000
v 24.471071 19.892813 1.500000
v 24.517969 33.492939 0.000000
v 24.517969 33.492939 1.500000
v 24.522118 -4.293197 0.000000
v 24.522118 -4.293197 1.500000
v 24.524157 -27.500343 0.000000
v 24.524157 -27.500343 1.500000
v 24.534985 -1.826550 0.000000
v 24.534985 -1.826550 1.500000
v 24.542816 -3.520688 0.000000
v 24.542816 -3.520688 1.500000
v 24.595312 2.425500 0.000000
v 24.595312 2.425500 1.500000
v 24.600510 -16.706249 0.000000
v 24.600510 -16.706249 1.500000
v 24.630339 5.005688 0.000000
v 24.630339 5.005688 1.500000
v 24.644110 -30.241405 0.000000
v 24.644110 -30.241405 1.500000
v 24.670181 -33.975872 0.000000
v 24.670181 -33.975872 1.500000
v 24.685032 -16.834023 0.000000
v 24.685032 -16.834023 1.500000
v 24.695568 -30.192526 0.000000
v 24.695568 -30.192526 1.500000
v 24.733913 34.108593 0.000000
v 24.733913 34.108593 1.500000
v 24.750000 15.663656 0.000000
v 24.750000 15.663656 1.500000
v 24.759281 -29.313282 0.000000
v 24.759281 -29.313282 1.500000
v 24.763182 -18.370996 0.000000
v 24.763182 -18.370996 1.500000
v 24.763922 -18.372234 0.000000
v 24.763922 -18.372234 1.500000
v 24.794931 34.063423 0.000000
v 24.794931 34.063423 1.500000
v 24.815588 3.061575 0.000000
v 24.815588 3.061575 1.500000
v 24.823803 -27.614813 0.000000
v 24.823803 -27.614813 1.500000
v 24.829201 20.616751 0.000000
v 24.829201 20.616751 1.500000
v 24.847767 -26.965124 0.000000
v 24.847767 -26.965124 1.500000
v 24.858591 19.128965 0.000000
v 24.858591 19.128965 1.500000
v 24.868181 -15.602710 0.000000
v 24.868181 -15.602710 1.500000
v 24.894426 16.362225 0.000000
v 24.894426 16.362225 1.500000
v 24.896757 -4.462116 0.000000
v 24.896757 -4.462116 1.500000
v 24.897169 -30.001022 0.000000
v 24.897169 -30.001022 1.500000
v 24.951094 5.168728 0.000000
v 24.951094 5.168728 1.500000
v 24.966896 5.177700 0.000000
v 24.966896 5.177700 1.500000
v 24.982031 4.424063 0.000000
v 24.982031 4.424063 1.500000
v 24.993160 -3.751791 0.000000
v 24.993160 -3.751791 1.500000
v 25.015879 2.972784 0.000000
v 25.015879 2.972784 1.500000
v 25.018229 -2.407556 0.000000
v 25.018229 -2.407556 1.500000
v 25.033226 29.283272 0.000000
v 25.033226 29.283272 1.500000
v 25.056282 -17.479687 0.000000
v 25.056282 -17.479687 1.500000
v 25.059376 -27.048656 0.000000
v 25.059376 -27.048656 1.500000
v 25.059376 -4.535438 0.000000
v 25.059376 -4.535438 1.500000
v 25.059376 28.010813 0.000000
v 25.059376 28.010813 1.500000
v 25.067162 5.234625 0.000000
v 25.067162 5.234625 1.500000
v 25.146303 15.715322 0.000000
v 25.146303 15.715322 1.500000
v 25.196737 21.355537 0.000000
v 25.196737 21.355537 1.500000
v 25.203484 19.799999 0.000000
v 25.203484 19.799999 1.500000
v 25.209112 -34.323917 0.000000
v 25.209112 -34.323917 1.500000
v 25.214062 -29.700001 0.000000
v 25.214062 -29.700001 1.500000
v 25.223989 21.409678 0.000000
v 25.223989 21.409678 1.500000
v 25.242216 -28.910475 0.000000
v 25.242216 -28.910475 1.500000
v 25.245310 -17.841965 0.000000
v 25.245310 -17.841965 1.500000
v 25.251188 19.892813 0.000000
v 25.251188 19.892813 1.500000
v 25.284544 28.081968 0.000000
v 25.284544 28.081968 1.500000
v 25.334169 5.386219 0.000000
v 25.334169 5.386219 1.500000
v 25.335449 -27.138685 0.000000
v 25.335449 -27.138685 1.500000
v 25.346476 -19.408640 0.000000
v 25.346476 -19.408640 1.500000
v 25.368750 -3.944531 0.000000
v 25.368750 -3.944531 1.500000
v 25.375769 29.011641 0.000000
v 25.375769 29.011641 1.500000
v 25.400898 21.761127 0.000000
v 25.400898 21.761127 1.500000
v 25.410826 -15.693047 0.000000
v 25.410826 -15.693047 1.500000
v 25.423510 33.598125 0.000000
v 25.423510 33.598125 1.500000
v 25.429697 -2.251013 0.000000
v 25.429697 -2.251013 1.500000
v 25.431194 -27.846844 0.000000
v 25.431194 -27.846844 1.500000
v 25.474197 -19.645313 0.000000
v 25.474197 -19.645313 1.500000
v 25.487942 -2.227500 0.000000
v 25.487942 -2.227500 1.500000
v 25.490673 -15.706968 0.000000
v 25.490673 -15.706968 1.500000
v 25.508507 21.974907 0.000000
v 25.508507 21.974907 1.500000
v 25.535503 -18.370996 0.000000
v 25.535503 -18.370996 1.500000
v 25.536209 -18.372234 0.000000
v 25.536209 -18.372234 1.500000
v 25.561623 33.492939 0.000000
v 25.561623 33.492939 1.500000
v 25.566441 -27.898510 0.000000
v 25.566441 -27.898510 1.500000
v 25.571390 2.726522 0.000000
v 25.571390 2.726522 1.500000
v 25.580591 28.849218 0.000000
v 25.580591 28.849218 1.500000
v 25.605112 -1.367747 0.000000
v 25.605112 -1.367747 1.500000
v 25.623844 -4.850072 0.000000
v 25.623844 -4.850072 1.500000
v 25.626404 2.699916 0.000000
v 25.626404 2.699916 1.500000
v 25.636047 22.228285 0.000000
v 25.636047 22.228285 1.500000
v 25.637596 -28.557787 0.000000
v 25.637596 -28.557787 1.500000
v 25.639454 -29.313282 0.000000
v 25.639454 -29.313282 1.500000
v 25.659563 22.275000 0.000000
v 25.659563 22.275000 1.500000
v 25.661798 -33.975872 0.000000
v 25.661798 -33.975872 1.500000
v 25.678125 28.771875 0.000000
v 25.678125 28.771875 1.500000
v 25.689386 22.348013 0.000000
v 25.689386 22.348013 1.500000
v 25.713358 -4.085297 0.000000
v 25.713358 -4.085297 1.500000
v 25.718843 4.752000 0.000000
v 25.718843 4.752000 1.500000
v 25.720514 5.605566 0.000000
v 25.720514 5.605566 1.500000
v 25.722748 22.429688 0.000000
v 25.722748 22.429688 1.500000
v 25.817654 22.662027 0.000000
v 25.817654 22.662027 1.500000
v 25.832813 -2.088281 0.000000
v 25.832813 -2.088281 1.500000
v 25.844906 -27.304819 0.000000
v 25.844906 -27.304819 1.500000
v 25.860874 -20.361826 0.000000
v 25.860874 -20.361826 1.500000
v 25.869629 1.876359 0.000000
v 25.869629 1.876359 1.500000
v 25.884787 -28.054434 0.000000
v 25.884787 -28.054434 1.500000
v 25.891594 -20.418751 0.000000
v 25.891594 -20.418751 1.500000
v 25.894997 -15.215681 0.000000
v 25.894997 -15.215681 1.500000
v 25.923769 5.720963 0.000000
v 25.923769 5.720963 1.500000
v 25.959274 5.743550 0.000000
v 25.959274 5.743550 1.500000
v 25.967964 -5.041884 0.000000
v 25.967964 -5.041884 1.500000
v 25.987499 -15.793593 0.000000
v 25.987499 -15.793593 1.500000
v 26.000191 28.308123 0.000000
v 26.000191 28.308123 1.500000
v 26.002968 -28.153126 0.000000
v 26.002968 -28.153126 1.500000
v 26.014725 -27.360197 0.000000
v 26.014725 -27.360197 1.500000
v 26.068556 23.374208 0.000000
v 26.068556 23.374208 1.500000
v 26.079075 -33.655048 0.000000
v 26.079075 -33.655048 1.500000
v 26.082541 -28.910475 0.000000
v 26.082541 -28.910475 1.500000
v 26.108156 -32.788181 0.000000
v 26.108156 -32.788181 1.500000
v 26.108717 -20.878481 0.000000
v 26.108717 -20.878481 1.500000
v 26.127758 -19.408640 0.000000
v 26.127758 -19.408640 1.500000
v 26.170818 5.878125 0.000000
v 26.170818 5.878125 1.500000
v 26.177765 21.409678 0.000000
v 26.177765 21.409678 1.500000
v 26.193804 2.425500 0.000000
v 26.193804 2.425500 1.500000
v 26.222315 -4.293197 0.000000
v 26.222315 -4.293197 1.500000
v 26.253563 22.429688 0.000000
v 26.253563 22.429688 1.500000
v 26.262707 23.976562 0.000000
v 26.262707 23.976562 1.500000
v 26.262844 -19.645313 0.000000
v 26.262844 -19.645313 1.500000
v 26.288832 5.005688 0.000000
v 26.288832 5.005688 1.500000
v 26.296875 32.932968 0.000000
v 26.296875 32.932968 1.500000
v 26.328968 22.442062 0.000000
v 26.328968 22.442062 1.500000
v 26.354769 -21.399469 0.000000
v 26.354769 -21.399469 1.500000
v 26.355793 22.662027 0.000000
v 26.355793 22.662027 1.500000
v 26.375147 28.426613 0.000000
v 26.375147 28.426613 1.500000
v 26.376219 -1.826550 0.000000
v 26.376219 -1.826550 1.500000
v 26.396702 -21.488260 0.000000
v 26.396702 -21.488260 1.500000
v 26.398659 1.634737 0.000000
v 26.398659 1.634737 1.500000
v 26.420626 16.511343 0.000000
v 26.420626 16.511343 1.500000
v 26.438198 -21.576122 0.000000
v 26.438198 -21.576122 1.500000
v 26.470497 -28.557787 0.000000
v 26.470497 -28.557787 1.500000
v 26.496910 -5.336719 0.000000
v 26.496910 -5.336719 1.500000
v 26.500881 -21.708843 0.000000
v 26.500881 -21.708843 1.500000
v 26.503111 -27.500343 0.000000
v 26.503111 -27.500343 1.500000
v 26.549097 -21.810938 0.000000
v 26.549097 -21.810938 1.500000
v 26.622089 25.091551 0.000000
v 26.622089 25.091551 1.500000
v 26.638426 21.761127 0.000000
v 26.638426 21.761127 1.500000
v 26.641439 -22.006462 0.000000
v 26.641439 -22.006462 1.500000
v 26.650352 -22.025335 0.000000
v 26.650352 -22.025335 1.500000
v 26.669151 23.374208 0.000000
v 26.669151 23.374208 1.500000
v 26.683594 29.087437 0.000000
v 26.683594 29.087437 1.500000
v 26.695210 -22.120312 0.000000
v 26.695210 -22.120312 1.500000
v 26.703604 28.528397 0.000000
v 26.703604 28.528397 1.500000
v 26.711437 25.368750 0.000000
v 26.711437 25.368750 1.500000
v 26.720718 32.545322 0.000000
v 26.720718 32.545322 1.500000
v 26.725359 -20.361826 0.000000
v 26.725359 -20.361826 1.500000
v 26.735380 25.448568 0.000000
v 26.735380 25.448568 1.500000
v 26.750109 31.593994 0.000000
v 26.750109 31.593994 1.500000
v 26.760937 1.457156 0.000000
v 26.760937 1.457156 1.500000
v 26.773523 -20.418751 0.000000
v 26.773523 -20.418751 1.500000
v 26.778639 -22.296967 0.000000
v 26.778639 -22.296967 1.500000
v 26.781040 25.600780 0.000000
v 26.781040 25.600780 1.500000
v 26.782644 5.168728 0.000000
v 26.782644 5.168728 1.500000
v 26.786083 -5.497903 0.000000
v 26.786083 -5.497903 1.500000
v 26.809818 5.177700 0.000000
v 26.809818 5.177700 1.500000
v 26.832211 6.298875 0.000000
v 26.832211 6.298875 1.500000
v 26.863340 28.577896 0.000000
v 26.863340 28.577896 1.500000
v 26.902012 -27.614813 0.000000
v 26.902012 -27.614813 1.500000
v 26.902632 -4.462116 0.000000
v 26.902632 -4.462116 1.500000
v 26.915625 -28.153126 0.000000
v 26.915625 -28.153126 1.500000
v 26.920265 -1.564509 0.000000
v 26.920265 -1.564509 1.500000
v 26.934187 23.976562 0.000000
v 26.934187 23.976562 1.500000
v 26.951052 -22.662027 0.000000
v 26.951052 -22.662027 1.500000
v 26.998537 -22.762575 0.000000
v 26.998537 -22.762575 1.500000
v 27.026691 26.419697 0.000000
v 27.026691 26.419697 1.500000
v 27.070312 -32.840157 0.000000
v 27.070312 -32.840157 1.500000
v 27.073261 -15.932813 0.000000
v 27.073261 -15.932813 1.500000
v 27.098776 29.209641 0.000000
v 27.098776 29.209641 1.500000
v 27.122940 26.760937 0.000000
v 27.122940 26.760937 1.500000
v 27.126631 -32.788181 0.000000
v 27.126631 -32.788181 1.500000
v 27.147655 5.234625 0.000000
v 27.147655 5.234625 1.500000
v 27.147655 28.663593 0.000000
v 27.147655 28.663593 1.500000
v 27.152447 16.594875 0.000000
v 27.152447 16.594875 1.500000
v 27.162506 -20.878481 0.000000
v 27.162506 -20.878481 1.500000
v 27.206129 15.983859 0.000000
v 27.206129 15.983859 1.500000
v 27.225000 21.974907 0.000000
v 27.225000 21.974907 1.500000
v 27.268961 -5.767059 0.000000
v 27.268961 -5.767059 1.500000
v 27.281567 6.584737 0.000000
v 27.281567 6.584737 1.500000
v 27.285948 27.338850 0.000000
v 27.285948 27.338850 1.500000
v 27.291565 -1.367747 0.000000
v 27.291565 -1.367747 1.500000
v 27.329245 1.876359 0.000000
v 27.329245 1.876359 1.500000
v 27.333900 -5.803256 0.000000
v 27.333900 -5.803256 1.500000
v 27.358030 1.862437 0.000000
v 27.358030 1.862437 1.500000
v 27.367931 -15.400068 0.000000
v 27.367931 -15.400068 1.500000
v 27.379688 -15.972103 0.000000
v 27.379688 -15.972103 1.500000
v 27.379688 -0.501188 0.000000
v 27.379688 -0.501188 1.500000
v 27.408772 -23.744532 0.000000
v 27.408772 -23.744532 1.500000
v 27.419287 28.626469 0.000000
v 27.419287 28.626469 1.500000
v 27.424547 1.112203 0.000000
v 27.424547 1.112203 1.500000
v 27.448988 25.091551 0.000000
v 27.448988 25.091551 1.500000
v 27.484875 29.309259 0.000000
v 27.484875 29.309259 1.500000
v 27.500343 28.527159 0.000000
v 27.500343 28.527159 1.500000
v 27.525093 -24.022968 0.000000
v 27.525093 -24.022968 1.500000
v 27.528187 28.385157 0.000000
v 27.528187 28.385157 1.500000
v 27.532827 31.767862 0.000000
v 27.532827 31.767862 1.500000
v 27.534374 -22.120312 0.000000
v 27.534374 -22.120312 1.500000
v 27.585423 -22.296967 0.000000
v 27.585423 -22.296967 1.500000
v 27.586969 -1.211203 0.000000
v 27.586969 -1.211203 1.500000
v 27.590950 25.368750 0.000000
v 27.590950 25.368750 1.500000
v 27.631828 25.448568 0.000000
v 27.631828 25.448568 1.500000
v 27.667406 22.661718 0.000000
v 27.667406 22.661718 1.500000
v 27.693703 -22.025335 0.000000
v 27.693703 -22.025335 1.500000
v 27.710508 31.593994 0.000000
v 27.710508 31.593994 1.500000
v 27.724022 -22.662027 0.000000
v 27.724022 -22.662027 1.500000
v 27.729280 25.600780 0.000000
v 27.729280 25.600780 1.500000
v 27.741623 6.877406 0.000000
v 27.741623 6.877406 1.500000
v 27.766178 -22.762575 0.000000
v 27.766178 -22.762575 1.500000
v 27.780880 1.634737 0.000000
v 27.780880 1.634737 1.500000
v 27.803532 0.921319 0.000000
v 27.803532 0.921319 1.500000
v 27.843750 5.878125 0.000000
v 27.843750 5.878125 1.500000
v 27.843750 6.942375 0.000000
v 27.843750 6.942375 1.500000
v 27.843750 26.760937 0.000000
v 27.843750 26.760937 1.500000
v 27.866026 -22.006462 0.000000
v 27.866026 -22.006462 1.500000
v 27.921093 -28.462500 0.000000
v 27.921093 -28.462500 1.500000
v 27.942751 -25.136719 0.000000
v 27.942751 -25.136719 1.500000
v 27.945257 27.338850 0.000000
v 27.945257 27.338850 1.500000
v 27.960073 5.743550 0.000000
v 27.960073 5.743550 1.500000
v 27.968784 -25.214062 0.000000
v 27.968784 -25.214062 1.500000
v 27.998438 29.403309 0.000000
v 27.998438 29.403309 1.500000
v 28.011776 5.720963 0.000000
v 28.011776 5.720963 1.500000
v 28.047937 -21.399469 0.000000
v 28.047937 -21.399469 1.500000
v 28.050112 25.368750 0.000000
v 28.050112 25.368750 1.500000
v 28.075781 -27.846844 0.000000
v 28.075781 -27.846844 1.500000
v 28.075781 -22.012032 0.000000
v 28.075781 -22.012032 1.500000
v 28.075781 28.081968 0.000000
v 28.075781 28.081968 1.500000
v 28.103006 30.342882 0.000000
v 28.103006 30.342882 1.500000
v 28.103580 28.385157 0.000000
v 28.103580 28.385157 1.500000
v 28.110657 1.457156 0.000000
v 28.110657 1.457156 1.500000
v 28.113216 29.313282 0.000000
v 28.113216 29.313282 1.500000
v 28.116602 28.527159 0.000000
v 28.116602 28.527159 1.500000
v 28.120022 5.077463 0.000000
v 28.120022 5.077463 1.500000
v 28.122187 -16.029337 0.000000
v 28.122187 -16.029337 1.500000
v 28.124971 25.314610 0.000000
v 28.124971 25.314610 1.500000
v 28.125708 28.626469 0.000000
v 28.125708 28.626469 1.500000
v 28.126600 26.419697 0.000000
v 28.126600 26.419697 1.500000
v 28.129110 28.663593 0.000000
v 28.129110 28.663593 1.500000
v 28.134933 22.748344 0.000000
v 28.134933 22.748344 1.500000
v 28.138893 6.298875 0.000000
v 28.138893 6.298875 1.500000
v 28.139040 28.771875 0.000000
v 28.139040 28.771875 1.500000
v 28.146938 -5.336719 0.000000
v 28.146938 -5.336719 1.500000
v 28.153126 0.748688 0.000000
v 28.153126 0.748688 1.500000
v 28.156641 22.752365 0.000000
v 28.156641 22.752365 1.500000
v 28.164881 29.053715 0.000000
v 28.164881 29.053715 1.500000
v 28.177876 -23.744532 0.000000
v 28.177876 -23.744532 1.500000
v 28.182421 16.712437 0.000000
v 28.182421 16.712437 1.500000
v 28.197985 1.410131 0.000000
v 28.197985 1.410131 1.500000
v 28.229118 -25.987499 0.000000
v 28.229118 -25.987499 1.500000
v 28.230469 -0.850781 0.000000
v 28.230469 -0.850781 1.500000
v 28.251816 22.770000 0.000000
v 28.251816 22.770000 1.500000
v 28.265429 -5.497903 0.000000
v 28.265429 -5.497903 1.500000
v 28.275948 5.605566 0.000000
v 28.275948 5.605566 1.500000
v 28.300388 -24.022968 0.000000
v 28.300388 -24.022968 1.500000
v 28.306885 22.228285 0.000000
v 28.306885 22.228285 1.500000
v 28.346485 -27.834160 0.000000
v 28.346485 -27.834160 1.500000
v 28.385157 -4.346719 0.000000
v 28.385157 -4.346719 1.500000
v 28.400978 -6.478312 0.000000
v 28.400978 -6.478312 1.500000
v 28.458788 6.584737 0.000000
v 28.458788 6.584737 1.500000
v 28.491272 24.962231 0.000000
v 28.491272 24.962231 1.500000
v 28.521282 -6.554419 0.000000
v 28.521282 -6.554419 1.500000
v 28.528088 -26.875715 0.000000
v 28.528088 -26.875715 1.500000
v 28.532133 22.275000 0.000000
v 28.532133 22.275000 1.500000
v 28.567688 -27.800438 0.000000
v 28.567688 -27.800438 1.500000
v 28.577278 -21.488260 0.000000
v 28.577278 -21.488260 1.500000
v 28.583157 -5.767059 0.000000
v 28.583157 -5.767059 1.500000
v 28.590271 16.111013 0.000000
v 28.590271 16.111013 1.500000
v 28.605288 -16.047281 0.000000
v 28.605288 -16.047281 1.500000
v 28.636059 -5.803256 0.000000
v 28.636059 -5.803256 1.500000
v 28.648207 24.798573 0.000000
v 28.648207 24.798573 1.500000
v 28.667616 -5.041884 0.000000
v 28.667616 -5.041884 1.500000
v 28.706287 -27.440325 0.000000
v 28.706287 -27.440325 1.500000
v 28.722376 -28.682775 0.000000
v 28.722376 -28.682775 1.500000
v 28.723959 -0.501188 0.000000
v 28.723959 -0.501188 1.500000
v 28.730728 -22.083187 0.000000
v 28.730728 -22.083187 1.500000
v 28.767235 7.628878 0.000000
v 28.767235 7.628878 1.500000
v 28.771875 -27.689062 0.000000
v 28.771875 -27.689062 1.500000
v 28.771875 -16.053469 0.000000
v 28.771875 -16.053469 1.500000
v 28.784140 16.781118 0.000000
v 28.784140 16.781118 1.500000
v 28.790438 -25.136719 0.000000
v 28.790438 -25.136719 1.500000
v 28.799101 22.893749 0.000000
v 28.799101 22.893749 1.500000
v 28.805391 25.600780 0.000000
v 28.805391 25.600780 1.500000
v 28.824469 -25.214062 0.000000
v 28.824469 -25.214062 1.500000
v 28.849218 6.877406 0.000000
v 28.849218 6.877406 1.500000
v 28.875826 4.921847 0.000000
v 28.875826 4.921847 1.500000
v 28.884178 22.348013 0.000000
v 28.884178 22.348013 1.500000
v 28.900885 0.980719 0.000000
v 28.900885 0.980719 1.500000
v 28.917282 24.517969 0.000000
v 28.917282 24.517969 1.500000
v 28.926563 0.371250 0.000000
v 28.926563 0.371250 1.500000
v 28.937386 6.942375 0.000000
v 28.937386 6.942375 1.500000
v 28.989048 30.342882 0.000000
v 28.989048 30.342882 1.500000
v 28.997719 25.368750 0.000000
v 28.997719 25.368750 1.500000
v 29.036699 -28.751146 0.000000
v 29.036699 -28.751146 1.500000
v 29.043194 25.314610 0.000000
v 29.043194 25.314610 1.500000
v 29.081249 -25.987499 0.000000
v 29.081249 -25.987499 1.500000
v 29.093624 -30.031031 0.000000
v 29.093624 -30.031031 1.500000
v 29.101978 -4.182441 0.000000
v 29.101978 -4.182441 1.500000
v 29.103392 -16.095543 0.000000
v 29.103392 -16.095543 1.500000
v 29.110035 24.272943 0.000000
v 29.110035 24.272943 1.500000
v 29.142197 -22.135471 0.000000
v 29.142197 -22.135471 1.500000
v 29.228630 -26.875715 0.000000
v 29.228630 -26.875715 1.500000
v 29.233772 -4.850072 0.000000
v 29.233772 -4.850072 1.500000
v 29.235937 -28.778063 0.000000
v 29.235937 -28.778063 1.500000
v 29.238413 -0.136744 0.000000
v 29.238413 -0.136744 1.500000
v 29.313282 -27.385876 0.000000
v 29.313282 -27.385876 1.500000
v 29.313282 5.386219 0.000000
v 29.313282 5.386219 1.500000
v 29.320385 -27.440325 0.000000
v 29.320385 -27.440325 1.500000
v 29.323988 22.429688 0.000000
v 29.323988 22.429688 1.500000
v 29.339169 24.962231 0.000000
v 29.339169 24.962231 1.500000
v 29.352835 -27.689062 0.000000
v 29.352835 -27.689062 1.500000
v 29.367365 -27.800438 0.000000
v 29.367365 -27.800438 1.500000
v 29.368660 -21.576122 0.000000
v 29.368660 -21.576122 1.500000
v 29.371763 -27.834160 0.000000
v 29.371763 -27.834160 1.500000
v 29.373419 -27.846844 0.000000
v 29.373419 -27.846844 1.500000
v 29.380157 -27.898510 0.000000
v 29.380157 -27.898510 1.500000
v 29.390007 -27.973997 0.000000
v 29.390007 -27.973997 1.500000
v 29.390625 22.442062 0.000000
v 29.390625 22.442062 1.500000
v 29.392282 -28.054434 0.000000
v 29.392282 -28.054434 1.500000
v 29.395073 -28.153126 0.000000
v 29.395073 -28.153126 1.500000
v 29.399906 29.084343 0.000000
v 29.399906 29.084343 1.500000
v 29.402382 -28.411453 0.000000
v 29.402382 -28.411453 1.500000
v 29.429228 16.854750 0.000000
v 29.429228 16.854750 1.500000
v 29.456831 -30.637716 0.000000
v 29.456831 -30.637716 1.500000
v 29.459284 -16.140713 0.000000
v 29.459284 -16.140713 1.500000
v 29.476631 24.798573 0.000000
v 29.476631 24.798573 1.500000
v 29.483437 16.860937 0.000000
v 29.483437 16.860937 1.500000
v 29.522728 0.169228 0.000000
v 29.522728 0.169228 1.500000
v 29.535465 16.944469 0.000000
v 29.535465 16.944469 1.500000
v 29.536032 23.125782 0.000000
v 29.536032 23.125782 1.500000
v 29.545313 -22.191469 0.000000
v 29.545313 -22.191469 1.500000
v 29.545313 -7.264125 0.000000
v 29.545313 -7.264125 1.500000
v 29.595720 0.371250 0.000000
v 29.595720 0.371250 1.500000
v 29.601309 0.386719 0.000000
v 29.601309 0.386719 1.500000
v 29.618580 23.203125 0.000000
v 29.618580 23.203125 1.500000
v 29.622656 -6.478312 0.000000
v 29.622656 -6.478312 1.500000
v 29.647406 23.589844 0.000000
v 29.647406 23.589844 1.500000
v 29.678905 -25.214062 0.000000
v 29.678905 -25.214062 1.500000
v 29.683912 23.543438 0.000000
v 29.683912 23.543438 1.500000
v 29.695774 23.439487 0.000000
v 29.695774 23.439487 1.500000
v 29.700001 4.736531 0.000000
v 29.700001 4.736531 1.500000
v 29.709789 23.316666 0.000000
v 29.709789 23.316666 1.500000
v 29.712685 23.291296 0.000000
v 29.712685 23.291296 1.500000
v 29.717596 24.517969 0.000000
v 29.717596 24.517969 1.500000
v 29.738136 -6.554419 0.000000
v 29.738136 -6.554419 1.500000
v 29.796835 8.458003 0.000000
v 29.796835 8.458003 1.500000
v 29.804855 17.376974 0.000000
v 29.804855 17.376974 1.500000
v 29.822823 7.594847 0.000000
v 29.822823 7.594847 1.500000
v 29.854687 16.192688 0.000000
v 29.854687 16.192688 1.500000
v 29.854687 29.495813 0.000000
v 29.854687 29.495813 1.500000
v 29.865866 7.628878 0.000000
v 29.865866 7.628878 1.500000
v 29.867062 -23.976562 0.000000
v 29.867062 -23.976562 1.500000
v 29.925844 -4.659187 0.000000
v 29.925844 -4.659187 1.500000
v 29.928009 24.272943 0.000000
v 29.928009 24.272943 1.500000
v 29.941931 -16.201969 0.000000
v 29.941931 -16.201969 1.500000
v 29.968227 -3.951338 0.000000
v 29.968227 -3.951338 1.500000
v 30.009684 5.274225 0.000000
v 30.009684 5.274225 1.500000
v 30.059855 -30.031031 0.000000
v 30.059855 -30.031031 1.500000
v 30.063454 17.792156 0.000000
v 30.063454 17.792156 1.500000
v 30.157875 17.943750 0.000000
v 30.157875 17.943750 1.500000
v 30.199837 5.234625 0.000000
v 30.199837 5.234625 1.500000
v 30.211866 -16.314890 0.000000
v 30.211866 -16.314890 1.500000
v 30.250275 29.084343 0.000000
v 30.250275 29.084343 1.500000
v 30.254400 -23.479706 0.000000
v 30.254400 -23.479706 1.500000
v 30.265537 -22.345228 0.000000
v 30.265537 -22.345228 1.500000
v 30.272345 -6.906487 0.000000
v 30.272345 -6.906487 1.500000
v 30.323700 7.990847 0.000000
v 30.323700 7.990847 1.500000
v 30.336693 22.608196 0.000000
v 30.336693 22.608196 1.500000
v 30.360516 -16.377075 0.000000
v 30.360516 -16.377075 1.500000
v 30.369650 -4.535438 0.000000
v 30.369650 -4.535438 1.500000
v 30.396093 -24.285938 0.000000
v 30.396093 -24.285938 1.500000
v 30.430416 -3.808406 0.000000
v 30.430416 -3.808406 1.500000
v 30.439133 18.407812 0.000000
v 30.439133 18.407812 1.500000
v 30.491072 18.493509 0.000000
v 30.491072 18.493509 1.500000
v 30.531290 -28.519115 0.000000
v 30.531290 -28.519115 1.500000
v 30.534695 -22.440207 0.000000
v 30.534695 -22.440207 1.500000
v 30.539024 -23.041632 0.000000
v 30.539024 -23.041632 1.500000
v 30.544594 23.589844 0.000000
v 30.544594 23.589844 1.500000
v 30.621937 23.543438 0.000000
v 30.621937 23.543438 1.500000
v 30.631701 22.661718 0.000000
v 30.631701 22.661718 1.500000
v 30.632605 -4.462116 0.000000
v 30.632605 -4.462116 1.500000
v 30.634722 -23.976562 0.000000
v 30.634722 -23.976562 1.500000
v 30.635363 -16.593637 0.000000
v 30.635363 -16.593637 1.500000
v 30.668344 -16.619625 0.000000
v 30.668344 -16.619625 1.500000
v 30.678135 -22.581282 0.000000
v 30.678135 -22.581282 1.500000
v 30.680099 -29.407022 0.000000
v 30.680099 -29.407022 1.500000
v 30.693094 -22.531782 0.000000
v 30.693094 -22.531782 1.500000
v 30.751875 8.346937 0.000000
v 30.751875 8.346937 1.500000
v 30.766417 22.686159 0.000000
v 30.766417 22.686159 1.500000
v 30.768053 -7.264125 0.000000
v 30.768053 -7.264125 1.500000
v 30.795187 23.439487 0.000000
v 30.795187 23.439487 1.500000
v 30.807253 17.376974 0.000000
v 30.807253 17.376974 1.500000
v 30.819319 5.105616 0.000000
v 30.819319 5.105616 1.500000
v 30.876120 8.458003 0.000000
v 30.876120 8.458003 1.500000
v 30.899446 19.191151 0.000000
v 30.899446 19.191151 1.500000
v 30.924805 5.077463 0.000000
v 30.924805 5.077463 1.500000
v 30.947399 17.792156 0.000000
v 30.947399 17.792156 1.500000
v 30.955444 -7.399322 0.000000
v 30.955444 -7.399322 1.500000
v 30.989393 19.350477 0.000000
v 30.989393 19.350477 1.500000
v 30.996281 16.944469 0.000000
v 30.996281 16.944469 1.500000
v 31.017960 -23.479706 0.000000
v 31.017960 -23.479706 1.500000
v 31.023426 17.943750 0.000000
v 31.023426 17.943750 1.500000
v 31.046452 -4.346719 0.000000
v 31.046452 -4.346719 1.500000
v 31.092188 22.748344 0.000000
v 31.092188 22.748344 1.500000
v 31.181164 19.690172 0.000000
v 31.181164 19.690172 1.500000
v 31.185928 23.316666 0.000000
v 31.185928 23.316666 1.500000
v 31.195518 28.101151 0.000000
v 31.195518 28.101151 1.500000
v 31.239386 16.860937 0.000000
v 31.239386 16.860937 1.500000
v 31.250662 -17.479687 0.000000
v 31.250662 -17.479687 1.500000
v 31.256157 18.407812 0.000000
v 31.256157 18.407812 1.500000
v 31.257393 16.854750 0.000000
v 31.257393 16.854750 1.500000
v 31.286829 19.877344 0.000000
v 31.286829 19.877344 1.500000
v 31.304447 18.493509 0.000000
v 31.304447 18.493509 1.500000
v 31.308750 -21.708843 0.000000
v 31.308750 -21.708843 1.500000
v 31.308750 -16.201969 0.000000
v 31.308750 -16.201969 1.500000
v 31.336903 -16.314890 0.000000
v 31.336903 -16.314890 1.500000
v 31.355858 -23.041632 0.000000
v 31.355858 -23.041632 1.500000
v 31.368790 -16.377075 0.000000
v 31.368790 -16.377075 1.500000
v 31.368797 -3.518213 0.000000
v 31.368797 -3.518213 1.500000
v 31.393518 -17.690681 0.000000
v 31.393518 -17.690681 1.500000
v 31.406919 23.291296 0.000000
v 31.406919 23.291296 1.500000
v 31.479834 -16.593637 0.000000
v 31.479834 -16.593637 1.500000
v 31.481380 -4.225444 0.000000
v 31.481380 -4.225444 1.500000
v 31.495596 -16.619625 0.000000
v 31.495596 -16.619625 1.500000
v 31.506323 -28.519115 0.000000
v 31.506323 -28.519115 1.500000
v 31.507870 4.921847 0.000000
v 31.507870 4.921847 1.500000
v 31.529335 -8.843484 0.000000
v 31.529335 -8.843484 1.500000
v 31.530571 9.043032 0.000000
v 31.530571 9.043032 1.500000
v 31.556250 -15.394500 0.000000
v 31.556250 -15.394500 1.500000
v 31.616077 -4.182441 0.000000
v 31.616077 -4.182441 1.500000
v 31.619053 4.222660 0.000000
v 31.619053 4.222660 1.500000
v 31.653372 10.113469 0.000000
v 31.653372 10.113469 1.500000
v 31.662918 -3.427256 0.000000
v 31.662918 -3.427256 1.500000
v 31.665150 22.752365 0.000000
v 31.665150 22.752365 1.500000
v 31.668552 16.781118 0.000000
v 31.668552 16.781118 1.500000
v 31.670719 10.128938 0.000000
v 31.670719 10.128938 1.500000
v 31.691957 10.150594 0.000000
v 31.691957 10.150594 1.500000
v 31.697571 19.191151 0.000000
v 31.697571 19.191151 1.500000
v 31.710938 -22.581282 0.000000
v 31.710938 -22.581282 1.500000
v 31.710938 -3.412406 0.000000
v 31.710938 -3.412406 1.500000
v 31.720219 -28.289249 0.000000
v 31.720219 -28.289249 1.500000
v 31.735687 20.672438 0.000000
v 31.735687 20.672438 1.500000
v 31.770432 4.176562 0.000000
v 31.770432 4.176562 1.500000
v 31.771883 -3.390750 0.000000
v 31.771883 -3.390750 1.500000
v 31.787354 19.350477 0.000000
v 31.787354 19.350477 1.500000
v 31.797848 10.258566 0.000000
v 31.797848 10.258566 1.500000
v 31.826309 4.159547 0.000000
v 31.826309 4.159547 1.500000
v 31.845840 20.882812 0.000000
v 31.845840 20.882812 1.500000
v 31.860653 10.322606 0.000000
v 31.860653 10.322606 1.500000
v 31.881094 9.366947 0.000000
v 31.881094 9.366947 1.500000
v 31.882021 -16.140713 0.000000
v 31.882021 -16.140713 1.500000
v 31.902750 -18.546722 0.000000
v 31.902750 -18.546722 1.500000
v 31.919516 10.382625 0.000000
v 31.919516 10.382625 1.500000
v 31.945444 22.691109 0.000000
v 31.945444 22.691109 1.500000
v 31.951323 -26.901394 0.000000
v 31.951323 -26.901394 1.500000
v 31.994326 26.233454 0.000000
v 31.994326 26.233454 1.500000
v 31.994635 19.690172 0.000000
v 31.994635 19.690172 1.500000
v 32.017220 -17.479687 0.000000
v 32.017220 -17.479687 1.500000
v 32.033783 -9.281250 0.000000
v 32.033783 -9.281250 1.500000
v 32.080929 10.547213 0.000000
v 32.080929 10.547213 1.500000
v 32.097656 -8.334562 0.000000
v 32.097656 -8.334562 1.500000
v 32.125500 19.877344 0.000000
v 32.125500 19.877344 1.500000
v 32.144062 9.618468 0.000000
v 32.144062 9.618468 1.500000
v 32.145599 -17.690681 0.000000
v 32.145599 -17.690681 1.500000
v 32.174999 22.593657 0.000000
v 32.174999 22.593657 1.500000
v 32.174999 23.203125 0.000000
v 32.174999 23.203125 1.500000
v 32.181965 10.650234 0.000000
v 32.181965 10.650234 1.500000
v 32.184898 -4.000837 0.000000
v 32.184898 -4.000837 1.500000
v 32.185211 21.530952 0.000000
v 32.185211 21.530952 1.500000
v 32.202217 4.736531 0.000000
v 32.202217 4.736531 1.500000
v 32.275547 16.244352 0.000000
v 32.275547 16.244352 1.500000
v 32.280575 10.750781 0.000000
v 32.280575 10.750781 1.500000
v 32.321621 -3.951338 0.000000
v 32.321621 -3.951338 1.500000
v 32.324429 -17.984587 0.000000
v 32.324429 -17.984587 1.500000
v 32.345085 -19.335938 0.000000
v 32.345085 -19.335938 1.500000
v 32.376095 4.690125 0.000000
v 32.376095 4.690125 1.500000
v 32.390285 -9.590625 0.000000
v 32.390285 -9.590625 1.500000
v 32.392799 22.070503 0.000000
v 32.392799 22.070503 1.500000
v 32.416313 20.882812 0.000000
v 32.416313 20.882812 1.500000
v 32.431782 -19.490625 0.000000
v 32.431782 -19.490625 1.500000
v 32.447868 19.700071 0.000000
v 32.447868 19.700071 1.500000
v 32.450344 -16.095543 0.000000
v 32.450344 -16.095543 1.500000
v 32.486542 -9.674156 0.000000
v 32.486542 -9.674156 1.500000
v 32.489017 10.963322 0.000000
v 32.489017 10.963322 1.500000
v 32.517170 -3.125925 0.000000
v 32.517170 -3.125925 1.500000
v 32.541821 20.672438 0.000000
v 32.541821 20.672438 1.500000
v 32.558315 26.565104 0.000000
v 32.558315 26.565104 1.500000
v 32.574093 -18.444319 0.000000
v 32.574093 -18.444319 1.500000
v 32.592346 3.926278 0.000000
v 32.592346 3.926278 1.500000
v 32.613270 -18.546722 0.000000
v 32.613270 -18.546722 1.500000
v 32.638176 -8.843484 0.000000
v 32.638176 -8.843484 1.500000
v 32.639061 10.113469 0.000000
v 32.639061 10.113469 1.500000
v 32.655769 23.178993 0.000000
v 32.655769 23.178993 1.500000
v 32.683613 -19.954687 0.000000
v 32.683613 -19.954687 1.500000
v 32.685471 19.381105 0.000000
v 32.685471 19.381105 1.500000
v 32.716408 -3.808406 0.000000
v 32.716408 -3.808406 1.500000
v 32.716408 16.712437 0.000000
v 32.716408 16.712437 1.500000
v 32.760139 11.255681 0.000000
v 32.760139 11.255681 1.500000
v 32.768158 3.867188 0.000000
v 32.768158 3.867188 1.500000
v 32.784470 -19.335938 0.000000
v 32.784470 -19.335938 1.500000
v 32.795769 21.530952 0.000000
v 32.795769 21.530952 1.500000
v 32.796844 -19.026562 0.000000
v 32.796844 -19.026562 1.500000
v 32.817799 26.233454 0.000000
v 32.817799 26.233454 1.500000
v 32.858047 -26.901394 0.000000
v 32.858047 -26.901394 1.500000
v 32.881744 10.054688 0.000000
v 32.881744 10.054688 1.500000
v 32.914406 21.733593 0.000000
v 32.914406 21.733593 1.500000
v 32.939156 18.949219 0.000000
v 32.939156 18.949219 1.500000
v 32.970341 23.125782 0.000000
v 32.970341 23.125782 1.500000
v 32.973919 18.881157 0.000000
v 32.973919 18.881157 1.500000
v 32.977112 3.796959 0.000000
v 32.977112 3.796959 1.500000
v 33.016174 19.877344 0.000000
v 33.016174 19.877344 1.500000
v 33.019882 -2.939063 0.000000
v 33.019882 -2.939063 1.500000
v 33.025780 -22.584375 0.000000
v 33.025780 -22.584375 1.500000
v 33.041012 -16.053469 0.000000
v 33.041012 -16.053469 1.500000
v 33.048985 23.112478 0.000000
v 33.048985 23.112478 1.500000
v 33.055763 -22.581282 0.000000
v 33.055763 -22.581282 1.500000
v 33.081470 -19.026562 0.000000
v 33.081470 -19.026562 1.500000
v 33.085423 22.070503 0.000000
v 33.085423 22.070503 1.500000
v 33.103127 -9.281250 0.000000
v 33.103127 -9.281250 1.500000
v 33.121937 19.700071 0.000000
v 33.121937 19.700071 1.500000
v 33.127876 -16.047281 0.000000
v 33.127876 -16.047281 1.500000
v 33.148609 11.674575 0.000000
v 33.148609 11.674575 1.500000
v 33.179852 24.765160 0.000000
v 33.179852 24.765160 1.500000
v 33.203548 3.720853 0.000000
v 33.203548 3.720853 1.500000
v 33.255646 -18.796698 0.000000
v 33.255646 -18.796698 1.500000
v 33.257812 -10.395000 0.000000
v 33.257812 -10.395000 1.500000
v 33.265549 22.425356 0.000000
v 33.265549 22.425356 1.500000
v 33.312229 19.381105 0.000000
v 33.312229 19.381105 1.500000
v 33.329979 22.593657 0.000000
v 33.329979 22.593657 1.500000
v 33.339489 -2.820262 0.000000
v 33.339489 -2.820262 1.500000
v 33.340416 -15.321487 0.000000
v 33.340416 -15.321487 1.500000
v 33.365784 16.228884 0.000000
v 33.365784 16.228884 1.500000
v 33.367287 22.691109 0.000000
v 33.367287 22.691109 1.500000
v 33.373211 22.706577 0.000000
v 33.373211 22.706577 1.500000
v 33.373829 11.917435 0.000000
v 33.373829 11.917435 1.500000
v 33.382820 22.752365 0.000000
v 33.382820 22.752365 1.500000
v 33.386524 22.770000 0.000000
v 33.386524 22.770000 1.500000
v 33.394245 16.727596 0.000000
v 33.394245 16.727596 1.500000
v 33.406311 10.750781 0.000000
v 33.406311 10.750781 1.500000
v 33.412498 3.650625 0.000000
v 33.412498 3.650625 1.500000
v 33.412498 22.893749 0.000000
v 33.412498 22.893749 1.500000
v 33.438797 17.970976 0.000000
v 33.438797 17.970976 1.500000
v 33.458015 17.931993 0.000000
v 33.458015 17.931993 1.500000
v 33.462002 -19.954687 0.000000
v 33.462002 -19.954687 1.500000
v 33.463547 10.650234 0.000000
v 33.463547 10.650234 1.500000
v 33.509335 -18.399460 0.000000
v 33.509335 -18.399460 1.500000
v 33.535488 -22.531782 0.000000
v 33.535488 -22.531782 1.500000
v 33.539539 10.963322 0.000000
v 33.539539 10.963322 1.500000
v 33.540272 -3.518213 0.000000
v 33.540272 -3.518213 1.500000
v 33.567760 12.142969 0.000000
v 33.567760 12.142969 1.500000
v 33.569893 18.949219 0.000000
v 33.569893 18.949219 1.500000
v 33.577763 3.585656 0.000000
v 33.577763 3.585656 1.500000
v 33.610500 18.881157 0.000000
v 33.610500 18.881157 1.500000
v 33.614830 10.547213 0.000000
v 33.614830 10.547213 1.500000
v 33.646698 17.549297 0.000000
v 33.646698 17.549297 1.500000
v 33.677574 -10.837406 0.000000
v 33.677574 -10.837406 1.500000
v 33.690937 -21.810938 0.000000
v 33.690937 -21.810938 1.500000
v 33.701145 -25.873032 0.000000
v 33.701145 -25.873032 1.500000
v 33.712593 -19.490625 0.000000
v 33.712593 -19.490625 1.500000
v 33.721874 -9.590625 0.000000
v 33.721874 -9.590625 1.500000
v 33.722805 11.255681 0.000000
v 33.722805 11.255681 1.500000
v 33.759308 16.801537 0.000000
v 33.759308 16.801537 1.500000
v 33.767433 -17.943750 0.000000
v 33.767433 -17.943750 1.500000
v 33.782299 17.263744 0.000000
v 33.782299 17.263744 1.500000
v 33.789238 -9.674156 0.000000
v 33.789238 -9.674156 1.500000
v 33.789936 17.247656 0.000000
v 33.789936 17.247656 1.500000
v 33.796124 -19.335938 0.000000
v 33.796124 -19.335938 1.500000
v 33.824013 -9.062522 0.000000
v 33.824013 -9.062522 1.500000
v 33.826363 4.222660 0.000000
v 33.826363 4.222660 1.500000
v 33.879036 -3.427256 0.000000
v 33.879036 -3.427256 1.500000
v 33.888939 -20.728125 0.000000
v 33.888939 -20.728125 1.500000
v 33.963188 -19.026562 0.000000
v 33.963188 -19.026562 1.500000
v 33.966591 24.765160 0.000000
v 33.966591 24.765160 1.500000
v 33.969376 4.176562 0.000000
v 33.969376 4.176562 1.500000
v 33.972416 -3.412406 0.000000
v 33.972416 -3.412406 1.500000
v 34.043236 -8.996006 0.000000
v 34.043236 -8.996006 1.500000
v 34.057858 -21.071840 0.000000
v 34.057858 -21.071840 1.500000
v 34.067757 11.674575 0.000000
v 34.067757 11.674575 1.500000
v 34.075180 -22.476093 0.000000
v 34.075180 -22.476093 1.500000
v 34.086937 23.512501 0.000000
v 34.086937 23.512501 1.500000
v 34.087315 -18.796698 0.000000
v 34.087315 -18.796698 1.500000
v 34.108593 -3.390750 0.000000
v 34.108593 -3.390750 1.500000
v 34.108593 10.382625 0.000000
v 34.108593 10.382625 1.500000
v 34.117874 -17.325001 0.000000
v 34.117874 -17.325001 1.500000
v 34.118767 -22.440207 0.000000
v 34.118767 -22.440207 1.500000
v 34.122768 -8.971875 0.000000
v 34.122768 -8.971875 1.500000
v 34.134907 -11.319412 0.000000
v 34.134907 -11.319412 1.500000
v 34.185936 16.186501 0.000000
v 34.185936 16.186501 1.500000
v 34.191971 17.970976 0.000000
v 34.191971 17.970976 1.500000
v 34.197075 -21.434118 0.000000
v 34.197075 -21.434118 1.500000
v 34.198311 -23.985844 0.000000
v 34.198311 -23.985844 1.500000
v 34.216873 17.931993 0.000000
v 34.216873 17.931993 1.500000
v 34.234123 -22.345228 0.000000
v 34.234123 -22.345228 1.500000
v 34.236713 4.391888 0.000000
v 34.236713 4.391888 1.500000
v 34.276585 -22.310268 0.000000
v 34.276585 -22.310268 1.500000
v 34.278259 -21.810938 0.000000
v 34.278259 -21.810938 1.500000
v 34.286232 11.917435 0.000000
v 34.286232 11.917435 1.500000
v 34.299545 -22.191469 0.000000
v 34.299545 -22.191469 1.500000
v 34.301823 -18.399460 0.000000
v 34.301823 -18.399460 1.500000
v 34.310371 -22.135471 0.000000
v 34.310371 -22.135471 1.500000
v 34.320385 -22.006462 0.000000
v 34.320385 -22.006462 1.500000
v 34.320477 -22.083187 0.000000
v 34.320477 -22.083187 1.500000
v 34.321583 -22.012032 0.000000
v 34.321583 -22.012032 1.500000
v 34.328251 -22.042969 0.000000
v 34.328251 -22.042969 1.500000
v 34.370564 -10.395000 0.000000
v 34.370564 -10.395000 1.500000
v 34.446739 10.322606 0.000000
v 34.446739 10.322606 1.500000
v 34.478340 9.667969 0.000000
v 34.478340 9.667969 1.500000
v 34.489124 12.142969 0.000000
v 34.489124 12.142969 1.500000
v 34.508877 -11.713556 0.000000
v 34.508877 -11.713556 1.500000
v 34.517899 -3.524400 0.000000
v 34.517899 -3.524400 1.500000
v 34.519310 17.549297 0.000000
v 34.519310 17.549297 1.500000
v 34.547905 -17.943750 0.000000
v 34.547905 -17.943750 1.500000
v 34.553215 4.646812 0.000000
v 34.553215 4.646812 1.500000
v 34.565346 13.303125 0.000000
v 34.565346 13.303125 1.500000
v 34.576679 -16.457512 0.000000
v 34.576679 -16.457512 1.500000
v 34.649071 -24.607687 0.000000
v 34.649071 -24.607687 1.500000
v 34.650002 -2.295563 0.000000
v 34.650002 -2.295563 1.500000
v 34.691456 -11.905988 0.000000
v 34.691456 -11.905988 1.500000
v 34.711876 23.812593 0.000000
v 34.711876 23.812593 1.500000
v 34.727345 -10.837406 0.000000
v 34.727345 -10.837406 1.500000
v 34.730873 -2.258437 0.000000
v 34.730873 -2.258437 1.500000
v 34.744980 17.263744 0.000000
v 34.744980 17.263744 1.500000
v 34.748383 -3.677850 0.000000
v 34.748383 -3.677850 1.500000
v 34.768738 17.247656 0.000000
v 34.768738 17.247656 1.500000
v 34.840519 -12.074906 0.000000
v 34.840519 -12.074906 1.500000
v 34.843388 -15.953231 0.000000
v 34.843388 -15.953231 1.500000
v 34.850784 10.258566 0.000000
v 34.850784 10.258566 1.500000
v 34.854187 -15.932813 0.000000
v 34.854187 -15.932813 1.500000
v 34.883270 -15.231460 0.000000
v 34.883270 -15.231460 1.500000
v 34.901566 23.512501 0.000000
v 34.901566 23.512501 1.500000
v 34.910992 -17.325001 0.000000
v 34.910992 -17.325001 1.500000
v 34.919155 13.714594 0.000000
v 34.919155 13.714594 1.500000
v 34.925343 -2.939063 0.000000
v 34.925343 -2.939063 1.500000
v 34.948856 -22.845488 0.000000
v 34.948856 -22.845488 1.500000
v 34.959373 -3.867188 0.000000
v 34.959373 -3.867188 1.500000
v 34.959373 3.867188 0.000000
v 34.959373 3.867188 1.500000
v 34.990002 3.796959 0.000000
v 34.990002 3.796959 1.500000
v 35.000645 3.926278 0.000000
v 35.000645 3.926278 1.500000
v 35.072914 3.720853 0.000000
v 35.072914 3.720853 1.500000
v 35.079971 -23.985844 0.000000
v 35.079971 -23.985844 1.500000
v 35.113132 2.982066 0.000000
v 35.113132 2.982066 1.500000
v 35.136646 -11.319412 0.000000
v 35.136646 -11.319412 1.500000
v 35.150188 9.505238 0.000000
v 35.150188 9.505238 1.500000
v 35.158085 -2.820262 0.000000
v 35.158085 -2.820262 1.500000
v 35.163563 4.159547 0.000000
v 35.163563 4.159547 1.500000
v 35.167583 -2.057962 0.000000
v 35.167583 -2.057962 1.500000
v 35.179787 4.176562 0.000000
v 35.179787 4.176562 1.500000
v 35.187527 -3.125925 0.000000
v 35.187527 -3.125925 1.500000
v 35.190380 14.076563 0.000000
v 35.190380 14.076563 1.500000
v 35.211575 5.177081 0.000000
v 35.211575 5.177081 1.500000
v 35.214817 3.650625 0.000000
v 35.214817 3.650625 1.500000
v 35.268749 -9.281250 0.000000
v 35.268749 -9.281250 1.500000
v 35.321342 9.463781 0.000000
v 35.321342 9.463781 1.500000
v 35.346092 3.585656 0.000000
v 35.346092 3.585656 1.500000
v 35.369297 16.012321 0.000000
v 35.369297 16.012321 1.500000
v 35.377651 -4.210594 0.000000
v 35.377651 -4.210594 1.500000
v 35.385075 4.391888 0.000000
v 35.385075 4.391888 1.500000
v 35.392811 -12.700772 0.000000
v 35.392811 -12.700772 1.500000
v 35.407970 -23.512501 0.000000
v 35.407970 -23.512501 1.500000
v 35.420033 -16.457512 0.000000
v 35.420033 -16.457512 1.500000
v 35.427597 16.801537 0.000000
v 35.427597 16.801537 1.500000
v 35.498116 5.407875 0.000000
v 35.498116 5.407875 1.500000
v 35.499290 -8.554218 0.000000
v 35.499290 -8.554218 1.500000
v 35.504494 14.495766 0.000000
v 35.504494 14.495766 1.500000
v 35.506351 -11.713556 0.000000
v 35.506351 -11.713556 1.500000
v 35.517178 22.538588 0.000000
v 35.517178 22.538588 1.500000
v 35.536800 16.727596 0.000000
v 35.536800 16.727596 1.500000
v 35.559097 -3.390750 0.000000
v 35.559097 -3.390750 1.500000
v 35.559189 16.712437 0.000000
v 35.559189 16.712437 1.500000
v 35.575958 -4.313306 0.000000
v 35.575958 -4.313306 1.500000
v 35.578125 13.303125 0.000000
v 35.578125 13.303125 1.500000
v 35.588333 3.498722 0.000000
v 35.588333 3.498722 1.500000
v 35.627625 -21.794849 0.000000
v 35.627625 -21.794849 1.500000
v 35.636059 -12.993750 0.000000
v 35.636059 -12.993750 1.500000
v 35.655468 4.646812 0.000000
v 35.655468 4.646812 1.500000
v 35.655468 10.150594 0.000000
v 35.655468 10.150594 1.500000
v 35.674030 20.927980 0.000000
v 35.674030 20.927980 1.500000
v 35.705532 5.574937 0.000000
v 35.705532 5.574937 1.500000
v 35.728840 9.348694 0.000000
v 35.728840 9.348694 1.500000
v 35.732811 -4.349813 0.000000
v 35.732811 -4.349813 1.500000
v 35.732811 16.594875 0.000000
v 35.732811 16.594875 1.500000
v 35.746616 -3.524400 0.000000
v 35.746616 -3.524400 1.500000
v 35.750515 -11.905988 0.000000
v 35.750515 -11.905988 1.500000
v 35.766052 -1.771172 0.000000
v 35.766052 -1.771172 1.500000
v 35.767464 -15.953231 0.000000
v 35.767464 -15.953231 1.500000
v 35.777672 -1.765603 0.000000
v 35.777672 -1.765603 1.500000
v 35.786137 -15.932813 0.000000
v 35.786137 -15.932813 1.500000
v 35.800255 15.898163 0.000000
v 35.800255 15.898163 1.500000
v 35.801003 -22.845488 0.000000
v 35.801003 -22.845488 1.500000
v 35.836128 5.680125 0.000000
v 35.836128 5.680125 1.500000
v 35.847282 12.607031 0.000000
v 35.847282 12.607031 1.500000
v 35.848278 10.128938 0.000000
v 35.848278 10.128938 1.500000
v 35.893688 15.113897 0.000000
v 35.893688 15.113897 1.500000
v 35.933907 14.076563 0.000000
v 35.933907 14.076563 1.500000
v 35.960823 3.353006 0.000000
v 35.960823 3.353006 1.500000
v 35.961918 -3.677850 0.000000
v 35.961918 -3.677850 1.500000
v 35.964844 -13.389750 0.000000
v 35.964844 -13.389750 1.500000
v 35.964844 -12.074906 0.000000
v 35.964844 -12.074906 1.500000
v 35.986000 10.113469 0.000000
v 35.986000 10.113469 1.500000
v 35.992687 -15.706968 0.000000
v 35.992687 -15.706968 1.500000
v 36.009209 16.511343 0.000000
v 36.009209 16.511343 1.500000
v 36.019913 2.595656 0.000000
v 36.019913 2.595656 1.500000
v 36.023441 12.065625 0.000000
v 36.023441 12.065625 1.500000
v 36.035557 -15.693047 0.000000
v 36.035557 -15.693047 1.500000
v 36.042187 15.784312 0.000000
v 36.042187 15.784312 1.500000
v 36.059204 13.714594 0.000000
v 36.059204 13.714594 1.500000
v 36.066441 -1.620506 0.000000
v 36.066441 -1.620506 1.500000
v 36.075291 -12.015816 0.000000
v 36.075291 -12.015816 1.500000
v 36.096020 11.842566 0.000000
v 36.096020 11.842566 1.500000
v 36.123863 16.476694 0.000000
v 36.123863 16.476694 1.500000
v 36.182198 -1.562344 0.000000
v 36.182198 -1.562344 1.500000
v 36.186020 -2.295563 0.000000
v 36.186020 -2.295563 1.500000
v 36.201633 13.303125 0.000000
v 36.201633 13.303125 1.500000
v 36.205536 -11.863604 0.000000
v 36.205536 -11.863604 1.500000
v 36.216675 11.398303 0.000000
v 36.216675 11.398303 1.500000
v 36.243282 6.008062 0.000000
v 36.243282 6.008062 1.500000
v 36.247341 14.495766 0.000000
v 36.247341 14.495766 1.500000
v 36.250671 11.253825 0.000000
v 36.250671 11.253825 1.500000
v 36.258751 -2.258437 0.000000
v 36.258751 -2.258437 1.500000
v 36.287437 2.475000 0.000000
v 36.287437 2.475000 1.500000
v 36.307011 5.177081 0.000000
v 36.307011 5.177081 1.500000
v 36.313744 -15.602710 0.000000
v 36.313744 -15.602710 1.500000
v 36.314438 10.982813 0.000000
v 36.314438 10.982813 1.500000
v 36.336094 -3.944531 0.000000
v 36.336094 -3.944531 1.500000
v 36.403847 21.007181 0.000000
v 36.403847 21.007181 1.500000
v 36.406322 -9.062522 0.000000
v 36.406322 -9.062522 1.500000
v 36.409161 10.531744 0.000000
v 36.409161 10.531744 1.500000
v 36.420082 -21.794849 0.000000
v 36.420082 -21.794849 1.500000
v 36.439735 19.576323 0.000000
v 36.439735 19.576323 1.500000
v 36.442589 12.607031 0.000000
v 36.442589 12.607031 1.500000
v 36.444885 20.927980 0.000000
v 36.444885 20.927980 1.500000
v 36.450562 -4.785103 0.000000
v 36.450562 -4.785103 1.500000
v 36.459843 -11.369532 0.000000
v 36.459843 -11.369532 1.500000
v 36.472218 -20.428032 0.000000
v 36.472218 -20.428032 1.500000
v 36.496658 -15.543309 0.000000
v 36.496658 -15.543309 1.500000
v 36.501610 16.362225 0.000000
v 36.501610 16.362225 1.500000
v 36.509342 10.054688 0.000000
v 36.509342 10.054688 1.500000
v 36.515354 9.126562 0.000000
v 36.515354 9.126562 1.500000
v 36.578644 -11.031384 0.000000
v 36.578644 -11.031384 1.500000
v 36.583595 -15.048000 0.000000
v 36.583595 -15.048000 1.500000
v 36.628452 5.407875 0.000000
v 36.628452 5.407875 1.500000
v 36.630001 12.065625 0.000000
v 36.630001 12.065625 1.500000
v 36.660450 -4.950000 0.000000
v 36.660450 -4.950000 1.500000
v 36.673321 -2.057962 0.000000
v 36.673321 -2.057962 1.500000
v 36.685688 15.082031 0.000000
v 36.685688 15.082031 1.500000
v 36.697445 -20.008209 0.000000
v 36.697445 -20.008209 1.500000
v 36.704792 15.113897 0.000000
v 36.704792 15.113897 1.500000
v 36.705795 -10.627340 0.000000
v 36.705795 -10.627340 1.500000
v 36.708546 11.842566 0.000000
v 36.708546 11.842566 1.500000
v 36.716721 16.297874 0.000000
v 36.716721 16.297874 1.500000
v 36.787781 -8.996006 0.000000
v 36.787781 -8.996006 1.500000
v 36.815624 -12.993750 0.000000
v 36.815624 -12.993750 1.500000
v 36.815624 2.236781 0.000000
v 36.815624 2.236781 1.500000
v 36.828930 -14.894859 0.000000
v 36.828930 -14.894859 1.500000
v 36.831093 -14.631890 0.000000
v 36.831093 -14.631890 1.500000
v 36.840820 16.260750 0.000000
v 36.840820 16.260750 1.500000
v 36.842251 -15.493500 0.000000
v 36.842251 -15.493500 1.500000
v 36.844398 -15.493191 0.000000
v 36.844398 -15.493191 1.500000
v 36.855225 -21.056372 0.000000
v 36.855225 -21.056372 1.500000
v 36.856369 2.982066 0.000000
v 36.856369 2.982066 1.500000
v 36.864986 11.398303 0.000000
v 36.864986 11.398303 1.500000
v 36.887135 -12.700772 0.000000
v 36.887135 -12.700772 1.500000
v 36.892967 2.966906 0.000000
v 36.892967 2.966906 1.500000
v 36.892967 5.574937 0.000000
v 36.892967 5.574937 1.500000
v 36.895634 16.244352 0.000000
v 36.895634 16.244352 1.500000
v 36.903488 -4.349813 0.000000
v 36.903488 -4.349813 1.500000
v 36.915863 11.253825 0.000000
v 36.915863 11.253825 1.500000
v 36.923904 -9.822657 0.000000
v 36.923904 -9.822657 1.500000
v 36.947342 16.228884 0.000000
v 36.947342 16.228884 1.500000
v 36.970314 -8.971875 0.000000
v 36.970314 -8.971875 1.500000
v 36.970314 -1.166344 0.000000
v 36.970314 -1.166344 1.500000
v 36.990112 -9.492553 0.000000
v 36.990112 -9.492553 1.500000
v 36.991039 -19.443291 0.000000
v 36.991039 -19.443291 1.500000
v 37.015606 10.982813 0.000000
v 37.015606 10.982813 1.500000
v 37.020432 -9.221850 0.000000
v 37.020432 -9.221850 1.500000
v 37.039890 -12.074906 0.000000
v 37.039890 -12.074906 1.500000
v 37.042339 6.651563 0.000000
v 37.042339 6.651563 1.500000
v 37.047657 16.198875 0.000000
v 37.047657 16.198875 1.500000
v 37.054314 -12.015816 0.000000
v 37.054314 -12.015816 1.500000
v 37.056938 18.407812 0.000000
v 37.056938 18.407812 1.500000
v 37.058174 -5.262469 0.000000
v 37.058174 -5.262469 1.500000
v 37.062130 16.186501 0.000000
v 37.062130 16.186501 1.500000
v 37.079624 -13.389750 0.000000
v 37.079624 -13.389750 1.500000
v 37.091461 -11.863604 0.000000
v 37.091461 -11.863604 1.500000
v 37.106728 15.784312 0.000000
v 37.106728 15.784312 1.500000
v 37.137993 6.728597 0.000000
v 37.137993 6.728597 1.500000
v 37.145287 19.576323 0.000000
v 37.145287 19.576323 1.500000
v 37.159031 15.871556 0.000000
v 37.159031 15.871556 1.500000
v 37.161072 15.898163 0.000000
v 37.161072 15.898163 1.500000
v 37.169830 16.012321 0.000000
v 37.169830 16.012321 1.500000
v 37.175739 16.089355 0.000000
v 37.175739 16.089355 1.500000
v 37.181614 10.531744 0.000000
v 37.181614 10.531744 1.500000
v 37.189758 -20.428032 0.000000
v 37.189758 -20.428032 1.500000
v 37.202343 -15.474937 0.000000
v 37.202343 -15.474937 1.500000
v 37.212051 -11.369532 0.000000
v 37.212051 -11.369532 1.500000
v 37.235916 -5.414062 0.000000
v 37.235916 -5.414062 1.500000
v 37.266384 -1.771172 0.000000
v 37.266384 -1.771172 1.500000
v 37.279682 -1.765603 0.000000
v 37.279682 -1.765603 1.500000
v 37.294586 -11.031384 0.000000
v 37.294586 -11.031384 1.500000
v 37.336922 8.894531 0.000000
v 37.336922 8.894531 1.500000
v 37.353317 5.680125 0.000000
v 37.353317 5.680125 1.500000
v 37.357033 -10.775531 0.000000
v 37.357033 -10.775531 1.500000
v 37.375889 10.054688 0.000000
v 37.375889 10.054688 1.500000
v 37.393150 -10.627340 0.000000
v 37.393150 -10.627340 1.500000
v 37.413277 -20.008209 0.000000
v 37.413277 -20.008209 1.500000
v 37.434376 -13.921875 0.000000
v 37.434376 -13.921875 1.500000
v 37.468956 -0.894094 0.000000
v 37.468956 -0.894094 1.500000
v 37.477688 5.514300 0.000000
v 37.477688 5.514300 1.500000
v 37.505222 -0.874294 0.000000
v 37.505222 -0.874294 1.500000
v 37.512894 -4.785103 0.000000
v 37.512894 -4.785103 1.500000
v 37.533375 9.667969 0.000000
v 37.533375 9.667969 1.500000
v 37.540768 1.859344 0.000000
v 37.540768 1.859344 1.500000
v 37.567406 5.182031 0.000000
v 37.567406 5.182031 1.500000
v 37.589279 -9.822657 0.000000
v 37.589279 -9.822657 1.500000
v 37.592155 -19.672228 0.000000
v 37.592155 -19.672228 1.500000
v 37.626186 -1.620506 0.000000
v 37.626186 -1.620506 1.500000
v 37.632374 -18.175781 0.000000
v 37.632374 -18.175781 1.500000
v 37.669735 -9.492553 0.000000
v 37.669735 -9.492553 1.500000
v 37.674404 -15.400068 0.000000
v 37.674404 -15.400068 1.500000
v 37.674759 -14.306428 0.000000
v 37.674759 -14.306428 1.500000
v 37.689301 9.505238 0.000000
v 37.689301 9.505238 1.500000
v 37.704750 -19.443291 0.000000
v 37.704750 -19.443291 1.500000
v 37.709518 -15.394500 0.000000
v 37.709518 -15.394500 1.500000
v 37.714050 4.395291 0.000000
v 37.714050 4.395291 1.500000
v 37.735714 -9.221850 0.000000
v 37.735714 -9.221850 1.500000
v 37.743752 -5.847188 0.000000
v 37.743752 -5.847188 1.500000
v 37.743752 -4.950000 0.000000
v 37.743752 -4.950000 1.500000
v 37.750782 18.407812 0.000000
v 37.750782 18.407812 1.500000
v 37.759758 9.463781 0.000000
v 37.759758 9.463781 1.500000
v 37.768559 2.595656 0.000000
v 37.768559 2.595656 1.500000
v 37.796642 -8.971875 0.000000
v 37.796642 -8.971875 1.500000
v 37.798508 3.926278 0.000000
v 37.798508 3.926278 1.500000
v 37.803150 -15.379650 0.000000
v 37.803150 -15.379650 1.500000
v 37.821095 -1.562344 0.000000
v 37.821095 -1.562344 1.500000
v 37.851830 -14.631890 0.000000
v 37.851830 -14.631890 1.500000
v 37.871521 -14.668088 0.000000
v 37.871521 -14.668088 1.500000
v 37.876781 3.480469 0.000000
v 37.876781 3.480469 1.500000
v 37.893795 7.334353 0.000000
v 37.893795 7.334353 1.500000
v 37.898438 -8.554218 0.000000
v 37.898438 -8.554218 1.500000
v 37.901531 -3.944531 0.000000
v 37.901531 -3.944531 1.500000
v 37.909901 -15.321487 0.000000
v 37.909901 -15.321487 1.500000
v 37.955349 -14.894859 0.000000
v 37.955349 -14.894859 1.500000
v 37.955364 9.348694 0.000000
v 37.955364 9.348694 1.500000
v 37.962788 -3.498722 0.000000
v 37.962788 -3.498722 1.500000
v 37.965572 -17.477213 0.000000
v 37.965572 -17.477213 1.500000
v 37.985992 -15.280031 0.000000
v 37.985992 -15.280031 1.500000
v 37.986301 -1.755084 0.000000
v 37.986301 -1.755084 1.500000
v 37.991249 17.943750 0.000000
v 37.991249 17.943750 1.500000
v 38.011955 -15.048000 0.000000
v 38.011955 -15.048000 1.500000
v 38.012596 -3.029709 0.000000
v 38.012596 -3.029709 1.500000
v 38.013016 -15.231460 0.000000
v 38.013016 -15.231460 1.500000
v 38.037346 -1.973194 0.000000
v 38.037346 -1.973194 1.500000
v 38.044151 8.634656 0.000000
v 38.044151 8.634656 1.500000
v 38.046318 -0.561825 0.000000
v 38.046318 -0.561825 1.500000
v 38.053123 -15.159375 0.000000
v 38.053123 -15.159375 1.500000
v 38.053123 2.475000 0.000000
v 38.053123 2.475000 1.500000
v 38.056217 -2.242969 0.000000
v 38.056217 -2.242969 1.500000
v 38.090248 6.651563 0.000000
v 38.090248 6.651563 1.500000
v 38.160786 15.977672 0.000000
v 38.160786 15.977672 1.500000
v 38.173782 1.529859 0.000000
v 38.173782 1.529859 1.500000
v 38.214001 -18.407812 0.000000
v 38.214001 -18.407812 1.500000
v 38.239605 5.680125 0.000000
v 38.239605 5.680125 1.500000
v 38.265099 5.514300 0.000000
v 38.265099 5.514300 1.500000
v 38.311249 -18.175781 0.000000
v 38.311249 -18.175781 1.500000
v 38.316185 5.182031 0.000000
v 38.316185 5.182031 1.500000
v 38.332180 -16.661390 0.000000
v 38.332180 -16.661390 1.500000
v 38.415092 8.436656 0.000000
v 38.415092 8.436656 1.500000
v 38.437145 4.395291 0.000000
v 38.437145 4.395291 1.500000
v 38.455311 -5.414062 0.000000
v 38.455311 -5.414062 1.500000
v 38.458405 4.257000 0.000000
v 38.458405 4.257000 1.500000
v 38.467773 -5.262469 0.000000
v 38.467773 -5.262469 1.500000
v 38.493454 -4.950000 0.000000
v 38.493454 -4.950000 1.500000
v 38.509190 3.926278 0.000000
v 38.509190 3.926278 1.500000
v 38.576096 -3.944531 0.000000
v 38.576096 -3.944531 1.500000
v 38.577641 3.480469 0.000000
v 38.577641 3.480469 1.500000
v 38.604027 -17.477213 0.000000
v 38.604027 -17.477213 1.500000
v 38.612740 -3.498722 0.000000
v 38.612740 -3.498722 1.500000
v 38.640938 -3.155625 0.000000
v 38.640938 -3.155625 1.500000
v 38.643105 16.474218 0.000000
v 38.643105 16.474218 1.500000
v 38.651272 -3.029709 0.000000
v 38.651272 -3.029709 1.500000
v 38.659500 8.135634 0.000000
v 38.659500 8.135634 1.500000
v 38.671875 7.947844 0.000000
v 38.671875 7.947844 1.500000
v 38.671875 9.126562 0.000000
v 38.671875 9.126562 1.500000
v 38.678062 14.708306 0.000000
v 38.678062 14.708306 1.500000
v 38.698792 8.019619 0.000000
v 38.698792 8.019619 1.500000
v 38.709000 1.204087 0.000000
v 38.709000 1.204087 1.500000
v 38.715847 -2.242969 0.000000
v 38.715847 -2.242969 1.500000
v 38.732029 2.475000 0.000000
v 38.732029 2.475000 1.500000
v 38.737991 -1.973194 0.000000
v 38.737991 -1.973194 1.500000
v 38.755894 -1.755084 0.000000
v 38.755894 -1.755084 1.500000
v 38.768608 2.236781 0.000000
v 38.768608 2.236781 1.500000
v 38.771713 -1.562344 0.000000
v 38.771713 -1.562344 1.500000
v 38.804218 -1.166344 0.000000
v 38.804218 -1.166344 1.500000
v 38.826561 -0.894094 0.000000
v 38.826561 -0.894094 1.500000
v 38.826561 1.859344 0.000000
v 38.826561 1.859344 1.500000
v 38.838936 7.425000 0.000000
v 38.838936 7.425000 1.500000
v 38.845528 15.977672 0.000000
v 38.845528 15.977672 1.500000
v 38.855854 -0.874294 0.000000
v 38.855854 -0.874294 1.500000
v 38.869720 -5.847188 0.000000
v 38.869720 -5.847188 1.500000
v 38.894627 -0.024750 0.000000
v 38.894627 -0.024750 1.500000
v 38.945950 -16.661390 0.000000
v 38.945950 -16.661390 1.500000
v 38.981251 -8.111813 0.000000
v 38.981251 -8.111813 1.500000
v 38.987438 -15.082031 0.000000
v 38.987438 -15.082031 1.500000
v 39.031986 9.035606 0.000000
v 39.031986 9.035606 1.500000
v 39.049313 0.952875 0.000000
v 39.049313 0.952875 1.500000
v 39.083344 13.612500 0.000000
v 39.083344 13.612500 1.500000
v 39.259914 7.947844 0.000000
v 39.259914 7.947844 1.500000
v 39.294647 14.875987 0.000000
v 39.294647 14.875987 1.500000
v 39.297123 -14.206809 0.000000
v 39.297123 -14.206809 1.500000
v 39.317703 8.019619 0.000000
v 39.317703 8.019619 1.500000
v 39.318138 -0.561825 0.000000
v 39.318138 -0.561825 1.500000
v 39.325584 8.903503 0.000000
v 39.325584 8.903503 1.500000
v 39.333145 8.894531 0.000000
v 39.333145 8.894531 1.500000
v 39.354397 14.708306 0.000000
v 39.354397 14.708306 1.500000
v 39.361782 -15.669225 0.000000
v 39.361782 -15.669225 1.500000
v 39.369514 8.083969 0.000000
v 39.369514 8.083969 1.500000
v 39.398605 8.135634 0.000000
v 39.398605 8.135634 1.500000
v 39.414375 -6.416438 0.000000
v 39.414375 -6.416438 1.500000
v 39.440346 1.529859 0.000000
v 39.440346 1.529859 1.500000
v 39.445312 -7.356937 0.000000
v 39.445312 -7.356937 1.500000
v 39.532555 8.373544 0.000000
v 39.532555 8.373544 1.500000
v 39.550827 8.436656 0.000000
v 39.550827 8.436656 1.500000
v 39.552105 8.634656 0.000000
v 39.552105 8.634656 1.500000
v 39.577988 -15.082031 0.000000
v 39.577988 -15.082031 1.500000
v 39.584839 0.464063 0.000000
v 39.584839 0.464063 1.500000
v 39.593811 8.585156 0.000000
v 39.593811 8.585156 1.500000
v 39.673939 -13.025616 0.000000
v 39.673939 -13.025616 1.500000
v 39.744881 13.612500 0.000000
v 39.744881 13.612500 1.500000
v 39.773869 -6.813365 0.000000
v 39.773869 -6.813365 1.500000
v 39.790573 -7.762219 0.000000
v 39.790573 -7.762219 1.500000
v 39.828938 -0.216562 0.000000
v 39.828938 -0.216562 1.500000
v 39.835125 1.317937 0.000000
v 39.835125 1.317937 1.500000
v 39.847191 11.200303 0.000000
v 39.847191 11.200303 1.500000
v 39.889885 -14.234962 0.000000
v 39.889885 -14.234962 1.500000
v 39.899097 -14.206809 0.000000
v 39.899097 -14.206809 1.500000
v 40.033733 1.204087 0.000000
v 40.033733 1.204087 1.500000
v 40.045189 -7.158010 0.000000
v 40.045189 -7.158010 1.500000
v 40.072414 -7.627022 0.000000
v 40.072414 -7.627022 1.500000
v 40.088375 -0.024750 0.000000
v 40.088375 -0.024750 1.500000
v 40.134972 -7.356937 0.000000
v 40.134972 -7.356937 1.500000
v 40.218750 -7.542562 0.000000
v 40.218750 -7.542562 1.500000
v 40.225864 1.093950 0.000000
v 40.225864 1.093950 1.500000
v 40.238548 9.865969 0.000000
v 40.238548 9.865969 1.500000
v 40.285664 -13.025616 0.000000
v 40.285664 -13.025616 1.500000
v 40.296093 -12.993750 0.000000
v 40.296093 -12.993750 1.500000
v 40.296093 12.065625 0.000000
v 40.296093 12.065625 1.500000
v 40.441502 -10.364062 0.000000
v 40.441502 -10.364062 1.500000
v 40.443813 0.952875 0.000000
v 40.443813 0.952875 1.500000
v 40.532993 11.200303 0.000000
v 40.532993 11.200303 1.500000
v 40.539883 0.309066 0.000000
v 40.539883 0.309066 1.500000
v 40.545139 0.887287 0.000000
v 40.545139 0.887287 1.500000
v 40.571438 8.662500 0.000000
v 40.571438 8.662500 1.500000
v 40.642593 10.799972 0.000000
v 40.642593 10.799972 1.500000
v 40.711800 0.464063 0.000000
v 40.711800 0.464063 1.500000
v 40.756752 0.504591 0.000000
v 40.756752 0.504591 1.500000
v 40.837502 0.618750 0.000000
v 40.837502 0.618750 1.500000
v 40.869789 9.865969 0.000000
v 40.869789 9.865969 1.500000
v 40.957539 -10.591763 0.000000
v 40.957539 -10.591763 1.500000
v 41.007656 9.299193 0.000000
v 41.007656 9.299193 1.500000
v 41.014477 -10.364062 0.000000
v 41.014477 -10.364062 1.500000
v 41.138885 8.662500 0.000000
v 41.138885 8.662500 1.500000
v 41.150589 5.362088 0.000000
v 41.150589 5.362088 1.500000
v 41.245567 2.995987 0.000000
v 41.245567 2.995987 1.500000
v 41.246494 -9.436247 0.000000
v 41.246494 -9.436247 1.500000
v 41.267532 -7.270312 0.000000
v 41.267532 -7.270312 1.500000
v 41.267532 -0.618750 0.000000
v 41.267532 -0.618750 1.500000
v 41.456249 -8.507812 0.000000
v 41.456249 -8.507812 1.500000
v 41.597473 -7.270312 0.000000
v 41.597473 -7.270312 1.500000
v 41.617126 6.342187 0.000000
v 41.617126 6.342187 1.500000
v 41.760166 5.362088 0.000000
v 41.760166 5.362088 1.500000
v 41.771812 -5.742619 0.000000
v 41.771812 -5.742619 1.500000
v 41.869884 4.610306 0.000000
v 41.869884 4.610306 1.500000
v 41.903606 -3.769734 0.000000
v 41.903606 -3.769734 1.500000
v 41.994564 -1.701563 0.000000
v 41.994564 -1.701563 1.500000
v 41.998013 -0.618750 0.000000
v 41.998013 -0.618750 1.500000
v 41.998528 2.995987 0.000000
v 41.998528 2.995987 1.500000
v 42.009102 2.863266 0.000000
v 42.009102 2.863266 1.500000
v 49.227440 31.620291 0.000000
v 49.227440 31.620291 1.500000
v 49.240433 31.192116 0.000000
v 49.240433 31.192116 1.500000
v 49.280342 30.782812 0.000000
v 49.280342 30.782812 1.500000
v 49.283436 32.329689 0.000000
v 49.283436 32.329689 1.500000
v 49.335102 32.448177 0.000000
v 49.335102 32.448177 1.500000
v 49.372227 30.566868 0.000000
v 49.372227 30.566868 1.500000
v 49.375942 32.312363 0.000000
v 49.375942 32.312363 1.500000
v 49.400070 30.861704 0.000000
v 49.400070 30.861704 1.500000
v 49.410282 31.401562 0.000000
v 49.410282 31.401562 1.500000
f 6365 5905 5179
f 6365 5179 5147
f 6365 5147 8979
f 6365 8979 8949
f 6365 8949 8491
f 6365 8491 8179
f 6365 8179 6983
f 5147 5137 5589
f 5147 5589 8523
f 8523 9183 9549
f 8523 9549 9497
f 8523 9497 8979
f 5137 4855 4627
f 5137 4627 4523
f 5137 4523 4857
f 5137 4857 5589
f 7107 7071 6991
f 7107 6991 7255
f 7107 7255 7227
f 7107 7227 7193
f 7107 7193 7135
f 9183 9393 9799
f 9183 9799 9747
f 9183 9747 9549
f 6991 6955 7293
f 6991 7293 7255
f 6955 6945 7295
f 6955 7295 7293
f 9393 9587 10079
f 9393 10079 10013
f 9393 10013 9799
f 4523 4227 4075
f 4523 4075 4469
f 4523 4469 4857
f 7103 7143 7321
f 7103 7321 7295
f 7143 7157 7331
f 7143 7331 7321
f 6945 6909 7047
f 6945 7047 7103
f 4075 4019 3925
f 4075 3925 4289
f 4075 4289 4469
f 7157 7201 7405
f 7157 7405 7331
f 5449 5417 5385
f 5449 5385 5669
f 5449 5669 5623
f 5449 5623 5583
f 5449 5583 5467
f 3925 3791 4145
f 3925 4145 4289
f 9587 10049 10519
f 9587 10519 10459
f 9587 10459 10079
f 7201 7217 7435
f 7201 7435 7405
f 6909 6827 6989
f 6909 6989 7047
f 5385 5349 5709
f 5385 5709 5669
f 7217 7233 7491
f 7217 7491 7435
f 5349 5333 5535
f 5349 5535 5557
f 5557 5617 5769
f 5557 5769 5709
f 10049 10247 10701
f 10049 10701 10667
f 10049 10667 10519
f 6827 6719 6959
f 6827 6959 6989
f 8813 8763 8657
f 8813 8657 8589
f 8813 8589 9045
f 8813 9045 9025
f 8813 9025 8969
f 8813 8969 8871
f 5333 5321 5311
f 5333 5311 5479
f 5333 5479 5535
f 8589 8585 8845
f 8589 8845 8857
f 3791 3757 3539
f 3791 3539 3891
f 3791 3891 4145
f 6719 6631 6943
f 6719 6943 6959
f 5617 5635 5821
f 5617 5821 5769
f 8857 8891 9075
f 8857 9075 9045
f 6631 6485 6939
f 6631 6939 6943
f 10247 10423 10845
f 10247 10845 10805
f 10247 10805 10701
f 7233 7279 7711
f 7233 7711 7491
f 8585 8503 8769
f 8585 8769 8845
f 5635 5643 5861
f 5635 5861 5821
f 5311 5281 5465
f 5311 5465 5479
f 6485 6329 6931
f 6485 6931 6939
f 8891 8905 9085
f 8891 9085 9075
f 5643 5651 5911
f 5643 5911 5861
f 8503 8259 8735
f 8503 8735 8769
f 7279 7299 7883
f 7279 7883 7711
f 8259 8149 8733
f 8259 8733 8735
f 7299 7301 8149
f 7299 8149 7883
f 6329 6039 6929
f 6329 6929 6931
f 5651 5655 6039
f 5651 6039 5911
f 3539 3371 3721
f 3539 3721 3891
f 5281 5259 5447
f 5281 5447 5465
f 7301 7343 8641
f 7301 8641 8733
f 8905 8945 9117
f 8905 9117 9085
f 5655 5701 6915
f 5655 6915 6929
f 3371 3245 3243
f 3371 3243 3547
f 3371 3547 3721
f 6417 6575 6913
f 6417 6913 6915
f 6575 6643 6903
f 6575 6903 6913
f 5701 5711 6227
f 5701 6227 6417
f 10423 10779 11055
f 10423 11055 11051
f 10423 11051 10845
f 7343 7369 8601
f 7343 8601 8641
f 5259 5247 5429
f 5259 5429 5447
f 5711 5721 6113
f 5711 6113 6227
f 5721 5723 6105
f 5721 6105 6113
f 5247 5243 5427
f 5247 5427 5429
f 7625 7937 8583
f 7625 8583 8601
f 5723 5745 6037
f 5723 6037 6105
f 5243 5195 5421
f 5243 5421 5427
f 7937 8067 8575
f 7937 8575 8583
f 8067 8135 8557
f 8067 8557 8575
f 8135 8163 8555
f 8135 8555 8557
f 10779 10875 11113
f 10779 11113 11055
f 6643 6695 6869
f 6643 6869 6903
f 5195 5083 5413
f 5195 5413 5421
f 5745 5771 5901
f 5745 5901 6037
f 6695 6687 6857
f 6695 6857 6869
f 8163 8291 8535
f 8163 8535 8555
f 10875 10981 11169
f 10875 11169 11155
f 10875 11155 11113
f 8291 8305 8513
f 8291 8513 8535
f 8945 8993 9181
f 8945 9181 9117
f 6687 6669 6845
f 6687 6845 6857
f 7369 7455 7679
f 7369 7679 7625
f 5083 4839 5391
f 5083 5391 5413
f 7455 7489 7691
f 7455 7691 7679
f 3243 3051 2965
f 3243 2965 3163
f 3243 3163 3547
f 8993 9005 9265
f 8993 9265 9181
f 4839 4749 5363
f 4839 5363 5391
f 8305 8295 8455
f 8305 8455 8513
f 3967 3923 3895
f 3967 3895 4263
f 3967 4263 4251
f 3967 4251 4151
f 3967 4151 4065
f 3967 4065 4001
f 10981 11099 11267
f 10981 11267 11255
f 10981 11255 11169
f 4749 4683 5351
f 4749 5351 5363
f 6669 6625 6809
f 6669 6809 6845
f 4683 4629 4987
f 4683 4987 5105
f 5105 5107 5329
f 5105 5329 5351
f 2965 2907 2837
f 2965 2837 3033
f 2965 3033 3163
f 4629 4543 4873
f 4629 4873 4987
f 10185 10531 10495
f 10185 10495 10451
f 5107 5101 5309
f 5107 5309 5329
f 9005 9049 9643
f 9005 9643 9531
f 9005 9531 9371
f 9005 9371 9265
f 4543 4415 4765
f 4543 4765 4873
f 4415 4395 4755
f 4415 4755 4765
f 4063 4235 4395
f 4063 4395 4263
f 10185 10099 10545
f 10185 10545 10531
f 7489 7565 7749
f 7489 7749 7691
f 9049 9055 9665
f 9049 9665 9645
f 9049 9645 9643
f 9055 9059 9225
f 9055 9225 9287
f 5101 5097 5291
f 5101 5291 5309
f 11099 11133 11173
f 11099 11173 11275
f 11099 11275 11433
f 11099 11433 11267
f 3895 3859 3855
f 3895 3855 4023
f 3895 4023 4063
f 7565 7575 7757
f 7565 7757 7749
f 9287 9359 9709
f 9287 9709 9665
f 8295 8211 8377
f 8295 8377 8393
f 8295 8393 8435
f 8295 8435 8455
f 9059 9067 9195
f 9059 9195 9225
f 2837 2753 2913
f 2837 2913 3033
f 5771 5909 6067
f 5771 6067 5901
f 10099 10023 10313
f 10099 10313 10373
f 11275 11297 11453
f 11275 11453 11433
f 9359 9439 9795
f 9359 9795 9709
f 5909 5921 6083
f 5909 6083 6067
f 10023 9915 10259
f 10023 10259 10313
f 9439 9509 9915
f 9439 9915 9795
f 4235 4315 4587
f 4235 4587 4755
f 11297 11343 11501
f 11297 11501 11453
f 6625 6529 6723
f 6625 6723 6809
f 9509 9535 10245
f 9509 10245 10259
f 7575 7619 7799
f 7575 7799 7757
f 4315 4343 4531
f 4315 4531 4587
f 8211 8169 8331
f 8211 8331 8377
f 11343 11385 11553
f 11343 11553 11501
f 6529 6503 6711
f 6529 6711 6723
f 9535 9639 10167
f 9535 10167 10245
f 8169 8143 8301
f 8169 8301 8331
f 10373 10445 10609
f 10373 10609 10607
f 10373 10607 10571
f 10373 10571 10545
f 9067 9099 9199
f 9067 9199 9195
f 11385 11451 11613
f 11385 11613 11553
f 4343 4407 4585
f 4343 4585 4531
f 10445 10455 10623
f 10445 10623 10609
f 9639 9711 10057
f 9639 10057 10167
f 2753 2725 2669
f 2753 2669 2619
f 2753 2619 2579
f 2753 2579 2745
f 2753 2745 2913
f 6503 6409 6655
f 6503 6655 6711
f 8143 8081 8257
f 8143 8257 8301
f 9711 9705 10007
f 9711 10007 10057
f 7619 7709 7861
f 7619 7861 7841
f 7619 7841 7799
f 5921 6035 6211
f 5921 6211 6083
f 2579 2573 2547
f 2579 2547 2693
f 2579 2693 2745
f 10455 10465 10649
f 10455 10649 10623
f 9099 9101 9115
f 9099 9115 9229
f 9099 9229 9199
f 5097 5049 5217
f 5097 5217 5291
f 9705 9691 9951
f 9705 9951 10007
f 2547 2519 2647
f 2547 2647 2693
f 3855 3807 4007
f 3855 4007 4023
f 5049 5045 5211
f 5049 5211 5217
f 4407 4515 4673
f 4407 4673 4585
f 6409 6363 6617
f 6409 6617 6655
f 6035 6081 6279
f 6035 6279 6211
f 2519 2501 2611
f 2519 2611 2647
f 8081 8025 8193
f 8081 8193 8257
f 10465 10471 10683
f 10465 10683 10649
f 2501 2479 2591
f 2501 2591 2611
f 9691 9641 9847
f 9691 9847 9951
f 11451 11641 11763
f 11451 11763 11747
f 11451 11747 11725
f 11451 11725 11617
f 11451 11617 11613
f 9641 9621 9829
f 9641 9829 9847
f 6363 6307 6589
f 6363 6589 6617
f 6081 6127 6307
f 6081 6307 6279
f 3807 3631 3999
f 3807 3999 4007
f 4515 4581 4715
f 4515 4715 4673
f 10471 10475 10737
f 10471 10737 10683
f 3631 3583 3995
f 3631 3995 3999
f 9115 9131 9137
f 9115 9137 9253
f 9115 9253 9229
f 11641 11665 11779
f 11641 11779 11763
f 11665 11679 11801
f 11665 11801 11779
f 8025 7949 8157
f 8025 8157 8193
f 7709 7769 7949
f 7709 7949 7861
f 10475 10477 10789
f 10475 10789 10737
f 5045 5021 5177
f 5045 5177 5211
f 11679 11719 11865
f 11679 11865 11833
f 11679 11833 11801
f 3583 3357 3683
f 3583 3683 3873
f 2479 2347 2487
f 2479 2487 2591
f 10477 10481 10933
f 10477 10933 10789
f 3357 3285 3595
f 3357 3595 3683
f 10481 10483 11017
f 10481 11017 10945
f 10481 10945 10933
f 7769 7843 8093
f 7769 8093 8157
f 5021 4979 5151
f 5021 5151 5177
f 3285 3213 3497
f 3285 3497 3595
f 6127 6281 6469
f 6127 6469 6589
f 4581 4701 4851
f 4581 4851 4715
f 2347 2303 2261
f 2347 2261 2389
f 2347 2389 2487
f 7843 7853 8091
f 7843 8091 8093
f 2675 2805 2679
f 9137 9179 9309
f 9137 9309 9253
f 10663 10825 11085
f 10663 11085 11057
f 10663 11057 11017
f 9621 9559 9517
f 9621 9517 9437
f 9621 9437 9413
f 9621 9413 9547
f 9621 9547 9829
f 3213 3089 3347
f 3213 3347 3497
f 11719 11901 12035
f 11719 12035 11967
f 11719 11967 11865
f 3089 3075 3333
f 3089 3333 3347
f 10825 10891 11131
f 10825 11131 11085
f 7853 7877 8087
f 7853 8087 8091
f 2675 2673 2891
f 2675 2891 2805
f 9413 9381 9513
f 9413 9513 9547
f 10891 10923 11141
f 10891 11141 11131
f 2691 2697 2905
f 2691 2905 2891
f 9179 9191 9325
f 9179 9325 9309
f 9191 9193 9327
f 9191 9327 9325
f 9381 9349 9503
f 9381 9503 9513
f 2697 2735 2937
f 2697 2937 2905
f 3075 2987 3261
f 3075 3261 3333
f 2261 2191 2189
f 2261 2189 2297
f 2261 2297 2389
f 4979 4953 5169
f 4979 5169 5151
f 4701 4775 4953
f 4701 4953 4851
f 3873 3829 3965
f 3873 3965 3995
f 2987 2975 3257
f 2987 3257 3261
f 2735 2751 2975
f 2735 2975 2937
f 9349 9341 9495
f 9349 9495 9503
f 9193 9197 9341
f 9193 9341 9327
f 10923 10993 11195
f 10923 11195 11141
f 2751 2771 3217
f 2751 3217 3257
f 4775 4799 5173
f 4775 5173 5169
f 2771 2783 3201
f 2771 3201 3217
f 7877 7921 8113
f 7877 8113 8087
f 2783 2811 3179
f 2783 3179 3201
f 11637 11587 11481
f 11637 11481 11697
f 11637 11697 11695
f 11637 11695 11655
f 7921 7933 8121
f 7921 8121 8113
f 9197 9211 9419
f 9197 9419 9495
f 2673 2667 2695
f 2673 2695 2691
f 10993 11119 11327
f 10993 11327 11195
f 11481 11391 11703
f 11481 11703 11697
f 11119 11127 11391
f 11119 11391 11327
f 2811 2893 3151
f 2811 3151 3179
f 11127 11143 11707
f 11127 11707 11703
f 2893 2901 3149
f 2893 3149 3151
f 11143 11151 11713
f 11143 11713 11707
f 4799 4891 5189
f 4799 5189 5173
f 9211 9219 9377
f 9211 9377 9419
f 9219 9221 9365
f 9219 9365 9377
f 6281 6167 6337
f 6281 6337 6469
f 11151 11205 11561
f 11151 11561 11633
f 4891 4927 5215
f 4891 5215 5189
f 11205 11219 11545
f 11205 11545 11561
f 2189 2049 2037
f 2189 2037 2139
f 2189 2139 2297
f 11901 12085 12205
f 11901 12205 12197
f 11901 12197 12081
f 11901 12081 12035
f 2901 3003 3253
f 2901 3253 3149
f 2667 2659 2701
f 2667 2701 2695
f 11219 11243 11491
f 11219 11491 11545
f 10483 10501 10687
f 10483 10687 10663
f 9221 9175 9311
f 9221 9311 9365
f 7933 8009 8153
f 7933 8153 8121
f 11633 11625 11721
f 11633 11721 11715
f 11633 11715 11713
f 11243 11245 11435
f 11243 11435 11491
f 11245 11227 11421
f 11245 11421 11435
f 9175 9125 9123
f 9175 9123 9273
f 9175 9273 9311
f 2037 1973 2073
f 2037 2073 2139
f 3003 3109 3379
f 3003 3379 3253
f 2659 2649 2703
f 2659 2703 2701
f 3109 3129 3409
f 3109 3409 3379
f 4927 5071 5315
f 4927 5315 5215
f 11227 11209 11153
f 11227 11153 11137
f 11227 11137 11341
f 11227 11341 11421
f 3829 3821 3799
f 3829 3799 3781
f 3829 3781 3775
f 3829 3775 3945
f 3829 3945 3965
f 1973 1945 2013
f 1973 2013 2073
f 11137 11069 11277
f 11137 11277 11341
f 3129 3269 3577
f 3129 3577 3409
f 2649 2621 2705
f 2649 2705 2703
f 10501 10527 10711
f 10501 10711 10687
f 2621 2593 2585
f 2621 2585 2709
f 2621 2709 2705
f 3269 3337 3679
f 3269 3679 3577
f 3775 3765 3943
f 3775 3943 3945
f 3765 3741 3941
f 3765 3941 3943
f 3337 3373 3741
f 3337 3741 3679
f 3373 3413 3939
f 3373 3939 3941
f 10527 10523 10727
f 10527 10727 10711
f 11069 11021 10917
f 11069 10917 11139
f 11069 11139 11277
f 5071 5237 5455
f 5071 5455 5315
f 10917 10885 11121
f 10917 11121 11139
f 6167 6109 6055
f 6167 6055 6033
f 6167 6033 6179
f 6167 6179 6337
f 11625 11609 11755
f 11625 11755 11721
f 10885 10843 11071
f 10885 11071 11121
f 2585 2543 2507
f 2585 2507 2733
f 2585 2733 2709
f 10523 10515 10733
f 10523 10733 10727
f 11609 11601 11783
f 11609 11783 11755
f 2637 2643 2739
f 2637 2739 2733
f 10843 10771 11041
f 10843 11041 11071
f 10771 10743 11027
f 10771 11027 11041
f 10515 10511 10743
f 10515 10743 10733
f 5237 5337 5539
f 5237 5539 5455
f 2507 2443 2583
f 2507 2583 2637
f 9123 9021 8827
f 9123 8827 9015
f 9123 9015 9273
f 3413 3663 3937
f 3413 3937 3939
f 10511 10509 10935
f 10511 10935 11027
f 5337 5405 5571
f 5337 5571 5539
f 2643 2651 2749
f 2643 2749 2739
f 11601 11593 11853
f 11601 11853 11783
f 2443 2399 2523
f 2443 2523 2583
f 8009 8123 8251
f 8009 8251 8221
f 8009 8221 8177
f 8009 8177 8153
f 8123 8133 8253
f 8123 8253 8251
f 3663 3703 3935
f 3663 3935 3937
f 11593 11591 11899
f 11593 11899 11853
f 11699 11727 11905
f 11699 11905 11899
f 1945 1753 1689
f 1945 1689 1771
f 1945 1771 1853
f 1945 1853 1925
f 1945 1925 2013
f 11591 11589 11689
f 11591 11689 11699
f 2399 2393 2329
f 2399 2329 2439
f 2399 2439 2523
f 10509 10497 10713
f 10509 10713 10935
f 12085 12453 12575
f 12085 12575 12507
f 12085 12507 12205
f 6033 5985 5955
f 6033 5955 6077
f 6033 6077 6179
f 11727 11765 11935
f 11727 11935 11905
f 2329 2301 2419
f 2329 2419 2439
f 8827 8727 8615
f 8827 8615 8837
f 8827 8837 9015
f 10497 10489 10705
f 10497 10705 10713
f 2651 2665 2759
f 2651 2759 2749
f 5405 5543 5657
f 5405 5657 5571
f 11589 11585 11669
f 11589 11669 11689
f 11765 11839 11969
f 11765 11969 11935
f 3703 3733 3931
f 3703 3931 3935
f 8615 8545 8767
f 8615 8767 8837
f 2301 2229 2355
f 2301 2355 2419
f 2665 2671 2761
f 2665 2761 2759
f 8133 8173 8293
f 8133 8293 8253
f 1815 1817 1957
f 1815 1957 1923
f 1815 1923 1889
f 1815 1889 1813
f 11839 11911 12031
f 11839 12031 11969
f 5543 5597 5739
f 5543 5739 5657
f 11585 11577 11661
f 11585 11661 11669
f 11577 11575 11657
f 11577 11657 11661
f 1817 1825 1827
f 1817 1827 2075
f 1817 2075 1957
f 1827 1833 2113
f 1827 2113 2075
f 2229 2147 2275
f 2229 2275 2355
f 1833 1835 2147
f 1833 2147 2113
f 5955 5923 5919
f 5955 5919 6027
f 5955 6027 6077
f 2671 2681 2767
f 2671 2767 2761
f 8545 8449 8649
f 8545 8649 8767
f 8173 8189 8311
f 8173 8311 8293
f 1835 1841 2257
f 1835 2257 2275
f 11911 11973 12083
f 11911 12083 12031
f 8449 8437 8623
f 8449 8623 8649
f 5919 5897 6009
f 5919 6009 6027
f 7031 6973 6911
f 7031 6911 7291
f 7031 7291 7267
f 7031 7267 7203
f 7031 7203 7149
f 7031 7149 7077
f 5597 5637 5811
f 5597 5811 5739
f 2681 2687 2775
f 2681 2775 2767
f 1841 1857 2339
f 1841 2339 2257
f 1689 1637 1527
f 1689 1527 1525
f 1689 1525 1615
f 1689 1615 1771
f 1931 1979 2351
f 1931 2351 2339
f 7061 7097 7307
f 7061 7307 7291
f 1857 1861 1913
f 1857 1913 1931
f 11973 12029 12127
f 11973 12127 12083
f 8189 8205 8335
f 8189 8335 8311
f 11575 11563 11647
f 11575 11647 11657
f 5897 5849 5989
f 5897 5989 6009
f 5637 5659 5849
f 5637 5849 5811
f 12453 12609 12709
f 12453 12709 12631
f 12453 12631 12575
f 3733 3759 3929
f 3733 3929 3931
f 8205 8207 8341
f 8205 8341 8335
f 1979 2109 2421
f 1979 2421 2351
f 2687 2685 2779
f 2687 2779 2775
f 8437 8355 8543
f 8437 8543 8623
f 8207 8219 8355
f 8207 8355 8341
f 2109 2201 2497
f 2109 2497 2421
f 2685 2683 2785
f 2685 2785 2779
f 7097 7161 7361
f 7097 7361 7307
f 10489 10469 10641
f 10489 10641 10705
f 12447 12407 12293
f 12447 12293 12185
f 12447 12185 12499
f 12447 12499 12503
f 12447 12503 12467
f 12029 12075 12185
f 12029 12185 12127
f 5659 5705 5973
f 5659 5973 5989
f 6911 6855 6829
f 6911 6829 6953
f 6911 6953 7061
f 12075 12059 12497
f 12075 12497 12499
f 2201 2285 2563
f 2201 2563 2497
f 2285 2333 2595
f 2285 2595 2563
f 12059 12015 12491
f 12059 12491 12493
f 12059 12493 12497
f 2333 2341 2609
f 2333 2609 2595
f 12015 11999 12489
f 12015 12489 12491
f 2683 2645 2803
f 2683 2803 2785
f 2341 2359 2645
f 2341 2645 2609
f 12311 12373 12487
f 12311 12487 12489
f 12373 12389 12483
f 12373 12483 12487
f 11563 11551 11639
f 11563 11639 11647
f 1525 1415 1515
f 1525 1515 1615
f 12389 12415 12481
f 12389 12481 12483
f 11999 11921 12181
f 11999 12181 12311
f 2359 2473 2809
f 2359 2809 2803
f 11921 11887 12133
f 11921 12133 12181
f 12415 12405 12475
f 12415 12475 12481
f 11551 11535 11631
f 11551 11631 11639
f 6829 6777 6755
f 6829 6755 6895
f 6829 6895 6953
f 8219 8247 8425
f 8219 8425 8543
f 5705 5801 5929
f 5705 5929 5973
f 11887 11809 12077
f 11887 12077 12133
f 5801 5803 5939
f 5801 5939 5929
f 11809 11785 12053
f 11809 12053 12077
f 2473 2559 2819
f 2473 2819 2809
f 3759 3795 3969
f 3759 3969 3929
f 11785 11701 11983
f 11785 11983 12053
f 11535 11525 11629
f 11535 11629 11631
f 11525 11519 11627
f 11525 11627 11629
f 8247 8235 8399
f 8247 8399 8425
f 11701 11659 11953
f 11701 11953 11983
f 2559 2657 2859
f 2559 2859 2819
f 11659 11635 11925
f 11659 11925 11953
f 11519 11495 11635
f 11519 11635 11627
f 3795 3797 3979
f 3795 3979 3969
f 2657 2689 2873
f 2657 2873 2859
f 1861 1885 1917
f 1861 1917 1963
f 1861 1963 1953
f 1861 1953 1949
f 1861 1949 1913
f 12609 12769 12867
f 12609 12867 12741
f 12609 12741 12709
f 12405 12385 12463
f 12405 12463 12471
f 12405 12471 12475
f 10469 10417 10611
f 10469 10611 10641
f 7161 7333 7551
f 7161 7551 7453
f 7161 7453 7361
f 2689 2727 2917
f 2689 2917 2873
f 8235 8217 8375
f 8235 8375 8399
f 1415 1357 1321
f 1415 1321 1423
f 1415 1423 1515
f 8217 8203 8365
f 8217 8365 8375
f 11495 11467 11797
f 11495 11797 11925
f 2727 2791 2973
f 2727 2973 2917
f 2791 2793 2977
f 2791 2977 2973
f 6755 6683 6645
f 6755 6645 6811
f 6755 6811 6895
f 1917 1851 1983
f 1917 1983 1963
f 5803 5875 6023
f 5803 6023 5939
f 2793 2877 3073
f 2793 3073 2977
f 11467 11331 11597
f 11467 11597 11797
f 2877 2925 3113
f 2877 3113 3073
f 12385 12359 12451
f 12385 12451 12463
f 7333 7473 7647
f 7333 7647 7555
f 7333 7555 7551
f 7473 7477 7655
f 7473 7655 7647
f 2925 2979 3167
f 2925 3167 3113
f 8203 8125 8279
f 8203 8279 8365
f 8125 8103 8265
f 8125 8265 8279
f 11331 11201 11425
f 11331 11425 11597
f 11201 11199 11423
f 11201 11423 11425
f 2979 3065 3293
f 2979 3293 3177
f 2979 3177 3167
f 5875 5935 6099
f 5875 6099 6023
f 3797 3825 4015
f 3797 4015 3979
f 3065 3117 3377
f 3065 3377 3327
f 3065 3327 3293
f 12359 12301 12535
f 12359 12535 12451
f 12301 12295 12421
f 12301 12421 12427
f 10417 10351 10543
f 10417 10543 10611
f 11199 11061 11047
f 11199 11047 11257
f 11199 11257 11423
f 3117 3249 3511
f 3117 3511 3491
f 3117 3491 3377
f 1851 1823 1797
f 1851 1797 1745
f 1851 1745 1679
f 1851 1679 1751
f 1851 1751 1909
f 1321 1307 1219
f 1321 1219 1141
f 1321 1141 1251
f 1321 1251 1423
f 7477 7567 7753
f 7477 7753 7655
f 1909 1969 2063
f 1909 2063 1983
f 1679 1649 1729
f 1679 1729 1751
f 8103 8071 8033
f 8103 8033 8021
f 8103 8021 8155
f 8103 8155 8265
f 1969 1977 2069
f 1969 2069 2063
f 10351 10323 10529
f 10351 10529 10543
f 5935 6045 6217
f 5935 6217 6099
f 7567 7607 7797
f 7567 7797 7753
f 6645 6465 6355
f 6645 6355 6597
f 6645 6597 6811
f 1141 1065 1163
f 1141 1163 1251
f 3825 3845 4045
f 3825 4045 4015
f 3249 3527 3845
f 3249 3845 3511
f 8021 7999 7991
f 8021 7991 8119
f 8021 8119 8155
f 3527 3549 4049
f 3527 4049 4045
f 1977 1993 2085
f 1977 2085 2069
f 11047 10927 10729
f 11047 10729 10975
f 11047 10975 11257
f 1649 1601 1667
f 1649 1667 1729
f 12295 12251 12369
f 12295 12369 12421
f 7607 7639 7857
f 7607 7857 7797
f 12769 13041 13139
f 12769 13139 13091
f 12769 13091 12975
f 12769 12975 12867
f 12427 12563 12623
f 12427 12623 12601
f 12427 12601 12535
f 7991 7959 8099
f 7991 8099 8119
f 1601 1581 1655
f 1601 1655 1667
f 10323 10289 10491
f 10323 10491 10529
f 10729 10715 10633
f 10729 10633 10899
f 10729 10899 10975
f 7959 7903 8083
f 7959 8083 8099
f 7639 7659 7903
f 7639 7903 7857
f 10289 10277 10493
f 10289 10493 10491
f 12251 12239 12353
f 12251 12353 12369
f 10633 10591 10859
f 10633 10859 10899
f 10591 10581 10857
f 10591 10857 10859
f 1065 1025 1017
f 1065 1017 1103
f 1065 1103 1163
f 1581 1541 1647
f 1581 1647 1655
f 6355 6301 6535
f 6355 6535 6597
f 6045 6103 6301
f 6045 6301 6217
f 10581 10499 10837
f 10581 10837 10857
f 10277 10263 10499
f 10277 10499 10493
f 1993 2011 2107
f 1993 2107 2085
f 1541 1431 1639
f 1541 1639 1647
f 10263 10257 10807
f 10263 10807 10837
f 2011 2017 2111
f 2011 2111 2107
f 1431 1391 1635
f 1431 1635 1639
f 3549 3747 4089
f 3549 4089 4049
f 12563 12587 12661
f 12563 12661 12623
f 1391 1337 1283
f 1391 1283 1275
f 1391 1275 1633
f 1391 1633 1635
f 6103 6159 6475
f 6103 6475 6535
f 1275 1229 1703
f 1275 1703 1633
f 1229 1223 1231
f 1229 1231 1759
f 1229 1759 1703
f 12587 12613 12693
f 12587 12693 12661
f 1231 1233 1235
f 1231 1235 1849
f 1231 1849 1759
f 10257 10229 10613
f 10257 10613 10671
f 10257 10671 10741
f 10257 10741 10807
f 3747 3883 4123
f 3747 4123 4089
f 2017 2055 2149
f 2017 2149 2111
f 1235 1239 1981
f 1235 1981 1849
f 1239 1241 2007
f 1239 2007 1981
f 2055 2025 2151
f 2055 2151 2149
f 1499 1507 2025
f 1499 2025 2007
f 1241 1245 1439
f 1241 1439 1499
f 13041 13127 13237
f 13041 13237 13177
f 13041 13177 13139
f 1507 1595 2155
f 1507 2155 2151
f 1017 923 1027
f 1017 1027 1103
f 12239 12193 12279
f 12239 12279 12353
f 1595 1631 2159
f 1595 2159 2155
f 1245 1247 1315
f 1245 1315 1439
f 3883 3905 4129
f 3883 4129 4123
f 12193 12191 12273
f 12193 12273 12279
f 7659 7739 7989
f 7659 7989 8083
f 12737 12891 12885
f 12613 12629 12737
f 12613 12737 12693
f 7739 7743 7983
f 7739 7983 7989
f 1631 1793 2173
f 1631 2173 2159
f 12629 12633 12953
f 12629 12953 12891
f 12633 12611 13029
f 12633 13029 13017
f 12633 13017 12953
f 6159 6231 6383
f 6159 6383 6475
f 10229 10169 10431
f 10229 10431 10613
f 12611 12589 13045
f 12611 13045 13029
f 1793 1921 2185
f 1793 2185 2173
f 12191 12167 12259
f 12191 12259 12273
f 923 919 877
f 923 877 975
f 923 975 1027
f 6231 6225 6377
f 6231 6377 6383
f 12589 12521 13055
f 12589 13055 13049
f 12589 13049 13045
f 12521 12461 13059
f 12521 13059 13055
f 12167 12149 12257
f 12167 12257 12259
f 12461 12411 13063
f 12461 13063 13059
f 1921 1995 2199
f 1921 2199 2185
f 12149 12143 12269
f 12149 12269 12257
f 12411 12313 13065
f 12411 13065 13067
f 12411 13067 13063
f 12313 12291 13061
f 12313 13061 13065
f 12143 12141 12291
f 12143 12291 12269
f 10169 10127 10361
f 10169 10361 10431
f 7743 7779 7957
f 7743 7957 7983
f 877 839 929
f 877 929 975
f 12141 12135 13051
f 12141 13051 13061
f 13127 13205 13315
f 13127 13315 13237
f 3905 4025 4189
f 3905 4189 4129
f 12135 12131 12687
f 12135 12687 12973
f 10127 10095 10311
f 10127 10311 10361
f 12131 12125 12485
f 12131 12485 12687
f 7779 7807 7971
f 7779 7971 7957
f 1995 2101 2225
f 1995 2225 2199
f 12125 12119 12391
f 12125 12391 12485
f 4025 4033 4211
f 4025 4211 4189
f 1247 1249 1289
f 1247 1289 1317
f 1247 1317 1393
f 1247 1393 1315
f 12119 12111 12307
f 12119 12307 12391
f 4033 4043 4237
f 4033 4237 4211
f 2101 2135 2245
f 2101 2245 2225
f 1317 1333 1421
f 1317 1421 1393
f 7807 7833 8005
f 7807 8005 7971
f 1333 1329 1427
f 1333 1427 1421
f 2135 2145 2255
f 2135 2255 2245
f 12111 12087 12213
f 12111 12213 12307
f 839 811 745
f 839 745 841
f 839 841 929
f 2847 2815 2817
f 2847 2817 2825
f 2847 2825 3427
f 2847 3427 3335
f 2847 3335 3153
f 2847 3153 2961
f 2847 2961 2903
f 4043 4093 4271
f 4043 4271 4237
f 10095 10027 10233
f 10095 10233 10311
f 2909 3077 3571
f 2909 3571 3551
f 2909 3551 3427
f 4093 4107 4283
f 4093 4283 4271
f 13205 13327 13445
f 13205 13445 13377
f 13205 13377 13315
f 12087 12061 12165
f 12087 12165 12213
f 2145 2193 2283
f 2145 2283 2255
f 7833 7855 8023
f 7833 8023 8005
f 3077 3197 3667
f 3077 3667 3571
f 12061 12055 12157
f 12061 12157 12165
f 1329 1293 1461
f 1329 1461 1427
f 6225 6129 6101
f 6225 6101 6293
f 6225 6293 6377
f 10027 9991 10179
f 10027 10179 10233
f 745 687 787
f 745 787 841
f 11351 11291 11107
f 11351 11107 10985
f 11351 10985 10869
f 11351 10869 11409
f 11351 11409 11407
f 11351 11407 11401
f 11351 11401 11375
f 10869 10829 10823
f 10869 10823 11229
f 10869 11229 11319
f 9991 9983 10155
f 9991 10155 10179
f 2193 2217 2311
f 2193 2311 2283
f 3197 3383 3813
f 3197 3813 3667
f 13327 13351 13469
f 13327 13469 13445
f 11319 11309 11405
f 11319 11405 11411
f 11319 11411 11409
f 12973 12847 12947
f 12973 12947 13001
f 12973 13001 13013
f 12973 13013 13039
f 12973 13039 13051
f 10823 10723 11109
f 10823 11109 11229
f 1293 1267 1261
f 1293 1261 1484
f 1293 1484 1461
f 9983 9955 10131
f 9983 10131 10155
f 4107 4153 4333
f 4107 4333 4283
f 1385 1409 1505
f 1385 1505 1484
f 12055 12001 12103
f 12055 12103 12157
f 687 639 737
f 687 737 787
f 1261 1237 1343
f 1261 1343 1385
f 10723 10537 10507
f 10723 10507 10941
f 10723 10941 11109
f 11309 11293 11389
f 11309 11389 11405
f 1409 1425 1517
f 1409 1517 1505
f 12847 12819 12977
f 12847 12977 12947
f 10507 10427 10871
f 10507 10871 10941
f 13351 13405 13503
f 13351 13503 13489
f 13351 13489 13469
f 4153 4173 4361
f 4153 4361 4333
f 12001 11985 12089
f 12001 12089 12103
f 3383 3761 4099
f 3383 4099 4029
f 3383 4029 3907
f 3383 3907 3813
f 1425 1433 1519
f 1425 1519 1517
f 9955 9905 10123
f 9955 10123 10131
f 12819 12809 12993
f 12819 12993 12977
f 2217 2271 2361
f 2217 2361 2311
f 6101 6075 6069
f 6101 6069 6267
f 6101 6267 6293
f 10427 10339 10793
f 10427 10793 10871
f 4173 4171 4371
f 4173 4371 4361
f 3761 3849 4171
f 3761 4171 4099
f 9905 9887 10147
f 9905 10147 10123
f 1237 1217 1199
f 1237 1199 1305
f 1237 1305 1343
f 10339 10209 10719
f 10339 10719 10793
f 9887 9879 10209
f 9887 10209 10147
f 3849 3875 4375
f 3849 4375 4371
f 9879 9875 10703
f 9879 10703 10719
f 6977 6937 6893
f 6977 6893 7175
f 6977 7175 7167
f 6977 7167 7113
f 6977 7113 7001
f 3875 3927 4381
f 3875 4381 4375
f 12859 12893 13003
f 12859 13003 12993
f 9875 9823 10449
f 9875 10449 10703
f 1433 1469 1555
f 1433 1555 1519
f 12893 12909 13021
f 12893 13021 13003
f 1199 1159 1263
f 1199 1263 1305
f 2271 2321 2407
f 2271 2407 2361
f 3927 4117 4449
f 3927 4449 4381
f 4117 4119 4451
f 4117 4451 4449
f 12809 12763 12839
f 12809 12839 12863
f 12809 12863 12859
f 9823 9783 10279
f 9823 10279 10449
f 6069 6059 6041
f 6069 6041 6253
f 6069 6253 6267
f 1469 1487 1589
f 1469 1589 1555
f 6893 6831 6803
f 6893 6803 6933
f 6893 6933 7003
f 4119 4205 4483
f 4119 4483 4451
f 11293 11251 11353
f 11293 11353 11361
f 11293 11361 11379
f 11293 11379 11389
f 7855 7945 8061
f 7855 8061 8055
f 7855 8055 8037
f 7855 8037 8023
f 12909 12951 13057
f 12909 13057 13021
f 9783 9759 10223
f 9783 10223 10279
f 11985 11915 12011
f 11985 12011 12089
f 11915 11913 12009
f 11915 12009 12011
f 7945 7947 8063
f 7945 8063 8061
f 1487 1511 1597
f 1487 1597 1589
f 1159 1121 1221
f 1159 1221 1263
f 13405 13493 13587
f 13405 13587 13581
f 13405 13581 13503
f 639 581 493
f 639 493 489
f 639 489 595
f 639 595 737
f 2825 2827 2857
f 2825 2857 2885
f 2825 2885 2915
f 2825 2915 2923
f 2825 2923 3039
f 2825 3039 3027
f 2825 3027 3001
f 2825 3001 2941
f 2825 2941 2909
f 9759 9677 10015
f 9759 10015 10223
f 1511 1523 1621
f 1511 1621 1597
f 7003 7147 7341
f 7003 7341 7247
f 7003 7247 7175
f 6803 6751 6905
f 6803 6905 6933
f 4205 4359 4589
f 4205 4589 4483
f 2321 2375 2469
f 2321 2469 2407
f 12951 12985 13083
f 12951 13083 13057
f 9677 9651 9945
f 9677 9945 10015
f 5435 5415 5401
f 5435 5401 5699
f 5435 5699 5605
f 5435 5605 5537
f 11913 11869 11975
f 11913 11975 12009
f 12763 12699 12787
f 12763 12787 12807
f 12763 12807 12835
f 12763 12835 12839
f 11251 11221 11315
f 11251 11315 11335
f 11251 11335 11353
f 5401 5399 5395
f 5401 5395 5767
f 5401 5767 5699
f 1523 1543 1643
f 1523 1643 1621
f 1121 1075 1169
f 1121 1169 1221
f 1075 1061 1167
f 1075 1167 1169
f 5575 5613 5797
f 5575 5797 5767
f 6751 6661 6851
f 6751 6851 6905
f 12699 12677 12775
f 12699 12775 12787
f 13493 13549 13611
f 13493 13611 13587
f 6661 6649 6847
f 6661 6847 6851
f 7147 7207 7427
f 7147 7427 7375
f 7147 7375 7341
f 7947 7975 8077
f 7947 8077 8063
f 1543 1561 1663
f 1543 1663 1643
f 9651 9555 9479
f 9651 9479 9719
f 9651 9719 9945
f 12985 13027 13121
f 12985 13121 13083
f 8665 8577 8389
f 8665 8389 8329
f 8665 8329 8789
f 8665 8789 8781
f 8665 8781 8777
f 8665 8777 8773
f 8665 8773 8729
f 6041 6017 6011
f 6041 6011 6251
f 6041 6251 6253
f 2375 2415 2513
f 2375 2513 2469
f 8329 8315 8537
f 8329 8537 8547
f 7207 7225 7467
f 7207 7467 7429
f 7207 7429 7427
f 1061 1031 1145
f 1061 1145 1167
f 8547 8653 8793
f 8547 8793 8789
f 489 443 525
f 489 525 595
f 1561 1573 1715
f 1561 1715 1663
f 5613 5671 5855
f 5613 5855 5797
f 5395 5383 5531
f 5395 5531 5575
f 8315 8275 8469
f 8315 8469 8537
f 1573 1553 1731
f 1573 1731 1715
f 1553 1549 1737
f 1553 1737 1731
f 1031 1013 1135
f 1031 1135 1145
f 1013 1011 1133
f 1013 1133 1135
f 1549 1513 1761
f 1549 1761 1737
f 5671 5683 5871
f 5671 5871 5855
f 1011 989 1207
f 1011 1207 1133
f 2923 2971 2983
f 2923 2983 3097
f 2923 3097 3039
f 7975 7995 8095
f 7975 8095 8077
f 7225 7253 7557
f 7225 7557 7467
f 8275 8239 8447
f 8275 8447 8469
f 989 969 1285
f 989 1285 1207
f 1513 1359 1799
f 1513 1799 1761
f 969 967 1359
f 969 1359 1285
f 9479 9467 9411
f 9479 9411 9611
f 9479 9611 9719
f 6011 5999 6249
f 6011 6249 6251
f 967 957 1807
f 967 1807 1799
f 8653 8681 8799
f 8653 8799 8793
f 11221 11165 11281
f 11221 11281 11315
f 6649 6411 6801
f 6649 6801 6847
f 7253 7259 7653
f 7253 7653 7557
f 8239 8127 8417
f 8239 8417 8447
f 7995 8001 8127
f 7995 8127 8095
f 5683 5733 5927
f 5683 5927 5871
f 957 863 1997
f 957 1997 1807
f 7259 7273 7735
f 7259 7735 7653
f 7273 7275 7741
f 7273 7741 7735
f 2415 2475 2561
f 2415 2561 2513
f 11165 11157 11269
f 11165 11269 11281
f 8681 8689 8803
f 8681 8803 8799
f 8001 8007 8395
f 8001 8395 8417
f 863 853 2045
f 863 2045 1997
f 6411 6285 6795
f 6411 6795 6801
f 9411 9363 9525
f 9411 9525 9611
f 2983 3009 3107
f 2983 3107 3097
f 5999 5969 6247
f 5999 6247 6249
f 5733 5755 5969
f 5733 5969 5927
f 11869 11749 11895
f 11869 11895 11903
f 11869 11903 11951
f 11869 11951 11975
f 6285 6235 6789
f 6285 6789 6795
f 5755 5761 6235
f 5755 6235 6247
f 853 789 771
f 853 771 2115
f 853 2115 2045
f 4359 4671 4831
f 4359 4831 4821
f 4359 4821 4703
f 4359 4703 4607
f 4359 4607 4589
f 13549 13591 13661
f 13549 13661 13611
f 12677 12627 12707
f 12677 12707 12775
f 771 723 717
f 771 717 2231
f 771 2231 2115
f 12627 12625 12703
f 12627 12703 12707
f 8689 8703 8811
f 8689 8811 8803
f 8007 8011 8369
f 8007 8369 8395
f 7275 7283 8011
f 7275 8011 7741
f 5383 5371 5359
f 5383 5359 5507
f 5383 5507 5531
f 11157 11147 11249
f 11157 11249 11269
f 13027 13089 13179
f 13027 13179 13121
f 2475 2505 2601
f 2475 2601 2561
f 717 625 2505
f 717 2505 2231
f 3009 3029 3123
f 3009 3123 3107
f 625 621 2607
f 625 2607 2601
f 12625 12597 12695
f 12625 12695 12703
f 5761 5809 6765
f 5761 6765 6789
f 7283 7305 8343
f 7283 8343 8369
f 5359 5357 5503
f 5359 5503 5507
f 621 615 1395
f 621 1395 1629
f 6425 6549 6761
f 6425 6761 6765
f 7649 7695 8333
f 7649 8333 8343
f 1629 1821 2615
f 1629 2615 2607
f 5809 5813 6359
f 5809 6359 6425
f 12597 12583 12691
f 12597 12691 12695
f 8703 8711 8825
f 8703 8825 8811
f 7695 7745 8321
f 7695 8321 8333
f 5813 5825 6297
f 5813 6297 6359
f 3029 3035 3137
f 3029 3137 3123
f 443 435 371
f 443 371 467
f 443 467 525
f 6549 6557 6745
f 6549 6745 6761
f 615 597 599
f 615 599 995
f 615 995 1395
f 12583 12569 12689
f 12583 12689 12691
f 11749 11687 11835
f 11749 11835 11875
f 11749 11875 11895
f 12569 12509 12761
f 12569 12761 12689
f 4671 4763 4943
f 4671 4943 4831
f 7745 7889 8297
f 7745 8297 8321
f 9363 9275 9241
f 9363 9241 9401
f 9363 9401 9525
f 599 603 847
f 599 847 995
f 12509 12457 12823
f 12509 12823 12761
f 11147 11123 11235
f 11147 11235 11249
f 5825 5851 6085
f 5825 6085 6297
f 7305 7329 7597
f 7305 7597 7649
f 12457 12417 12887
f 12457 12887 12823
f 12417 12397 12901
f 12417 12901 12887
f 11687 11675 11821
f 11687 11821 11835
f 603 607 773
f 603 773 847
f 1821 2131 2661
f 1821 2661 2615
f 6557 6555 6727
f 6557 6727 6745
f 5851 5865 6093
f 5851 6093 6085
f 6555 6553 6725
f 6555 6725 6727
f 13089 13111 13229
f 13089 13229 13179
f 2131 2207 2677
f 2131 2677 2661
f 13111 13115 13233
f 13111 13233 13229
f 12397 12329 12235
f 12397 12235 12199
f 12397 12199 13115
f 12397 13115 12901
f 7889 8069 8267
f 7889 8267 8297
f 5357 5343 5495
f 5357 5495 5503
f 8711 8719 8855
f 8711 8855 8825
f 3035 3061 3173
f 3035 3173 3137
f 2207 2327 2723
f 2207 2723 2677
f 7329 7363 7577
f 7329 7577 7597
f 9241 9159 9323
f 9241 9323 9401
f 8069 8035 8225
f 8069 8225 8267
f 9159 9155 9321
f 9159 9321 9323
f 12199 12071 12005
f 12199 12005 13259
f 12199 13259 13233
f 12005 11993 13267
f 12005 13267 13259
f 2327 2367 2755
f 2327 2755 2723
f 4763 4863 5077
f 4763 5077 4943
f 4863 4867 5085
f 4863 5085 5077
f 11993 11929 13303
f 11993 13303 13267
f 11675 11623 11767
f 11675 11767 11821
f 2367 2409 2777
f 2367 2777 2755
f 5343 5307 5485
f 5343 5485 5495
f 11929 11879 13329
f 11929 13329 13303
f 11623 11615 11771
f 11623 11771 11767
f 11615 11607 11775
f 11615 11775 11771
f 11879 11817 13373
f 11879 13373 13329
f 11607 11605 11817
f 11607 11817 11775
f 11605 11603 13375
f 11605 13375 13373
f 8719 8725 8881
f 8719 8881 8855
f 7363 7395 7579
f 7363 7579 7577
f 11603 11583 13497
f 11603 13497 13447
f 11603 13447 13375
f 12233 12717 13505
f 12233 13505 13497
f 3061 3083 3223
f 3061 3223 3173
f 607 613 683
f 607 683 825
f 607 825 773
f 5307 5287 5491
f 5307 5491 5485
f 2409 2539 2869
f 2409 2869 2777
f 12717 12921 13541
f 12717 13541 13525
f 12717 13525 13505
f 9155 9081 9257
f 9155 9257 9321
f 7395 7415 7581
f 7395 7581 7579
f 5287 5261 5497
f 5287 5497 5491
f 9081 9069 9249
f 9081 9249 9257
f 5865 5975 6191
f 5865 6191 6093
f 4867 4939 5175
f 4867 5175 5085
f 6553 6527 6671
f 6553 6671 6725
f 12921 13117 13561
f 12921 13561 13551
f 12921 13551 13541
f 11583 11549 12063
f 11583 12063 12233
f 5261 5245 5499
f 5261 5499 5497
f 5975 5993 6219
f 5975 6219 6191
f 5245 5219 5501
f 5245 5501 5499
f 4939 4965 5219
f 4939 5219 5175
f 8725 8721 8895
f 8725 8895 8881
f 13591 13665 13707
f 13591 13707 13689
f 13591 13689 13661
f 8035 7917 8105
f 8035 8105 8225
f 7917 7911 8097
f 7917 8097 8105
f 13117 13339 13557
f 13117 13557 13569
f 13117 13569 13561
f 4965 5007 5505
f 4965 5505 5501
f 11123 11049 11179
f 11123 11179 11183
f 11123 11183 11207
f 11123 11207 11235
f 8721 8717 8917
f 8721 8917 8895
f 13339 13367 13543
f 13339 13543 13557
f 683 701 743
f 683 743 861
f 683 861 825
f 7415 7449 7609
f 7415 7609 7581
f 11549 11459 11847
f 11549 11847 12063
f 5007 5017 5509
f 5007 5509 5505
f 9069 8927 9157
f 9069 9157 9249
f 8717 8715 8927
f 8717 8927 8917
f 6527 6493 6637
f 6527 6637 6671
f 743 749 869
f 743 869 861
f 11459 11441 11805
f 11459 11805 11847
f 8715 8713 9141
f 8715 9141 9157
f 11049 11035 11163
f 11049 11163 11179
f 7911 7845 8059
f 7911 8059 8097
f 5017 4995 5511
f 5017 5511 5509
f 13367 13369 13529
f 13367 13529 13531
f 13367 13531 13543
f 11441 11359 11681
f 11441 11681 11805
f 2539 2849 3115
f 2539 3115 3019
f 2539 3019 2949
f 2539 2949 2879
f 2539 2879 2869
f 6493 6455 6613
f 6493 6613 6637
f 7449 7499 7621
f 7449 7621 7609
f 3083 3131 3297
f 3083 3297 3223
f 2849 2863 3131
f 2849 3131 3115
f 6455 6451 6611
f 6455 6611 6613
f 2863 2871 3301
f 2863 3301 3297
f 749 779 909
f 749 909 869
f 5993 6119 6325
f 5993 6325 6219
f 6119 6121 6327
f 6119 6327 6325
f 7845 7767 8017
f 7845 8017 8059
f 11359 11289 11599
f 11359 11599 11681
f 11035 10991 11159
f 11035 11159 11163
f 8713 8697 9071
f 8713 9071 9141
f 7767 7737 7997
f 7767 7997 8017
f 7499 7511 7657
f 7499 7657 7621
f 7511 7513 7661
f 7511 7661 7657
f 6121 6155 6357
f 6121 6357 6327
f 10991 10973 11171
f 10991 11171 11159
f 11289 11203 11529
f 11289 11529 11599
f 10973 10971 11203
f 10973 11203 11171
f 371 337 315
f 371 315 305
f 371 305 361
f 371 361 467
f 2871 2995 3323
f 2871 3323 3301
f 10971 10963 11493
f 10971 11493 11529
f 7737 7687 7953
f 7737 7953 7997
f 7513 7517 7687
f 7513 7687 7661
f 4995 4901 5513
f 4995 5513 5511
f 6451 6387 6591
f 6451 6591 6611
f 6155 6165 6387
f 6155 6387 6357
f 13665 13677 13729
f 13665 13729 13727
f 13665 13727 13707
f 4901 4893 5205
f 4901 5205 5233
f 779 797 949
f 779 949 909
f 5233 5275 5517
f 5233 5517 5513
f 8697 8687 9129
f 8697 9129 9071
f 8843 8869 9133
f 8843 9133 9129
f 10963 10955 11445
f 10963 11445 11493
f 4253 4219 4201
f 4253 4201 4579
f 4253 4579 4493
f 4253 4493 4389
f 4253 4389 4281
f 4893 4861 5117
f 4893 5117 5205
f 8869 8911 9161
f 8869 9161 9133
f 5275 5325 5519
f 5275 5519 5517
f 6165 6199 6577
f 6165 6577 6591
f 8687 8683 8823
f 8687 8823 8843
f 4861 4829 5081
f 4861 5081 5117
f 2995 3085 3363
f 2995 3363 3323
f 10955 10931 11337
f 10955 11337 11445
f 4201 4187 4191
f 4201 4191 4707
f 4201 4707 4579
f 797 821 987
f 797 987 949
f 4829 4797 5065
f 4829 5065 5081
f 3085 3101 3375
f 3085 3375 3363
f 4797 4759 5053
f 4797 5053 5065
f 4367 4399 4759
f 4367 4759 4707
f 8911 8963 9205
f 8911 9205 9161
f 8683 8671 8801
f 8683 8801 8823
f 4399 4473 5023
f 4399 5023 5053
f 10931 10895 11239
f 10931 11239 11337
f 5325 5341 5527
f 5325 5527 5519
f 8963 9035 9283
f 8963 9283 9205
f 821 807 1029
f 821 1029 987
f 6199 6283 6561
f 6199 6561 6577
f 7517 7531 7827
f 7517 7827 7953
f 3101 3225 3429
f 3101 3429 3375
f 13369 13253 13425
f 13369 13425 13471
f 13369 13471 13499
f 13369 13499 13529
f 8671 8647 8779
f 8671 8779 8801
f 9819 9579 9343
f 9819 9343 9959
f 9819 9959 9979
f 9819 9979 9977
f 9819 9977 9929
f 9035 9119 9343
f 9035 9343 9283
f 4473 4619 4947
f 4473 4947 5023
f 3225 3275 3459
f 3225 3459 3429
f 807 793 1059
f 807 1059 1029
f 305 281 267
f 305 267 331
f 305 331 361
f 4619 4651 4933
f 4619 4933 4947
f 6283 6341 6563
f 6283 6563 6561
f 4191 4203 4223
f 4191 4223 4239
f 4191 4239 4369
f 4191 4369 4367
f 10895 10841 11103
f 10895 11103 11239
f 4651 4685 4949
f 4651 4949 4933
f 9119 9165 9599
f 9119 9599 9777
f 5341 5369 5533
f 5341 5533 5527
f 13677 13713 13747
f 13677 13747 13729
f 793 775 885
f 793 885 903
f 4685 4713 5005
f 4685 5005 4999
f 4685 4999 4949
f 13253 13207 13363
f 13253 13363 13425
f 9165 9185 9541
f 9165 9541 9599
f 8647 8619 8771
f 8647 8771 8779
f 10841 10797 11043
f 10841 11043 11103
f 7531 7533 7723
f 7531 7723 7827
f 7533 7535 7719
f 7533 7719 7723
f 6341 6361 6565
f 6341 6565 6563
f 9185 9121 9427
f 9185 9427 9541
f 4713 4825 5127
f 4713 5127 5095
f 4713 5095 5005
f 13207 13175 13383
f 13207 13383 13363
f 5369 5373 5545
f 5369 5545 5533
f 903 1009 1155
f 903 1155 1059
f 267 253 307
f 267 307 331
f 6361 6395 7693
f 6361 7693 7719
f 9121 9031 9339
f 9121 9339 9427
f 9777 9737 9921
f 9777 9921 9947
f 9777 9947 9959
f 3275 3307 3391
f 3275 3391 3647
f 3275 3647 3459
f 9031 8981 9301
f 9031 9301 9339
f 9737 9731 9913
f 9737 9913 9921
f 775 741 833
f 775 833 885
f 10797 10725 10911
f 10797 10911 11043
f 8981 8939 9243
f 8981 9243 9301
f 8619 8593 8747
f 8619 8747 8771
f 4239 4291 4299
f 4239 4299 4401
f 4239 4401 4369
f 4825 5039 5271
f 4825 5271 5223
f 4825 5223 5153
f 4825 5153 5127
f 1009 1079 1209
f 1009 1209 1155
f 8939 8899 9203
f 8939 9203 9243
f 6395 6447 7631
f 6395 7631 7693
f 8593 8587 8745
f 8593 8745 8747
f 13175 13109 13411
f 13175 13411 13383
f 6447 6457 7617
f 6447 7617 7631
f 6985 7115 7615
f 6985 7615 7617
f 13255 13275 13417
f 13255 13417 13411
f 9731 9717 9889
f 9731 9889 9913
f 7115 7229 7611
f 7115 7611 7615
f 6457 6473 6781
f 6457 6781 6985
f 8899 8821 9135
f 8899 9135 9203
f 5039 5119 5365
f 5039 5365 5271
f 5373 5379 5553
f 5373 5553 5545
f 5119 5129 5379
f 5119 5379 5365
f 13109 13095 13225
f 13109 13225 13255
f 13275 13287 13427
f 13275 13427 13417
f 8587 8579 8737
f 8587 8737 8745
f 1079 1101 1253
f 1079 1253 1209
f 7229 7335 7589
f 7229 7589 7611
f 6473 6499 6741
f 6473 6741 6781
f 3391 3399 3505
f 3391 3505 3727
f 3391 3727 3647
f 8821 8741 9077
f 8821 9077 9135
f 8579 8563 8741
f 8579 8741 8737
f 6499 6513 6747
f 6499 6747 6741
f 13095 13077 13189
f 13095 13189 13225
f 1101 1127 1273
f 1101 1273 1253
f 5129 5213 5567
f 5129 5567 5553
f 8563 8551 9013
f 8563 9013 9077
f 7335 7315 7559
f 7335 7559 7589
f 4299 4327 4457
f 4299 4457 4401
f 741 699 783
f 741 783 833
f 4327 4329 4459
f 4327 4459 4457
f 6513 6539 6753
f 6513 6753 6747
f 699 695 781
f 699 781 783
f 10725 10565 10785
f 10725 10785 10911
f 7315 7309 7543
f 7315 7543 7559
f 9717 9671 9853
f 9717 9853 9889
f 13287 13325 13449
f 13287 13449 13427
f 8551 8541 8907
f 8551 8907 9013
f 8541 8531 8887
f 8541 8887 8907
f 13077 13033 13143
f 13077 13143 13189
f 1127 1185 1313
f 1127 1313 1273
f 5213 5397 5591
f 5213 5591 5567
f 10565 10503 10749
f 10565 10749 10785
f 3505 3643 3837
f 3505 3837 3727
f 1185 1191 1327
f 1185 1327 1313
f 7309 7289 7523
f 7309 7523 7543
f 695 669 761
f 695 761 781
f 4329 4337 4491
f 4329 4491 4459
f 8531 8521 8783
f 8531 8783 8887
f 13325 13337 13457
f 13325 13457 13449
f 4337 4319 4495
f 4337 4495 4491
f 9671 9635 9825
f 9671 9825 9853
f 13033 12971 13099
f 13033 13099 13143
f 5397 5487 5603
f 5397 5603 5591
f 669 655 757
f 669 757 761
f 3643 3695 3933
f 3643 3933 3837
f 1191 1227 1379
f 1191 1379 1327
f 1227 1215 1389
f 1227 1389 1379
f 13337 13355 13467
f 13337 13467 13463
f 13337 13463 13457
f 1215 1175 1405
f 1215 1405 1389
f 8521 8475 8595
f 8521 8595 8783
f 253 241 225
f 253 225 255
f 253 255 307
f 10503 10357 10603
f 10503 10603 10749
f 4319 4279 4535
f 4319 4535 4495
f 8475 8463 8613
f 8475 8613 8595
f 1175 1053 1429
f 1175 1429 1405
f 655 617 777
f 655 777 757
f 12971 12911 13069
f 12971 13069 13099
f 9635 9571 9837
f 9635 9837 9825
f 13713 13753 13779
f 13713 13779 13775
f 13713 13775 13749
f 13713 13749 13747
f 4279 4261 4539
f 4279 4539 4535
f 617 609 799
f 617 799 777
f 5487 5381 5621
f 5487 5621 5603
f 3695 3771 4021
f 3695 4021 3933
f 1053 993 913
f 1053 913 827
f 1053 827 1447
f 1053 1447 1429
f 609 605 827
f 609 827 799
f 4261 4233 4387
f 4261 4387 4413
f 605 601 1451
f 605 1451 1447
f 9571 9545 9869
f 9571 9869 9837
f 6539 6663 6821
f 6539 6821 6799
f 6539 6799 6753
f 4233 4169 4363
f 4233 4363 4387
f 3771 3817 4067
f 3771 4067 4021
f 9545 9539 9883
f 9545 9883 9869
f 7289 7199 7373
f 7289 7373 7523
f 9539 9529 9893
f 9539 9893 9883
f 4169 4113 4353
f 4169 4353 4363
f 3817 3835 4113
f 3817 4113 4067
f 3835 3847 4345
f 3835 4345 4353
f 10357 10241 10443
f 10357 10443 10521
f 10357 10521 10603
f 13355 13395 13487
f 13355 13487 13467
f 1335 1377 1491
f 1335 1491 1451
f 12911 12825 12989
f 12911 12989 13069
f 4413 4475 4593
f 4413 4593 4539
f 5381 5201 5645
f 5381 5645 5621
f 601 571 977
f 601 977 1335
f 12825 12813 12979
f 12825 12979 12989
f 3847 3879 4309
f 3847 4309 4345
f 8463 8411 8815
f 8463 8815 8613
f 571 565 947
f 571 947 977
f 13395 13403 13495
f 13395 13495 13487
f 9683 9775 9967
f 9683 9967 9893
f 5201 5145 5425
f 5201 5425 5481
f 5145 5141 5423
f 5145 5423 5425
f 9529 9501 9647
f 9529 9647 9683
f 1377 1399 1437
f 1377 1437 1551
f 1377 1551 1491
f 5481 5559 5665
f 5481 5665 5645
f 10241 10075 10327
f 10241 10327 10399
f 10241 10399 10443
f 4475 4501 4615
f 4475 4615 4593
f 5559 5561 5667
f 5559 5667 5665
f 9775 9793 10005
f 9775 10005 9967
f 9793 9801 10017
f 9793 10017 10005
f 12813 12777 13163
f 12813 13163 12979
f 10075 10051 10307
f 10075 10307 10327
f 9801 9813 10051
f 9801 10051 10017
f 13403 13409 13509
f 13403 13509 13495
f 225 223 215
f 225 215 237
f 225 237 255
f 6663 6715 6849
f 6663 6849 6843
f 6663 6843 6823
f 6663 6823 6821
f 3879 3949 4257
f 3879 4257 4309
f 565 381 343
f 565 343 341
f 565 341 663
f 565 663 947
f 4501 4511 4633
f 4501 4633 4615
f 7199 7187 7139
f 7199 7139 7303
f 7199 7303 7373
f 9501 9463 9601
f 9501 9601 9647
f 9813 9843 10267
f 9813 10267 10307
f 1437 1476 1603
f 1437 1603 1551
f 12897 12995 13311
f 12897 13311 13163
f 8597 8749 8929
f 8597 8929 8815
f 12995 13011 13361
f 12995 13361 13311
f 5141 5029 5251
f 5141 5251 5423
f 3949 3951 4225
f 3949 4225 4257
f 13409 13399 13521
f 13409 13521 13509
f 13011 13031 13399
f 13011 13399 13361
f 4511 4529 4653
f 4511 4653 4633
f 9843 9885 10237
f 9843 10237 10267
f 341 313 301
f 341 301 521
f 341 521 663
f 5029 5019 5231
f 5029 5231 5251
f 9885 9903 10227
f 9885 10227 10237
f 12777 12713 12841
f 12777 12841 12897
f 9463 9429 9565
f 9463 9565 9601
f 301 277 451
f 301 451 521
f 4529 4555 4675
f 4529 4675 4653
f 3951 3975 4195
f 3951 4195 4225
f 9903 9919 10199
f 9903 10199 10227
f 8411 8363 8471
f 8411 8471 8597
f 4555 4561 4681
f 4555 4681 4675
f 3975 3981 4177
f 3975 4177 4195
f 8749 8853 9027
f 8749 9027 8929
f 13031 13185 13537
f 13031 13537 13521
f 9429 9409 9551
f 9429 9551 9565
f 5561 5585 5609
f 5561 5609 5615
f 5561 5615 5731
f 5561 5731 5667
f 3981 3983 4215
f 3981 4215 4177
f 9919 9935 10187
f 9919 10187 10199
f 277 271 287
f 277 287 289
f 277 289 355
f 277 355 451
f 5019 4885 5115
f 5019 5115 5231
f 3983 3897 4243
f 3983 4243 4215
f 9935 9941 10203
f 9935 10203 10187
f 1475 1565 1681
f 1475 1681 1603
f 3897 3827 4265
f 3897 4265 4243
f 3827 3811 4275
f 3827 4275 4265
f 7139 7123 7105
f 7139 7105 7269
f 7139 7269 7303
f 3811 3669 4323
f 3811 4323 4275
f 9409 9387 9537
f 9409 9537 9551
f 9941 9927 10235
f 9941 10235 10203
f 4561 4573 4717
f 4561 4717 4681
f 3669 3573 3533
f 3669 3533 4393
f 3669 4393 4323
f 4573 4575 4721
f 4573 4721 4717
f 4885 4833 5063
f 4885 5063 5115
f 9387 9379 9527
f 9387 9527 9537
f 4575 4577 4733
f 4575 4733 4721
f 3533 3415 3397
f 3533 3397 4577
f 3533 4577 4393
f 8853 8923 9113
f 8853 9113 9027
f 9927 9863 10249
f 9927 10249 10235
f 9863 9859 10255
f 9863 10255 10249
f 6715 6749 6867
f 6715 6867 6849
f 3397 3315 3313
f 3397 3313 4747
f 3397 4747 4733
f 9379 9361 9573
f 9379 9573 9527
f 9859 9743 10325
f 9859 10325 10255
f 9361 9355 9653
f 9361 9653 9573
f 4833 4773 5033
f 4833 5033 5063
f 3313 3299 4773
f 3313 4773 4747
f 9743 9713 10419
f 9743 10419 10325
f 9355 9353 9713
f 9355 9713 9653
f 9353 9351 10429
f 9353 10429 10419
f 9351 9347 10761
f 9351 10761 10675
f 9351 10675 10429
f 3299 3265 5013
f 3299 5013 5033
f 8923 8989 9147
f 8923 9147 9113
f 8363 8289 8397
f 8363 8397 8471
f 215 213 205
f 215 205 219
f 215 219 237
f 3265 3255 5011
f 3265 5011 5013
f 3989 4175 5003
f 3989 5003 5011
f 8989 9009 9167
f 8989 9167 9147
f 3255 3235 3653
f 3255 3653 3989
f 9347 9317 10919
f 9347 10919 10855
f 9347 10855 10783
f 9347 10783 10761
f 3235 3231 3233
f 3235 3233 3499
f 3235 3499 3653
f 4175 4341 4983
f 4175 4983 5003
f 4341 4383 4997
f 4341 4997 4983
f 3233 3237 3437
f 3233 3437 3499
f 9009 9053 9209
f 9009 9209 9167
f 9317 9295 10969
f 9317 10969 10949
f 9317 10949 10919
f 9295 9245 10995
f 9295 10995 10989
f 9295 10989 10969
f 9053 9083 9245
f 9053 9245 9209
f 9083 9091 10997
f 9083 10997 10995
f 9091 9079 10999
f 9091 10999 10997
f 4383 4617 5059
f 4383 5059 4997
f 10103 10273 11007
f 10103 11007 10999
f 13185 13699 13739
f 13185 13739 13741
f 13185 13741 13735
f 13185 13735 13719
f 13185 13719 13663
f 13185 13663 13537
f 10273 10407 11001
f 10273 11001 11009
f 10273 11009 11007
f 9079 9057 9757
f 9079 9757 10103
f 9057 9051 9735
f 9057 9735 9757
f 1565 1567 1617
f 1565 1617 1657
f 1565 1657 1713
f 1565 1713 1881
f 1565 1881 1681
f 4617 4689 5093
f 4617 5093 5059
f 13753 13789 13795
f 13753 13795 13793
f 13753 13793 13787
f 13753 13787 13779
f 12713 12523 12639
f 12713 12639 12655
f 12713 12655 12781
f 12713 12781 12841
f 9051 9017 9585
f 9051 9585 9735
f 3237 3241 3271
f 3237 3271 3279
f 3237 3279 3473
f 3237 3473 3437
f 4689 4727 5135
f 4689 5135 5093
f 10407 10657 10977
f 10407 10977 11001
f 9017 8973 9475
f 9017 9475 9585
f 8973 8971 9469
f 8973 9469 9475
f 4727 4813 5221
f 4727 5221 5135
f 8289 8161 8303
f 8289 8303 8353
f 8289 8353 8397
f 10657 10831 10957
f 10657 10957 10977
f 289 303 359
f 289 359 441
f 289 441 633
f 289 633 355
f 1713 1775 1935
f 1713 1935 1881
f 3279 3325 3521
f 3279 3521 3473
f 5615 5677 5751
f 5615 5751 5783
f 5615 5783 5907
f 5615 5907 5731
f 7105 7091 7079
f 7105 7079 7213
f 7105 7213 7269
f 4813 4961 5345
f 4813 5345 5235
f 4813 5235 5221
f 1775 1785 1811
f 1775 1811 1965
f 1775 1965 1935
f 441 471 693
f 441 693 633
f 8971 8785 9231
f 8971 9231 9469
f 12523 12383 12549
f 12523 12549 12591
f 12523 12591 12639
f 1811 1847 1991
f 1811 1991 1965
f 12383 12377 12531
f 12383 12531 12549
f 3325 3393 3407
f 3325 3407 3635
f 3325 3635 3521
f 8785 8707 8667
f 8785 8667 9093
f 8785 9093 9231
f 1847 1899 2067
f 1847 2067 1991
f 10831 10647 10839
f 10831 10839 10893
f 10831 10893 10943
f 10831 10943 10957
f 1899 1905 2077
f 1899 2077 2067
f 8667 8549 8931
f 8667 8931 9093
f 4961 5265 5551
f 4961 5551 5345
f 6749 6785 6889
f 6749 6889 6891
f 6749 6891 6871
f 6749 6871 6867
f 3407 3481 3697
f 3407 3697 3635
f 471 463 831
f 471 831 693
f 463 461 559
f 463 559 575
f 1905 1941 2121
f 1905 2121 2077
f 1941 1915 2141
f 1941 2141 2121
f 13699 13511 13657
f 13699 13657 13695
f 13699 13695 13717
f 13699 13717 13733
f 13699 13733 13739
f 575 643 851
f 575 851 831
f 5783 5837 5889
f 5783 5889 6031
f 5783 6031 5907
f 1915 1869 2167
f 1915 2167 2141
f 12377 12229 12399
f 12377 12399 12531
f 1869 1865 2169
f 1869 2169 2167
f 7079 7069 7197
f 7079 7197 7213
f 12229 12219 12393
f 12229 12393 12399
f 643 677 883
f 643 883 851
f 5265 5431 5619
f 5265 5619 5573
f 5265 5573 5551
f 1865 1711 2211
f 1865 2211 2169
f 3481 3569 3777
f 3481 3777 3697
f 12219 12173 12365
f 12219 12365 12393
f 10647 10453 10697
f 10647 10697 10839
f 2019 2071 2249
f 2019 2249 2211
f 13511 13451 13597
f 13511 13597 13657
f 8549 8519 8383
f 8549 8383 8611
f 8549 8611 8931
f 461 453 545
f 461 545 559
f 12173 12129 12345
f 12173 12345 12365
f 6785 6779 6875
f 6785 6875 6889
f 3569 3607 3853
f 3569 3853 3777
f 13451 13421 13601
f 13451 13601 13597
f 10453 10393 10645
f 10453 10645 10697
f 8161 7817 8051
f 8161 8051 8079
f 8161 8079 8303
f 677 801 973
f 677 973 883
f 801 809 985
f 801 985 973
f 6779 6775 6877
f 6779 6877 6875
f 10393 10367 10627
f 10393 10627 10645
f 5431 5579 5725
f 5431 5725 5713
f 5431 5713 5619
f 12129 12069 12403
f 12129 12403 12345
f 5889 6007 6175
f 5889 6175 6031
f 7069 7067 7059
f 7069 7059 7185
f 7069 7185 7197
f 3607 3655 3921
f 3607 3921 3853
f 8383 8379 8309
f 8383 8309 8477
f 8383 8477 8611
f 13421 13345 13603
f 13421 13603 13601
f 1711 1671 1591
f 1711 1591 1480
f 1711 1480 1397
f 1711 1397 1685
f 1711 1685 2019
f 10367 10299 10577
f 10367 10577 10627
f 12069 12023 12465
f 12069 12465 12403
f 809 865 1037
f 809 1037 985
f 453 447 533
f 453 533 545
f 3655 3587 3987
f 3655 3987 3921
f 13345 13323 13479
f 13345 13479 13513
f 2071 2233 2435
f 2071 2435 2249
f 3587 3453 4011
f 3587 4011 3987
f 3453 3449 4013
f 3453 4013 4011
f 8309 8237 8391
f 8309 8391 8477
f 1397 1349 1309
f 1397 1309 1559
f 1397 1559 1685
f 12023 11955 12599
f 12023 12599 12565
f 12023 12565 12465
f 10299 10215 10615
f 10299 10615 10577
f 7817 7641 7893
f 7817 7893 7897
f 7817 7897 8051
f 865 941 1137
f 865 1137 1037
f 1309 1271 1493
f 1309 1493 1559
f 2233 2293 2511
f 2233 2511 2435
f 11955 11933 12621
f 11955 12621 12599
f 6775 6769 6879
f 6775 6879 6877
f 3449 3037 4057
f 3449 4057 4013
f 941 961 1177
f 941 1177 1137
f 10215 10129 10625
f 10215 10625 10615
f 13323 13219 13391
f 13323 13391 13479
f 12183 12375 12665
f 12183 12665 12621
f 1271 1201 1443
f 1271 1443 1493
f 961 963 1201
f 961 1201 1177
f 447 437 515
f 447 515 533
f 2293 2335 2555
f 2293 2555 2511
f 3037 2855 4095
f 3037 4095 4057
f 7059 7051 7205
f 7059 7205 7185
f 205 191 189
f 205 189 187
f 205 187 203
f 205 203 219
f 11933 11885 12097
f 11933 12097 12183
f 963 981 1419
f 963 1419 1443
f 2855 2743 4101
f 2855 4101 4095
f 2335 2345 2743
f 2335 2743 2555
f 2345 2349 4111
f 2345 4111 4101
f 437 433 511
f 437 511 515
f 3803 3863 4125
f 3803 4125 4111
f 10129 10073 10787
f 10129 10787 10625
f 12375 12455 12719
f 12375 12719 12705
f 12375 12705 12665
f 2349 2371 3753
f 2349 3753 3803
f 981 1007 1371
f 981 1371 1419
f 3863 3887 4147
f 3863 4147 4125
f 11885 11803 12041
f 11885 12041 12097
f 2371 2405 3743
f 2371 3743 3753
f 10073 10019 11045
f 10073 11045 10787
f 1007 959 1299
f 1007 1299 1371
f 12455 12571 12805
f 12455 12805 12795
f 12455 12795 12719
f 13513 13539 13607
f 13513 13607 13603
f 11803 11737 11987
f 11803 11987 12041
f 10019 10003 11077
f 10019 11077 11045
f 7641 7501 7747
f 7641 7747 7893
f 6007 6115 6263
f 6007 6263 6431
f 6007 6431 6175
f 7051 7039 7215
f 7051 7215 7205
f 2405 2437 3011
f 2405 3011 3273
f 7501 7441 7721
f 7501 7721 7747
f 10363 10379 11191
f 10363 11191 11077
f 10003 9961 10295
f 10003 10295 10363
f 12571 12603 12851
f 12571 12851 12805
f 9961 9953 10287
f 9961 10287 10295
f 3887 4017 4277
f 3887 4277 4147
f 3553 3555 3715
f 3553 3715 3743
f 2437 2489 2881
f 2437 2881 3011
f 11737 11663 11943
f 11737 11943 11987
f 6263 6287 6501
f 6263 6501 6431
f 8237 8073 8031
f 8237 8031 8213
f 8237 8213 8391
f 2489 2471 2851
f 2489 2851 2881
f 959 895 1195
f 959 1195 1299
f 13219 13199 13171
f 13219 13171 13129
f 13219 13129 13105
f 13219 13105 13251
f 13219 13251 13307
f 13219 13307 13391
f 895 891 1183
f 895 1183 1195
f 6769 6731 6881
f 6769 6881 6879
f 10379 10391 11427
f 10379 11427 11317
f 10379 11317 11191
f 9953 9867 10205
f 9953 10205 10287
f 5579 5835 6001
f 5579 6001 5891
f 5579 5891 5725
f 10391 10395 11471
f 10391 11471 11429
f 7039 7027 7235
f 7039 7235 7215
f 6731 6713 6883
f 6731 6883 6881
f 2471 2401 2747
f 2471 2747 2851
f 7027 7023 7237
f 7027 7237 7235
f 6287 6319 6573
f 6287 6573 6501
f 13105 13079 13223
f 13105 13223 13251
f 11663 11503 11891
f 11663 11891 11943
f 10583 10669 11503
f 10583 11503 11471
f 12603 12697 12957
f 12603 12957 12851
f 3555 3557 3707
f 3555 3707 3715
f 13539 13547 13613
f 13539 13613 13607
f 6713 6691 6885
f 6713 6885 6883
f 6691 6685 6887
f 6691 6887 6885
f 891 849 1097
f 891 1097 1183
f 12697 12725 12999
f 12697 12999 12957
f 12725 12739 13009
f 12725 13009 12999
f 7441 7271 7623
f 7441 7623 7721
f 7023 6993 7271
f 7023 7271 7237
f 6685 6621 6897
f 6685 6897 6887
f 6319 6343 6621
f 6319 6621 6573
f 13079 13023 13195
f 13079 13195 13223
f 12739 12747 13023
f 12739 13023 13009
f 10669 10951 11845
f 10669 11845 11891
f 9867 9765 10081
f 9867 10081 10205
f 10951 11059 11831
f 10951 11831 11845
f 849 791 1033
f 849 1033 1047
f 849 1047 1097
f 433 411 499
f 433 499 511
f 3557 3559 3709
f 3557 3709 3707
f 4017 4155 4447
f 4017 4447 4277
f 8031 7923 7885
f 8031 7885 8089
f 8031 8089 8213
f 6343 6369 6919
f 6343 6919 6897
f 11059 11223 11791
f 11059 11791 11831
f 11223 11225 11789
f 11223 11789 11791
f 12747 12829 13155
f 12747 13155 13195
f 6993 6947 7545
f 6993 7545 7623
f 6369 6379 6947
f 6369 6947 6919
f 4155 4179 4465
f 4155 4465 4447
f 3559 3561 3723
f 3559 3723 3709
f 791 733 979
f 791 979 1005
f 791 1005 1033
f 2401 2373 2313
f 2401 2313 2237
f 2401 2237 2495
f 2401 2495 2747
f 6379 6385 7541
f 6379 7541 7545
f 13547 13559 13619
f 13547 13619 13615
f 13547 13615 13613
f 11225 11311 11757
f 11225 11757 11789
f 733 679 935
f 733 935 979
f 679 637 915
f 679 915 935
f 12829 12883 13125
f 12829 13125 13155
f 411 407 505
f 411 505 499
f 11311 11383 11773
f 11311 11773 11757
f 637 585 893
f 637 893 915
f 10395 10441 10585
f 10395 10585 10583
f 4179 3985 4521
f 4179 4521 4465
f 2237 2227 2177
f 2237 2177 2379
f 2237 2379 2495
f 5835 5965 6181
f 5835 6181 6001
f 585 523 871
f 585 871 893
f 407 405 523
f 407 523 505
f 405 403 867
f 405 867 871
f 12883 12919 13147
f 12883 13147 13125
f 11383 11437 11795
f 11383 11795 11773
f 6385 6415 7479
f 6385 7479 7541
f 3985 3917 4551
f 3985 4551 4521
f 9765 9575 9891
f 9765 9891 10081
f 3561 3545 3769
f 3561 3769 3723
f 3917 3851 4565
f 3917 4565 4551
f 3545 3543 3851
f 3545 3851 3769
f 11437 11487 11825
f 11437 11825 11795
f 10441 10447 10587
f 10441 10587 10585
f 2177 2099 2305
f 2177 2305 2379
f 11487 11537 11861
f 11487 11861 11825
f 9575 9533 9845
f 9575 9845 9891
f 7885 7791 7763
f 7885 7763 7977
f 7885 7977 8089
f 3543 3541 4595
f 3543 4595 4565
f 5965 6025 6271
f 5965 6271 6181
f 403 391 759
f 403 759 867
f 3541 3525 4621
f 3541 4621 4595
f 6415 6477 7423
f 6415 7423 7479
f 3525 3515 4645
f 3525 4645 4621
f 10447 10457 10617
f 10447 10617 10587
f 9533 9451 10033
f 9533 10033 9845
f 4331 4373 4679
f 4331 4679 4645
f 3515 3507 4159
f 3515 4159 4331
f 6477 6505 7447
f 6477 7447 7423
f 12919 13093 13283
f 12919 13283 13147
f 3507 3503 4097
f 3507 4097 4159
f 6505 6517 6839
f 6505 6839 6923
f 13093 13101 13297
f 13093 13297 13283
f 6923 7087 7475
f 6923 7475 7447
f 9451 9395 10145
f 9451 10145 10033
f 13559 13573 13633
f 13559 13633 13619
f 6517 6523 6837
f 6517 6837 6839
f 7087 7095 7483
f 7087 7483 7475
f 11537 11723 12003
f 11537 12003 11997
f 11537 11997 11947
f 11537 11947 11861
f 3503 3471 4031
f 3503 4031 4097
f 6025 6097 6345
f 6025 6345 6271
f 391 379 627
f 391 627 759
f 10457 10461 10631
f 10457 10631 10617
f 6523 6497 6767
f 6523 6767 6837
f 6497 6495 6759
f 6497 6759 6767
f 7095 7171 7525
f 7095 7525 7483
f 4373 4403 4815
f 4373 4815 4679
f 4403 4405 4817
f 4403 4817 4815
f 9395 9331 10301
f 9395 10301 10145
f 13101 13151 13347
f 13101 13347 13297
f 187 183 181
f 187 181 197
f 187 197 203
f 6097 6139 6375
f 6097 6375 6345
f 3471 3389 3909
f 3471 3909 4031
f 9331 9307 10345
f 9331 10345 10301
f 379 377 567
f 379 567 627
f 7763 7685 7681
f 7763 7681 7825
f 7763 7825 7977
f 9631 9687 10371
f 9631 10371 10345
f 13573 13563 13637
f 13573 13637 13633
f 6495 6471 6721
f 6495 6721 6759
f 7171 7221 7553
f 7171 7553 7525
f 7681 7669 7809
f 7681 7809 7825
f 9687 9849 10435
f 9687 10435 10371
f 9849 9851 10439
f 9849 10439 10435
f 7221 7249 7595
f 7221 7595 7553
f 10461 10463 10661
f 10461 10661 10631
f 9851 9901 10463
f 9851 10463 10439
f 4405 4409 4975
f 4405 4975 4817
f 6471 6419 6693
f 6471 6693 6721
f 6139 6169 6419
f 6139 6419 6375
f 7669 7627 7789
f 7669 7789 7809
f 7249 7257 7627
f 7249 7627 7595
f 4409 4411 4991
f 4409 4991 4975
f 3389 3311 3779
f 3389 3779 3909
f 9901 9931 10665
f 9901 10665 10661
f 11723 11889 12117
f 11723 12117 12051
f 11723 12051 12003
f 7257 7263 7781
f 7257 7781 7789
f 4567 4597 5043
f 4567 5043 4991
f 9931 9993 10679
f 9931 10679 10665
f 13151 13227 13453
f 13151 13453 13347
f 13227 13231 13455
f 13227 13455 13453
f 2099 2035 1951
f 2099 1951 1875
f 2099 1875 2053
f 2099 2053 2105
f 2099 2105 2187
f 2099 2187 2305
f 13563 13553 13639
f 13563 13639 13637
f 4597 4661 5155
f 4597 5155 5043
f 4661 4663 5165
f 4661 5165 5155
f 13231 13273 13491
f 13231 13491 13455
f 9993 10173 10751
f 9993 10751 10679
f 6169 6215 6595
f 6169 6595 6693
f 9307 9087 9627
f 9307 9627 9631
f 3311 3227 3171
f 3311 3171 3621
f 3311 3621 3779
f 13553 13527 13643
f 13553 13643 13639
f 13273 13281 13527
f 13273 13527 13491
f 9087 9023 9625
f 9087 9625 9627
f 6215 6255 6581
f 6215 6581 6595
f 9023 8941 9421
f 9023 9421 9477
f 9477 9481 9619
f 9477 9619 9625
f 10173 10291 10791
f 10173 10791 10751
f 377 299 273
f 377 273 383
f 377 383 567
f 8941 8897 9405
f 8941 9405 9421
f 4411 4419 4547
f 4411 4547 4567
f 7263 7325 7703
f 7263 7703 7781
f 6255 6195 6559
f 6255 6559 6581
f 4663 4783 5587
f 4663 5587 5165
f 11889 12021 12225
f 11889 12225 12187
f 11889 12187 12117
f 3171 3119 3099
f 3171 3099 3423
f 3171 3423 3621
f 8897 8795 9375
f 8897 9375 9405
f 1875 1873 1755
f 1875 1755 1937
f 1875 1937 2053
f 6195 6107 6547
f 6195 6547 6559
f 4783 4843 5719
f 4783 5719 5587
f 8795 8739 9345
f 8795 9345 9375
f 6107 5913 6543
f 6107 6543 6547
f 5913 5859 6541
f 5913 6541 6543
f 4843 4853 5859
f 4843 5859 5719
f 9481 9487 9615
f 9481 9615 9619
f 7325 7371 7969
f 7325 7969 7703
f 13281 13401 13645
f 13281 13645 13643
f 8739 8559 9297
f 8739 9297 9345
f 273 265 251
f 273 251 249
f 273 249 339
f 273 339 383
f 3099 3047 3295
f 3099 3295 3423
f 8559 8495 9263
f 8559 9263 9277
f 8559 9277 9297
f 1755 1733 1719
f 1755 1719 1891
f 1755 1891 1937
f 10291 10539 10921
f 10291 10921 10791
f 8495 8421 9227
f 8495 9227 9263
f 7371 7401 8185
f 7371 8185 7969
f 7401 7407 8249
f 7401 8249 8185
f 7407 7409 8273
f 7407 8273 8249
f 8421 8323 9171
f 8421 9171 9227
f 7409 7413 8323
f 7409 8323 8273
f 4853 4859 5055
f 4853 5055 5099
f 4853 5099 6489
f 4853 6489 6541
f 249 239 319
f 249 319 339
f 4419 4425 4533
f 4419 4533 4547
f 13401 13473 13647
f 13401 13647 13645
f 1719 1697 1837
f 1719 1837 1891
f 13473 13477 13655
f 13473 13655 13647
f 10539 10721 11029
f 10539 11029 10959
f 10539 10959 10921
f 7413 7439 8345
f 7413 8345 8603
f 7413 8603 8915
f 7413 8915 9171
f 13789 13791 13809
f 13789 13809 13807
f 13789 13807 13805
f 13789 13805 13801
f 13789 13801 13795
f 5099 5277 5741
f 5099 5741 5959
f 5099 5959 6467
f 5099 6467 6489
f 3047 3007 2935
f 3047 2935 3067
f 3047 3067 3295
f 239 231 233
f 239 233 235
f 239 235 325
f 239 325 319
f 13477 13567 13681
f 13477 13681 13655
f 7439 7461 7733
f 7439 7733 8345
f 5959 6137 6461
f 5959 6461 6467
f 12021 12237 12409
f 12021 12409 12361
f 12021 12361 12261
f 12021 12261 12225
f 7461 7471 7713
f 7461 7713 7733
f 1697 1695 1665
f 1697 1665 1683
f 1697 1683 1767
f 1697 1767 1837
f 10721 10849 11091
f 10721 11091 11029
f 7471 7485 7643
f 7471 7643 7713
f 235 245 247
f 235 247 335
f 235 335 325
f 9487 9493 9607
f 9487 9607 9615
f 4425 4429 4525
f 4425 4525 4533
f 6137 6197 6437
f 6137 6437 6461
f 247 261 357
f 247 357 335
f 7485 7505 7629
f 7485 7629 7643
f 6197 6237 6433
f 6197 6433 6437
f 10849 11003 11177
f 10849 11177 11175
f 10849 11175 11091
f 7505 7507 7645
f 7505 7645 7629
f 2935 2931 2919
f 2935 2919 2939
f 2935 2939 3155
f 2935 3155 3067
f 13567 13659 13737
f 13567 13737 13721
f 13567 13721 13681
f 9493 9491 9591
f 9493 9591 9607
f 11003 11039 11193
f 11003 11193 11177
f 6237 6213 6427
f 6237 6427 6433
f 9491 9489 9593
f 9491 9593 9591
f 6213 6207 6429
f 6213 6429 6427
f 11039 11025 11189
f 11039 11189 11197
f 11039 11197 11193
f 12237 12439 12525
f 12237 12525 12515
f 12237 12515 12469
f 12237 12469 12409
f 6207 6091 6435
f 6207 6435 6429
f 7507 7463 7783
f 7507 7783 7645
f 13659 13709 13767
f 13659 13767 13759
f 13659 13759 13737
f 6091 5753 6439
f 6091 6439 6435
f 261 295 347
f 261 347 487
f 261 487 357
f 5753 5599 6445
f 5753 6445 6439
f 7463 7445 8047
f 7463 8047 7783
f 2939 2953 3005
f 2939 3005 3053
f 2939 3053 3091
f 2939 3091 3367
f 2939 3367 3155
f 1683 1707 1747
f 1683 1747 1831
f 1683 1831 1883
f 1683 1883 2027
f 1683 2027 1767
f 9489 9483 9597
f 9489 9597 9593
f 347 385 579
f 347 579 487
f 4429 4431 4549
f 4429 4549 4525
f 7445 7425 8879
f 7445 8879 8381
f 7445 8381 8047
f 3091 3195 3537
f 3091 3537 3367
f 5599 5273 4989
f 5599 4989 4709
f 5599 4709 4695
f 5599 4695 6519
f 5599 6519 6445
f 11025 10809 11089
f 11025 11089 11167
f 11025 11167 11189
f 13709 13669 13755
f 13709 13755 13761
f 13709 13761 13771
f 13709 13771 13769
f 13709 13769 13767
f 5693 5853 6525
f 5693 6525 6519
f 385 387 653
f 385 653 579
f 4695 4667 5549
f 4695 5549 5693
f 3195 3247 3641
f 3195 3641 3537
f 5853 5977 6531
f 5853 6531 6525
f 5977 5987 6545
f 5977 6545 6531
f 4667 4635 5299
f 4667 5299 5549
f 7425 7391 9173
f 7425 9173 9169
f 7425 9169 8975
f 7425 8975 8879
f 4431 4433 4559
f 4431 4559 4549
f 7391 7387 8057
f 7391 8057 8201
f 4635 4625 5249
f 4635 5249 5299
f 7387 7381 7905
f 7387 7905 8057
f 3247 3287 3713
f 3247 3713 3641
f 7381 7377 7873
f 7381 7873 7905
f 13669 13631 13731
f 13669 13731 13743
f 13669 13743 13755
f 4625 4569 5087
f 4625 5087 5249
f 4433 4435 4569
f 4433 4569 4559
f 4435 4437 5061
f 4435 5061 5087
f 181 175 177
f 181 177 201
f 181 201 197
f 8201 8507 9239
f 8201 9239 9173
f 10809 10655 11023
f 10809 11023 11073
f 10809 11073 11089
f 5987 6143 6585
f 5987 6585 6545
f 6143 6141 6593
f 6143 6593 6585
f 8507 8709 9305
f 8507 9305 9289
f 8507 9289 9239
f 3287 3349 3857
f 3287 3857 3713
f 9483 9455 9603
f 9483 9603 9597
f 7377 7349 7651
f 7377 7651 7873
f 4437 4439 4869
f 4437 4869 5061
f 387 393 817
f 387 817 653
f 12439 12347 12283
f 12439 12283 12243
f 12439 12243 12163
f 12439 12163 12321
f 12439 12321 12357
f 12439 12357 12435
f 12439 12435 12527
f 12439 12527 12525
f 9455 9449 9605
f 9455 9605 9603
f 7349 7319 7673
f 7349 7673 7651
f 13631 13579 13697
f 13631 13697 13723
f 13631 13723 13731
f 8709 8909 9357
f 8709 9357 9305
f 10655 10437 10887
f 10655 10887 11005
f 10655 11005 11023
f 10437 10421 10877
f 10437 10877 10887
f 6141 6131 6651
f 6141 6651 6593
f 9449 9435 9609
f 9449 9609 9605
f 12163 12121 12281
f 12163 12281 12321
f 1883 2079 2083
f 1883 2083 2299
f 1883 2299 2027
f 6131 6111 6667
f 6131 6667 6651
f 3349 3417 4041
f 3349 4041 3857
f 9435 9417 9613
f 9435 9613 9609
f 8909 9063 9417
f 8909 9417 9357
f 393 395 899
f 393 899 817
f 395 397 501
f 395 501 629
f 3417 3439 4133
f 3417 4133 4041
f 629 689 937
f 629 937 899
f 6111 6089 6735
f 6111 6735 6667
f 3439 3445 4193
f 3439 4193 4133
f 9063 9187 9617
f 9063 9617 9613
f 4439 4441 4669
f 4439 4669 4869
f 3445 3457 4293
f 3445 4293 4193
f 13579 13483 13649
f 13579 13649 13697
f 12121 12057 12227
f 12121 12227 12231
f 12121 12231 12281
f 3457 3463 4639
f 3457 4639 4669
f 3725 3735 4637
f 3725 4637 4639
f 3463 3465 3705
f 3463 3705 3725
f 7319 7241 7759
f 7319 7759 7673
f 689 755 999
f 689 999 937
f 397 401 481
f 397 481 501
f 3735 3783 4623
f 3735 4623 4637
f 9187 9251 9629
f 9187 9629 9617
f 6323 6421 6815
f 6323 6815 6735
f 10421 10053 10735
f 10421 10735 10877
f 3465 3477 3675
f 3465 3675 3705
f 7241 7183 7787
f 7241 7787 7759
f 6421 6423 6825
f 6421 6825 6815
f 6089 6061 6275
f 6089 6275 6323
f 9251 9293 9637
f 9251 9637 9629
f 2083 2203 2441
f 2083 2441 2299
f 6061 6049 6259
f 6061 6259 6275
f 7183 7117 7813
f 7183 7813 7787
f 7117 7111 7815
f 7117 7815 7813
f 10053 9911 10685
f 10053 10685 10735
f 7111 7049 7385
f 7111 7385 7487
f 9911 9895 10677
f 9911 10677 10685
f 6423 6443 6907
f 6423 6907 6825
f 3783 3955 4545
f 3783 4545 4623
f 7049 6961 7389
f 7049 7389 7385
f 6443 6453 6961
f 6443 6961 6907
f 3955 3971 4537
f 3955 4537 4545
f 9293 9333 9649
f 9293 9649 9637
f 9895 9761 10659
f 9895 10659 10677
f 9333 9337 9761
f 9333 9761 9649
f 13483 13365 13641
f 13483 13641 13649
f 755 881 1117
f 755 1117 999
f 6453 6479 7411
f 6453 7411 7389
f 7487 7587 7863
f 7487 7863 7815
f 401 409 477
f 401 477 481
f 3971 4077 4461
f 3971 4461 4537
f 9337 9397 10621
f 9337 10621 10659
f 2203 2279 2575
f 2203 2575 2441
f 12057 11893 12095
f 12057 12095 12227
f 13365 13299 13635
f 13365 13635 13641
f 881 927 1189
f 881 1189 1117
f 4077 4149 4427
f 4077 4427 4461
f 9397 9431 10605
f 9397 10605 10621
f 9431 9433 10309
f 9431 10309 10397
f 3477 3523 3689
f 3477 3689 3675
f 13299 13263 13519
f 13299 13519 13571
f 9433 9447 10225
f 9433 10225 10309
f 10397 10403 10593
f 10397 10593 10605
f 10403 10405 10589
f 10403 10589 10593
f 9447 9473 10083
f 9447 10083 10225
f 11893 11769 12025
f 11893 12025 12095
f 6479 6405 7451
f 6479 7451 7411
f 927 1003 1295
f 927 1295 1189
f 6405 6397 7457
f 6405 7457 7451
f 6397 6393 7469
f 6397 7469 7457
f 9473 9515 9805
f 9473 9805 10083
f 10405 10401 10579
f 10405 10579 10589
f 6861 6957 7497
f 6861 7497 7469
f 2279 2411 2831
f 2279 2831 2575
f 6957 6997 7515
f 6957 7515 7497
f 2411 2429 2875
f 2411 2875 2831
f 11769 11645 11945
f 11769 11945 12017
f 11769 12017 12025
f 13263 13141 13379
f 13263 13379 13385
f 13263 13385 13519
f 13791 13785 13811
f 13791 13811 13813
f 13791 13813 13809
f 1003 955 1367
f 1003 1367 1295
f 6393 6353 6859
f 6393 6859 6861
f 409 413 483
f 409 483 477
f 2429 2397 2997
f 2429 2997 2875
f 4149 4003 4259
f 4149 4259 4427
f 955 933 1413
f 955 1413 1367
f 2397 2383 3031
f 2397 3031 2997
f 413 415 485
f 413 485 483
f 6997 7043 7547
f 6997 7547 7515
f 2589 2629 3121
f 2589 3121 3031
f 6049 5839 5983
f 6049 5983 6133
f 6049 6133 6259
f 9515 9685 9957
f 9515 9957 9805
f 7587 7875 8107
f 7587 8107 7863
f 7043 7041 7569
f 7043 7569 7547
f 11645 11413 11787
f 11645 11787 11849
f 11645 11849 11919
f 11645 11919 11945
f 3523 3563 3711
f 3523 3711 3689
f 2629 2721 3563
f 2629 3563 3121
f 7219 7281 7585
f 7219 7585 7569
f 7281 7285 7591
f 7281 7591 7585
f 1107 1269 1531
f 1107 1531 1413
f 13571 13533 13609
f 13571 13609 13635
f 10401 10381 10549
f 10401 10549 10561
f 10401 10561 10575
f 10401 10575 10579
f 10381 10377 10541
f 10381 10541 10549
f 13141 12963 13167
f 13141 13167 13203
f 13141 13203 13249
f 13141 13249 13379
f 11413 11303 11263
f 11413 11263 11685
f 11413 11685 11787
f 9685 9755 10037
f 9685 10037 9957
f 7041 7037 7173
f 7041 7173 7219
f 415 419 497
f 415 497 485
f 4003 3957 3839
f 4003 3839 4085
f 4003 4085 4259
f 7875 7961 8171
f 7875 8171 8107
f 2383 2241 2467
f 2383 2467 2589
f 12963 12939 13161
f 12963 13161 13167
f 12939 12907 13137
f 12939 13137 13161
f 933 829 1001
f 933 1001 1107
f 12907 12879 13133
f 12907 13133 13137
f 10377 10359 10563
f 10377 10563 10541
f 11263 11063 11759
f 11263 11759 11685
f 12879 12857 13131
f 12879 13131 13133
f 11063 11033 11777
f 11063 11777 11759
f 2241 2179 2387
f 2241 2387 2467
f 9755 9857 10125
f 9755 10125 10037
f 10359 10355 10573
f 10359 10573 10563
f 11033 10939 11799
f 11033 11799 11777
f 5839 5707 5867
f 5839 5867 5883
f 5839 5883 5983
f 13533 13523 13605
f 13533 13605 13609
f 12857 12837 13135
f 12857 13135 13131
f 419 421 507
f 419 507 497
f 3839 3729 4009
f 3839 4009 4085
f 2721 2807 2899
f 2721 2899 3025
f 2721 3025 3125
f 2721 3125 3729
f 2721 3729 3711
f 10355 10349 10639
f 10355 10639 10573
f 10939 10763 11815
f 10939 11815 11799
f 10349 10347 10763
f 10349 10763 10639
f 3125 3259 3351
f 3125 3351 3997
f 3125 3997 4009
f 1269 1361 1465
f 1269 1465 1509
f 1269 1509 1795
f 1269 1795 1531
f 10347 10341 11855
f 10347 11855 11815
f 829 747 917
f 829 917 1001
f 10341 10335 11857
f 10341 11857 11855
f 2179 2087 2325
f 2179 2325 2387
f 9857 9937 10219
f 9857 10219 10125
f 3351 3451 3973
f 3351 3973 3997
f 3451 3469 3959
f 3451 3959 3973
f 11465 11567 11873
f 11465 11873 11857
f 12837 12753 13149
f 12837 13149 13135
f 10335 10331 11321
f 10335 11321 11465
f 12753 12745 13153
f 12753 13153 13149
f 12745 12721 12997
f 12745 12997 13007
f 1509 1577 1579
f 1509 1579 1907
f 1509 1907 1795
f 9937 9985 10271
f 9937 10271 10219
f 2087 1961 2269
f 2087 2269 2325
f 1961 1959 2265
f 1961 2265 2269
f 1579 1605 1959
f 1579 1959 1907
f 10331 10303 11105
f 10331 11105 11321
f 9985 9999 10303
f 9985 10303 10271
f 3469 3565 3893
f 3469 3893 3959
f 747 671 855
f 747 855 917
f 13007 13047 13173
f 13007 13173 13153
f 13523 13507 13595
f 13523 13595 13599
f 13523 13599 13605
f 11567 11667 11941
f 11567 11941 11873
f 7037 7029 7141
f 7037 7141 7173
f 421 427 549
f 421 549 507
f 671 647 835
f 671 835 855
f 9999 10055 10827
f 9999 10827 10947
f 9999 10947 11093
f 9999 11093 11105
f 3565 3529 3841
f 3565 3841 3893
f 6353 6029 6223
f 6353 6223 6291
f 6353 6291 6459
f 6353 6459 6677
f 10055 10071 10755
f 10055 10755 10827
f 427 429 561
f 427 561 549
f 5707 5577 5735
f 5707 5735 5763
f 5707 5763 5867
f 7029 7025 7137
f 7029 7137 7141
f 13047 13085 13209
f 13047 13209 13173
f 647 577 805
f 647 805 835
f 429 431 577
f 429 577 561
f 7285 7677 7867
f 7285 7867 7765
f 7285 7765 7591
f 10071 10107 10599
f 10071 10599 10755
f 12721 12541 12799
f 12721 12799 12811
f 12721 12811 12997
f 11667 11819 12043
f 11667 12043 11941
f 10107 10161 10517
f 10107 10517 10599
f 7961 8141 8255
f 7961 8255 8409
f 7961 8409 8171
f 6029 5961 6117
f 6029 6117 6183
f 6029 6183 6223
f 3529 3483 3737
f 3529 3737 3841
f 12541 12431 12711
f 12541 12711 12799
f 1605 1741 1919
f 1605 1919 2097
f 1605 2097 2265
f 6677 6707 6841
f 6677 6841 6859
f 11819 11897 12105
f 11819 12105 12043
f 7025 7017 7125
f 7025 7125 7137
f 12431 12327 12651
f 12431 12651 12711
f 10161 10239 10479
f 10161 10479 10517
f 11897 11937 12171
f 11897 12171 12105
f 13085 13159 13301
f 13085 13301 13209
f 11937 11939 12175
f 11937 12175 12171
f 13507 13485 13589
f 13507 13589 13595
f 3483 3425 3673
f 3483 3673 3737
f 12327 12207 12581
f 12327 12581 12645
f 12327 12645 12651
f 11939 11959 12207
f 11939 12207 12175
f 13785 13783 13799
f 13785 13799 13803
f 13785 13803 13811
f 11959 11981 12473
f 11959 12473 12573
f 11959 12573 12581
f 13159 13183 13341
f 13159 13341 13301
f 431 439 623
f 431 623 805
f 10239 10315 10525
f 10239 10525 10479
f 7677 7849 8049
f 7677 8049 7867
f 8255 8281 8373
f 8255 8373 8573
f 8255 8573 8409
f 13485 13475 13585
f 13485 13585 13589
f 10315 10337 10551
f 10315 10551 10525
f 1919 1787 1955
f 1919 1955 2097
f 13183 13215 13387
f 13183 13387 13341
f 11981 12045 12367
f 11981 12367 12473
f 439 389 569
f 439 569 623
f 7017 7007 7009
f 7017 7009 7119
f 7017 7119 7125
f 13475 13461 13583
f 13475 13583 13585
f 13215 13239 13461
f 13215 13461 13387
f 3425 3355 3535
f 3425 3535 3673
f 5577 5157 5461
f 5577 5461 5627
f 5577 5627 5735
f 12045 12065 12305
f 12045 12305 12367
f 12065 12067 12299
f 12065 12299 12305
f 5961 5863 5823
f 5961 5823 5937
f 5961 5937 6117
f 12067 12091 12285
f 12067 12285 12299
f 3355 3319 3493
f 3355 3493 3535
f 6707 6709 6835
f 6707 6835 6841
f 10337 10425 10699
f 10337 10699 10693
f 10337 10693 10595
f 10337 10595 10551
f 8373 8413 8441
f 8373 8441 8743
f 8373 8743 8573
f 3319 3305 3455
f 3319 3455 3493
f 5157 4973 5335
f 5157 5335 5461
f 389 345 333
f 389 333 465
f 389 465 569
f 12091 12177 12341
f 12091 12341 12285
f 1787 1781 1735
f 1787 1735 1693
f 1787 1693 1651
f 1787 1651 1803
f 1787 1803 1955
f 4973 4811 5183
f 4973 5183 5319
f 4973 5319 5335
f 177 179 185
f 177 185 193
f 177 193 209
f 177 209 201
f 10425 10553 10781
f 10425 10781 10759
f 10425 10759 10699
f 7849 8039 8197
f 7849 8197 8139
f 7849 8139 8049
f 333 317 311
f 333 311 399
f 333 399 465
f 5823 5737 5715
f 5823 5715 5845
f 5823 5845 5937
f 3305 3263 3251
f 3305 3251 3361
f 3305 3361 3455
f 8441 8453 8527
f 8441 8527 8679
f 8441 8679 9095
f 8441 9095 8743
f 12177 12221 12379
f 12177 12379 12341
f 13239 13291 13413
f 13239 13413 13575
f 13239 13575 13583
f 3251 3219 3329
f 3251 3329 3361
f 4811 4601 4957
f 4811 4957 5075
f 4811 5075 5167
f 4811 5167 5183
f 4601 4599 4955
f 4601 4955 4957
f 12221 12277 12429
f 12221 12429 12379
f 3219 3209 3205
f 3219 3205 3321
f 3219 3321 3329
f 6709 6699 6819
f 6709 6819 6833
f 6709 6833 6835
f 8679 8759 8831
f 8679 8831 9255
f 8679 9255 9095
f 4599 4497 4931
f 4599 4931 4955
f 4497 4455 4925
f 4497 4925 4931
f 10553 10637 10847
f 10553 10847 10811
f 10553 10811 10781
f 12277 12287 12441
f 12277 12441 12429
f 8831 8861 9291
f 8831 9291 9255
f 4455 4339 4917
f 4455 4917 4925
f 1651 1625 1607
f 1651 1607 1569
f 1651 1569 1687
f 1651 1687 1803
f 3205 3199 3495
f 3205 3495 3321
f 4339 4061 4907
f 4339 4907 4917
f 3199 3193 3687
f 3199 3687 3495
f 4061 3889 4915
f 4061 4915 4907
f 3193 3191 3889
f 3193 3889 3687
f 311 297 279
f 311 279 321
f 311 321 399
f 8861 8925 9385
f 8861 9385 9291
f 8925 8937 9389
f 8925 9389 9385
f 5715 5633 5773
f 5715 5773 5845
f 7009 7011 7033
f 7009 7033 7159
f 7009 7159 7119
f 8937 9003 9583
f 8937 9583 9389
f 279 269 275
f 279 275 285
f 279 285 425
f 279 425 321
f 3191 3157 3187
f 3191 3187 4967
f 3191 4967 4915
f 4725 4731 4971
f 4725 4971 4967
f 10637 10709 10889
f 10637 10889 10883
f 10637 10883 10847
f 3187 3203 4691
f 3187 4691 4725
f 9003 8995 9707
f 9003 9707 9583
f 8995 8987 9729
f 8995 9729 9707
f 10709 10651 10897
f 10709 10897 10889
f 12287 12413 12561
f 12287 12561 12555
f 12287 12555 12441
f 10651 10535 10901
f 10651 10901 10897
f 4731 4789 5015
f 4731 5015 4971
f 8987 8967 9975
f 8987 9975 9729
f 8967 8957 10193
f 8967 10193 9975
f 10535 10211 10903
f 10535 10903 10901
f 9233 9235 10211
f 9233 10211 10193
f 8039 8195 8349
f 8039 8349 8269
f 8039 8269 8197
f 3203 3211 3283
f 3203 3283 3567
f 3203 3567 4659
f 3203 4659 4691
f 3567 3701 4303
f 3567 4303 4347
f 8957 8955 9223
f 8957 9223 9233
f 285 293 327
f 285 327 351
f 285 351 573
f 285 573 425
f 3701 3767 4181
f 3701 4181 4303
f 3767 3809 4167
f 3767 4167 4181
f 351 367 619
f 351 619 573
f 4789 4841 5047
f 4789 5047 5015
f 367 373 631
f 367 631 619
f 3809 3831 4131
f 3809 4131 4167
f 9235 9267 10905
f 9235 10905 10915
f 9235 10915 10907
f 9235 10907 10903
f 1569 1557 1445
f 1569 1445 1563
f 1569 1563 1687
f 9267 9281 9407
f 9267 9407 9403
f 13413 13431 13535
f 13413 13535 13623
f 13413 13623 13673
f 13413 13673 13651
f 13413 13651 13575
f 9403 9561 10867
f 9403 10867 10905
f 3831 3871 4105
f 3831 4105 4131
f 13623 13629 13679
f 13623 13679 13673
f 9561 9661 10835
f 9561 10835 10867
f 3871 3911 4121
f 3871 4121 4105
f 4527 4503 4611
f 4527 4611 4659
f 193 195 199
f 193 199 217
f 193 217 209
f 9661 9723 10757
f 9661 10757 10803
f 9661 10803 10835
f 373 455 765
f 373 765 631
f 455 457 767
f 455 767 765
f 8955 8889 9111
f 8955 9111 9223
f 13629 13621 13693
f 13629 13693 13691
f 13629 13691 13679
f 9723 9779 10487
f 9723 10487 10681
f 9723 10681 10757
f 4841 4905 5121
f 4841 5121 5047
f 3911 3885 4141
f 3911 4141 4121
f 1445 1375 1495
f 1445 1495 1563
f 3885 3881 4143
f 3885 4143 4141
f 9779 9807 10383
f 9779 10383 10487
f 7033 7057 7189
f 7033 7189 7159
f 8889 8851 9047
f 8889 9047 9111
f 457 473 901
f 457 901 767
f 473 475 905
f 473 905 901
f 9281 9319 9443
f 9281 9443 9407
f 8195 8285 8403
f 8195 8403 8349
f 13621 13593 13703
f 13621 13703 13701
f 13621 13701 13693
f 12413 12551 12647
f 12413 12647 12635
f 12413 12635 12593
f 12413 12593 12561
f 5633 5569 5529
f 5633 5529 5647
f 5633 5647 5773
f 9807 9811 10213
f 9807 10213 10383
f 4503 4463 4571
f 4503 4571 4611
f 9811 9815 10135
f 9811 10135 10213
f 8851 8797 8999
f 8851 8999 9047
f 9815 9809 10087
f 9815 10087 10135
f 3881 3843 4183
f 3881 4183 4143
f 13593 13565 13705
f 13593 13705 13711
f 13593 13711 13703
f 1375 1325 1453
f 1375 1453 1495
f 1325 1323 1449
f 1325 1449 1453
f 13783 13763 13781
f 13783 13781 13797
f 13783 13797 13799
f 9809 9803 10045
f 9809 10045 10087
f 6699 6639 6787
f 6699 6787 6819
f 8797 8775 8959
f 8797 8959 8999
f 3843 3819 4213
f 3843 4213 4183
f 4905 5041 5239
f 4905 5239 5121
f 9803 9797 10061
f 9803 10061 10045
f 475 517 1129
f 475 1129 905
f 517 519 1131
f 517 1131 1129
f 13565 13459 13685
f 13565 13685 13705
f 5529 5459 5625
f 5529 5625 5647
f 3819 3787 4245
f 3819 4245 4213
f 519 527 1205
f 519 1205 1131
f 527 531 1225
f 527 1225 1205
f 8285 8319 8451
f 8285 8451 8403
f 3787 3773 4255
f 3787 4255 4245
f 8775 8699 8901
f 8775 8901 8959
f 1323 1255 1407
f 1323 1407 1449
f 711 751 1255
f 711 1255 1225
f 5041 5089 5279
f 5041 5279 5239
f 4035 4047 4269
f 4035 4269 4255
f 9797 9773 10089
f 9797 10089 10061
f 4463 4397 4517
f 4463 4517 4571
f 531 539 675
f 531 675 711
f 751 889 1387
f 751 1387 1407
f 8699 8639 8873
f 8699 8873 8901
f 13459 13335 13625
f 13459 13625 13667
f 13459 13667 13683
f 13459 13683 13685
f 889 991 1373
f 889 1373 1387
f 5089 5133 5377
f 5089 5377 5279
f 3773 3731 3993
f 3773 3993 4035
f 4047 4087 4297
f 4047 4297 4269
f 9773 9745 10117
f 9773 10117 10089
f 8319 8347 8517
f 8319 8517 8451
f 991 1057 1355
f 991 1355 1373
f 5459 5407 5601
f 5459 5601 5625
f 5133 5149 5407
f 5133 5407 5377
f 539 553 685
f 539 685 675
f 8639 8565 8819
f 8639 8819 8873
f 8347 8351 8565
f 8347 8565 8517
f 5149 5163 5595
f 5149 5595 5601
f 13335 13217 13545
f 13335 13545 13625
f 7057 7065 7083
f 7057 7083 7243
f 7057 7243 7189
f 9897 9933 10151
f 9897 10151 10117
f 9745 9725 9865
f 9745 9865 9897
f 6639 6587 6757
f 6639 6757 6773
f 6639 6773 6787
f 199 207 211
f 199 211 227
f 199 227 217
f 1057 1153 1341
f 1057 1341 1355
f 13217 13165 13517
f 13217 13517 13545
f 3731 3693 3901
f 3731 3901 3993
f 13165 13145 13501
f 13165 13501 13517
f 8351 8367 8755
f 8351 8755 8819
f 4397 4349 4479
f 4397 4479 4517
f 4087 4139 4349
f 4087 4349 4297
f 1153 1151 1319
f 1153 1319 1341
f 1151 1149 1311
f 1151 1311 1319
f 13145 13073 13481
f 13145 13481 13501
f 9725 9693 9821
f 9725 9821 9865
f 9933 10009 10253
f 9933 10253 10151
f 3693 3659 3833
f 3693 3833 3901
f 4139 4161 4467
f 4139 4467 4479
f 13763 13745 13773
f 13763 13773 13777
f 13763 13777 13781
f 553 583 719
f 553 719 685
f 1149 1115 1281
f 1149 1281 1311
f 9693 9657 9785
f 9693 9785 9821
f 9319 9453 9589
f 9319 9589 9567
f 9319 9567 9507
f 9319 9507 9443
f 3659 3619 3801
f 3659 3801 3833
f 13073 12869 13465
f 13073 13465 13481
f 9657 9623 9771
f 9657 9771 9785
f 9453 9461 9623
f 9453 9623 9595
f 9453 9595 9589
f 9461 9465 9767
f 9461 9767 9771
f 12869 12843 13257
f 12869 13257 13333
f 12551 12723 12843
f 12551 12843 12785
f 12551 12785 12759
f 12551 12759 12715
f 12551 12715 12647
f 12723 12731 13243
f 12723 13243 13257
f 12731 12733 13211
f 12731 13211 13243
f 4161 4199 4445
f 4161 4445 4467
f 6587 6521 6717
f 6587 6717 6733
f 6587 6733 6757
f 12733 12751 13113
f 12733 13113 13211
f 5163 5409 5547
f 5163 5547 5595
f 4199 4207 4421
f 4199 4421 4445
f 12751 12757 13071
f 12751 13071 13113
f 12757 12765 13025
f 12757 13025 13071
f 8367 8407 8525
f 8367 8525 8755
f 1115 1043 1193
f 1115 1193 1281
f 13333 13313 13443
f 13333 13443 13465
f 5409 5301 5523
f 5409 5523 5547
f 12765 12779 12967
f 12765 12967 13025
f 4207 4217 4391
f 4207 4391 4421
f 10009 10201 10409
f 10009 10409 10253
f 8407 8415 8553
f 8407 8553 8525
f 12779 12793 12949
f 12779 12949 12967
f 12793 12803 12937
f 12793 12937 12949
f 1043 1015 1147
f 1043 1147 1193
f 9465 9519 9679
f 9465 9679 9767
f 583 611 641
f 583 641 753
f 583 753 739
f 583 739 721
f 583 721 719
f 3619 3461 3411
f 3619 3411 3651
f 3619 3651 3801
f 4217 4209 4365
f 4217 4365 4391
f 5301 5171 5477
f 5301 5477 5523
f 12803 12827 12955
f 12803 12955 12937
f 13313 13305 13407
f 13313 13407 13443
f 9519 9523 9667
f 9519 9667 9679
f 8415 8419 8629
f 8415 8629 8553
f 4209 4197 4355
f 4209 4355 4365
f 13745 13725 13757
f 13745 13757 13765
f 13745 13765 13773
f 10201 10329 10557
f 10201 10557 10485
f 10201 10485 10413
f 10201 10413 10409
f 5171 5067 5463
f 5171 5463 5477
f 13305 13295 13393
f 13305 13393 13407
f 12827 12855 12981
f 12827 12981 12955
f 1015 939 1087
f 1015 1087 1147
f 7083 7085 7109
f 7083 7109 7153
f 7083 7153 7399
f 7083 7399 7243
f 7153 7155 7403
f 7153 7403 7399
f 13295 13289 13381
f 13295 13381 13393
f 211 221 229
f 211 229 259
f 211 259 227
f 4197 4163 4157
f 4197 4157 4335
f 4197 4335 4355
f 8419 8433 8805
f 8419 8805 8629
f 6521 6351 6603
f 6521 6603 6697
f 6521 6697 6717
f 6351 6349 6605
f 6351 6605 6603
f 5067 4923 5451
f 5067 5451 5463
f 3411 3339 3291
f 3411 3291 3487
f 3411 3487 3651
f 12855 12903 13015
f 12855 13015 12981
f 939 879 1023
f 939 1023 1087
f 641 651 681
f 641 681 785
f 641 785 753
f 7155 7163 7443
f 7155 7443 7403
f 9523 9577 9721
f 9523 9721 9667
f 6349 6339 6623
f 6349 6623 6605
f 4923 4845 5443
f 4923 5443 5451
f 13289 13277 13357
f 13289 13357 13381
f 8433 8443 8921
f 8433 8921 8805
f 6339 6321 6679
f 6339 6679 6623
f 5227 5255 5439
f 5227 5439 5443
f 12903 12929 13053
f 12903 13053 13015
f 7163 7145 7495
f 7163 7495 7443
f 4845 4793 5125
f 4845 5125 5227
f 681 697 795
f 681 795 785
f 6321 6309 6817
f 6321 6817 6679
f 6309 6303 6901
f 6309 6901 6817
f 13277 13265 13343
f 13277 13343 13357
f 8443 8445 9001
f 8443 9001 8921
f 7145 6963 7509
f 7145 7509 7495
f 6303 6299 6963
f 6303 6963 6901
f 879 819 965
f 879 965 1023
f 697 705 819
f 697 819 795
f 10329 10467 10707
f 10329 10707 10673
f 10329 10673 10569
f 10329 10569 10557
f 4793 4737 5037
f 4793 5037 5125
f 12929 12959 13075
f 12929 13075 13053
f 6299 6295 7519
f 6299 7519 7509
f 8631 8695 9037
f 8631 9037 9001
f 3291 3221 3387
f 3291 3387 3487
f 705 707 713
f 705 713 945
f 705 945 965
f 6295 6277 7521
f 6295 7521 7519
f 4157 4137 4109
f 4157 4109 4285
f 4157 4285 4335
f 4737 4697 4969
f 4737 4969 5037
f 4697 4665 4929
f 4697 4929 4969
f 3221 3185 3359
f 3221 3359 3387
f 229 243 283
f 229 283 259
f 713 731 911
f 713 911 945
f 3185 3147 3341
f 3185 3341 3359
f 4665 4603 4875
f 4665 4875 4929
f 4109 4091 4273
f 4109 4273 4285
f 13265 13241 13319
f 13265 13319 13343
f 6277 6203 7561
f 6277 7561 7521
f 731 735 875
f 731 875 911
f 8695 8961 9269
f 8695 9269 9037
f 10467 10601 10795
f 10467 10795 10747
f 10467 10747 10707
f 4091 4081 4267
f 4091 4267 4273
f 4603 4505 4819
f 4603 4819 4875
f 6203 6189 6533
f 6203 6533 6899
f 6189 6187 6515
f 6189 6515 6533
f 4505 4481 4805
f 4505 4805 4819
f 3147 3079 3303
f 3147 3303 3341
f 6187 6173 6399
f 6187 6399 6515
f 9577 9655 9787
f 9577 9787 9769
f 9577 9769 9721
f 5255 5229 5403
f 5255 5403 5439
f 4081 4073 4295
f 4081 4295 4267
f 4481 4385 4787
f 4481 4787 4805
f 4073 4071 4321
f 4073 4321 4295
f 4385 4357 4801
f 4385 4801 4787
f 4071 4069 4357
f 4071 4357 4321
f 735 727 845
f 735 845 875
f 727 725 843
f 727 843 845
f 7347 7345 7599
f 7347 7599 7561
f 8961 9097 9367
f 8961 9367 9269
f 9097 9107 9383
f 9097 9383 9367
f 6173 6157 6373
f 6173 6373 6399
f 4069 4059 4883
f 4069 4883 4881
f 4069 4881 4801
f 8445 8465 8633
f 8445 8633 8631
f 243 257 309
f 243 309 283
f 4059 4053 4605
f 4059 4605 4677
f 9107 9073 9441
f 9107 9441 9383
f 8465 8467 8637
f 8465 8637 8633
f 13241 13201 13285
f 13241 13285 13319
f 12959 13087 13201
f 12959 13201 13075
f 5229 5209 5375
f 5229 5375 5403
f 9073 9011 9521
f 9073 9521 9441
f 4677 4751 4977
f 4677 4977 4937
f 4677 4937 4883
f 4751 4757 4985
f 4751 4985 4977
f 3079 2865 3229
f 3079 3229 3303
f 7345 7337 7707
f 7345 7707 7599
f 725 703 667
f 725 667 635
f 725 635 763
f 725 763 843
f 10601 10731 10983
f 10601 10983 10795
f 13725 13671 13715
f 13725 13715 13751
f 13725 13751 13757
f 9655 9659 9835
f 9655 9835 9833
f 9655 9833 9787
f 9215 9335 9659
f 9215 9659 9521
f 5209 5187 5347
f 5209 5347 5375
f 9011 8933 9151
f 9011 9151 9215
f 13087 13123 13271
f 13087 13271 13285
f 6157 6043 6401
f 6157 6401 6373
f 4757 4785 4835
f 4757 4835 4847
f 4757 4847 5079
f 4757 5079 4985
f 2865 2765 3175
f 2865 3175 3229
f 8933 8865 9103
f 8933 9103 9151
f 4847 4889 5111
f 4847 5111 5079
f 8467 8479 8651
f 8467 8651 8637
f 4889 4895 5123
f 4889 5123 5111
f 10731 10769 11079
f 10731 11079 10983
f 7337 7323 7751
f 7337 7751 7707
f 6043 6021 6403
f 6043 6403 6401
f 2765 2707 3159
f 2765 3159 3175
f 4053 4051 4055
f 4053 4055 4165
f 4053 4165 4249
f 4053 4249 4325
f 4053 4325 4507
f 4053 4507 4605
f 5187 5143 5327
f 5187 5327 5347
f 4895 4899 5143
f 4895 5143 5123
f 7323 7317 7529
f 7323 7529 7537
f 4899 4909 5323
f 4899 5323 5327
f 6021 6005 6407
f 6021 6407 6403
f 10769 10777 11111
f 10769 11111 11079
f 8865 8787 9043
f 8865 9043 9103
f 13123 13157 13247
f 13123 13247 13271
f 2707 2635 2921
f 2707 2921 3021
f 3021 3023 3139
f 3021 3139 3159
f 2635 2599 2897
f 2635 2897 2921
f 8479 8483 8675
f 8479 8675 8651
f 3023 3017 3135
f 3023 3135 3139
f 9335 9471 9569
f 9335 9569 9697
f 9335 9697 9827
f 9335 9827 9839
f 9335 9839 9835
f 4909 4897 5313
f 4909 5313 5323
f 635 591 563
f 635 563 691
f 635 691 763
f 6005 5979 6177
f 6005 6177 6239
f 8787 8701 8997
f 8787 8997 9043
f 8483 8485 8701
f 8483 8701 8675
f 2599 2545 2839
f 2599 2839 2897
f 563 557 673
f 563 673 691
f 8485 8487 8951
f 8485 8951 8997
f 6239 6257 6269
f 6239 6269 6273
f 6239 6273 6441
f 6239 6441 6407
f 10777 10817 11241
f 10777 11241 11111
f 5979 5945 6145
f 5979 6145 6177
f 4897 4865 5297
f 4897 5297 5313
f 10979 11013 11259
f 10979 11259 11241
f 5945 5941 6135
f 5945 6135 6145
f 2545 2423 2781
f 2545 2781 2839
f 7537 7637 7847
f 7537 7847 7751
f 557 537 661
f 557 661 673
f 13157 13187 13293
f 13157 13293 13247
f 8487 8489 8903
f 8487 8903 8951
f 7317 7287 7493
f 7317 7493 7529
f 537 529 659
f 537 659 661
f 3017 2993 3103
f 3017 3103 3135
f 2423 2307 2715
f 2423 2715 2781
f 529 509 657
f 529 657 659
f 7637 7689 7887
f 7637 7887 7847
f 13671 13627 13687
f 13671 13687 13715
f 5941 5899 6063
f 5941 6063 6135
f 4865 4809 5295
f 4865 5295 5297
f 2307 2181 2663
f 2307 2663 2715
f 5899 5887 6047
f 5899 6047 6063
f 509 491 495
f 509 495 815
f 509 815 657
f 10817 10865 11031
f 10817 11031 10979
f 4809 4777 5293
f 4809 5293 5295
f 7287 7261 7431
f 7287 7431 7493
f 5031 5139 5289
f 5031 5289 5293
f 8489 8499 9019
f 8489 9019 8903
f 495 503 547
f 495 547 953
f 495 953 815
f 8499 8501 8731
f 8499 8731 8761
f 6273 6311 6507
f 6273 6507 6441
f 7689 7727 7955
f 7689 7955 7887
f 2181 2041 2613
f 2181 2613 2663
f 2041 2005 2603
f 2041 2603 2613
f 2431 2425 2597
f 2431 2597 2603
f 8761 8817 9041
f 8761 9041 9019
f 13187 13245 13353
f 13187 13353 13349
f 13187 13349 13293
f 4777 4745 4945
f 4777 4945 5031
f 11013 11075 11129
f 11013 11129 11187
f 11013 11187 11285
f 11013 11285 11571
f 11013 11571 11259
f 547 555 645
f 547 645 1109
f 547 1109 953
f 2993 2951 3059
f 2993 3059 3103
f 5139 5159 5285
f 5139 5285 5289
f 11285 11307 11595
f 11285 11595 11571
f 4745 4729 4919
f 4745 4919 4945
f 8817 8859 9089
f 8817 9089 9041
f 5159 5161 5283
f 5159 5283 5285
f 2005 1863 2317
f 2005 2317 2431
f 1863 1789 2287
f 1863 2287 2317
f 7727 7773 8027
f 7727 8027 7955
f 7773 7777 8029
f 7773 8029 8027
f 1789 1721 2251
f 1789 2251 2281
f 1789 2281 2287
f 645 709 823
f 645 823 1417
f 645 1417 1109
f 11307 11367 11711
f 11307 11711 11595
f 8501 8505 8669
f 8501 8669 8731
f 823 857 1529
f 823 1529 1417
f 1721 1611 2205
f 1721 2205 2251
f 857 859 1611
f 857 1611 1529
f 11367 11381 11733
f 11367 11733 11711
f 859 907 2165
f 859 2165 2205
f 257 263 291
f 257 291 323
f 257 323 329
f 257 329 375
f 257 375 365
f 257 365 349
f 257 349 309
f 5887 5807 5957
f 5887 5957 6047
f 2425 2395 2531
f 2425 2531 2597
f 4729 4687 4849
f 4729 4849 4919
f 8505 8497 8663
f 8505 8663 8669
f 8859 8953 9143
f 8859 9143 9089
f 5161 5181 5303
f 5161 5303 5283
f 5807 5795 5951
f 5807 5951 5957
f 11381 11439 11909
f 11381 11909 11733
f 4687 4657 4803
f 4687 4803 4849
f 5795 5779 5947
f 5795 5947 5951
f 7261 7191 7359
f 7261 7359 7431
f 11439 11447 11961
f 11439 11961 11909
f 7777 7835 8109
f 7777 8109 8029
f 7191 7179 7355
f 7191 7355 7359
f 907 925 1801
f 907 1801 1867
f 907 1867 1971
f 907 1971 2095
f 907 2095 2165
f 13245 13269 13429
f 13245 13429 13353
f 1291 1363 1777
f 1291 1777 1801
f 1363 1441 1739
f 1363 1739 1777
f 5779 5747 5971
f 5779 5971 5947
f 2395 2363 2357
f 2395 2357 2493
f 2395 2493 2531
f 925 931 1113
f 925 1113 1291
f 13269 13235 13437
f 13269 13437 13435
f 13269 13435 13429
f 5747 5729 6003
f 5747 6003 5971
f 7835 7823 8137
f 7835 8137 8109
f 1441 1489 1593
f 1441 1593 1739
f 8497 8481 8643
f 8497 8643 8663
f 931 943 1073
f 931 1073 1113
f 13627 13577 13653
f 13627 13653 13675
f 13627 13675 13687
f 11447 11489 12215
f 11447 12215 11961
f 7179 7165 7351
f 7179 7351 7355
f 4657 4591 4735
f 4657 4735 4803
f 5181 5185 5317
f 5181 5317 5303
f 13235 13169 13439
f 13235 13439 13437
f 5729 5703 6073
f 5729 6073 6003
f 8953 9039 9065
f 8953 9065 9237
f 8953 9237 9143
f 7823 7771 8147
f 7823 8147 8137
f 10865 10967 11095
f 10865 11095 11031
f 5703 5695 6151
f 5703 6151 6073
f 5695 5691 6221
f 5695 6221 6151
f 7771 7731 8165
f 7771 8165 8147
f 6311 6315 6371
f 6311 6371 6601
f 6311 6601 6507
f 5691 5689 6371
f 5691 6371 6221
f 2951 2895 2999
f 2951 2999 3059
f 943 951 1039
f 943 1039 1073
f 1489 1482 1583
f 1489 1583 1593
f 11489 11521 12395
f 11489 12395 12215
f 7165 7151 7339
f 7165 7339 7351
f 2895 2887 2991
f 2895 2991 2999
f 13169 13035 13423
f 13169 13423 13441
f 13169 13441 13439
f 11521 11533 12557
f 11521 12557 12395
f 329 353 423
f 329 423 375
f 7731 7667 8183
f 7731 8183 8165
f 4591 4553 4699
f 4591 4699 4735
f 5689 5663 6615
f 5689 6615 6601
f 13035 12923 13397
f 13035 13397 13415
f 13035 13415 13423
f 12923 12801 13389
f 12923 13389 13397
f 11533 11539 12801
f 11533 12801 12557
f 11539 11541 13371
f 11539 13371 13389
f 11541 11543 11671
f 11541 11671 11729
f 11729 11837 13359
f 11729 13359 13371
f 7151 7133 7357
f 7151 7357 7339
f 7133 7131 7129
f 7133 7129 7383
f 7133 7383 7357
f 7667 7593 7527
f 7667 7527 7417
f 7667 7417 8209
f 7667 8209 8183
f 7129 7127 7417
f 7129 7417 7383
f 11837 11931 13331
f 11837 13331 13359
f 7127 7121 8223
f 7127 8223 8209
f 5663 5631 6633
f 5663 6633 6615
f 7963 8013 8229
f 7963 8229 8223
f 1482 1463 1547
f 1482 1547 1583
f 9065 9145 9153
f 9065 9153 9329
f 9065 9329 9237
f 5847 5857 6635
f 5847 6635 6633
f 4553 4489 4647
f 4553 4647 4699
f 11931 12123 13261
f 11931 13261 13279
f 11931 13279 13331
f 2357 2319 2295
f 2357 2295 2403
f 2357 2403 2493
f 8013 8043 8245
f 8013 8245 8229
f 353 363 449
f 353 449 423
f 12123 12211 13221
f 12123 13221 13261
f 11543 11579 11691
f 11543 11691 11671
f 11579 11581 11693
f 11579 11693 11691
f 5185 5197 5367
f 5185 5367 5317
f 5857 5869 6647
f 5857 6647 6635
f 951 997 1085
f 951 1085 1039
f 5631 5593 5765
f 5631 5765 5847
f 7121 7101 7929
f 7121 7929 7963
f 5869 5877 6657
f 5869 6657 6647
f 12211 12355 13197
f 12211 13197 13221
f 12853 12935 13193
f 12853 13193 13197
f 7583 7613 7927
f 7583 7927 7929
f 6241 6347 6659
f 6241 6659 6657
f 7613 7663 7925
f 7613 7925 7927
f 12355 12419 12729
f 12355 12729 12853
f 2295 2273 2377
f 2295 2377 2403
f 5593 5565 5717
f 5593 5717 5765
f 12935 12983 13181
f 12935 13181 13193
f 12419 12505 12681
f 12419 12681 12729
f 12505 12513 12675
f 12505 12675 12681
f 8481 8461 8617
f 8481 8617 8627
f 8481 8627 8643
f 8043 8129 8299
f 8043 8299 8245
f 6347 6413 6673
f 6347 6673 6659
f 9153 9259 9415
f 9153 9415 9329
f 11581 11611 11731
f 11581 11731 11693
f 7101 7093 7089
f 7101 7089 7421
f 7101 7421 7583
f 2273 2267 2369
f 2273 2369 2377
f 12513 12517 12659
f 12513 12659 12675
f 5565 5521 5679
f 5565 5679 5717
f 997 1021 1095
f 997 1095 1085
f 4489 4317 4519
f 4489 4519 4609
f 4489 4609 4647
f 7663 7701 7915
f 7663 7915 7925
f 7701 7699 7913
f 7701 7913 7915
f 7089 7073 7313
f 7089 7313 7421
f 6413 6481 6705
f 6413 6705 6673
f 11611 11643 11751
f 11611 11751 11731
f 12983 12991 13107
f 12983 13107 13181
f 12991 12987 13103
f 12991 13103 13107
f 5877 5895 6015
f 5877 6015 6013
f 5521 5411 5611
f 5521 5611 5679
f 5197 5203 5207
f 5197 5207 5411
f 5197 5411 5367
f 12517 12553 12643
f 12517 12643 12659
f 4317 4221 4453
f 4317 4453 4509
f 4317 4509 4519
f 1021 1035 1123
f 1021 1123 1095
f 7073 7055 7053
f 7073 7053 7251
f 7073 7251 7313
f 4221 4185 4443
f 4221 4443 4453
f 9259 9373 9553
f 9259 9553 9415
f 1463 1383 1471
f 1463 1471 1547
f 12987 12969 13081
f 12987 13081 13103
f 7053 7045 7223
f 7053 7223 7251
f 1035 1051 1143
f 1035 1143 1123
f 2267 2259 2221
f 2267 2221 2315
f 2267 2315 2337
f 2267 2337 2353
f 2267 2353 2369
f 1383 1365 1457
f 1383 1457 1471
f 6481 6569 6743
f 6481 6743 6705
f 4185 4083 4377
f 4185 4377 4443
f 7045 6999 7169
f 7045 7169 7223
f 8461 8427 8605
f 8461 8605 8607
f 8461 8607 8617
f 8129 8175 8241
f 8129 8241 8313
f 8129 8313 8427
f 8129 8427 8299
f 12553 12577 12653
f 12553 12653 12643
f 2887 2823 2799
f 2887 2799 2889
f 2887 2889 2991
f 6569 6579 6763
f 6569 6763 6743
f 363 369 417
f 363 417 445
f 363 445 543
f 363 543 535
f 363 535 513
f 363 513 469
f 363 469 449
f 12969 12945 13043
f 12969 13043 13081
f 9373 9445 9701
f 9373 9701 9553
f 12577 12579 12663
f 12577 12663 12653
f 12945 12943 13037
f 12945 13037 13043
f 1365 1339 1435
f 1365 1435 1457
f 11643 11709 11841
f 11643 11841 11753
f 11643 11753 11751
f 9445 9485 9751
f 9445 9751 9701
f 5207 5225 5267
f 5207 5267 5331
f 5207 5331 5433
f 5207 5433 5611
f 1051 1093 1197
f 1051 1197 1143
f 4083 3877 4287
f 4083 4287 4377
f 6999 6965 7099
f 6999 7099 7169
f 2221 2171 2247
f 2221 2247 2315
f 10967 11117 11211
f 10967 11211 11185
f 10967 11185 11097
f 10967 11097 11095
f 5895 5915 6019
f 5895 6019 6015
f 6965 6949 7081
f 6965 7081 7099
f 1093 1099 1213
f 1093 1213 1197
f 13577 13419 13515
f 13577 13515 13555
f 13577 13555 13617
f 13577 13617 13653
f 12579 12605 12679
f 12579 12679 12663
f 1339 1303 1401
f 1339 1401 1435
f 3877 3751 4247
f 3877 4247 4287
f 3751 3749 4241
f 3751 4241 4247
f 12605 12607 12685
f 12605 12685 12679
f 8313 8371 8431
f 8313 8431 8493
f 8313 8493 8571
f 8313 8571 8591
f 8313 8591 8605
f 9485 9543 9963
f 9485 9963 9751
f 2799 2789 2773
f 2799 2773 2853
f 2799 2853 2889
f 3749 3699 4231
f 3749 4231 4241
f 445 459 479
f 445 479 587
f 445 587 543
f 1099 1119 1243
f 1099 1243 1213
f 9543 9563 10039
f 9543 10039 9963
f 6949 6921 7013
f 6949 7013 7081
f 3699 3589 3963
f 3699 3963 4037
f 2171 2123 2223
f 2171 2223 2247
f 1303 1257 1369
f 1303 1369 1401
f 1119 1125 1257
f 1119 1257 1243
f 2123 2119 2215
f 2123 2215 2223
f 12943 12877 12965
f 12943 12965 13037
f 3589 3479 3861
f 3589 3861 3963
f 12877 12873 12961
f 12877 12961 12965
f 1125 1139 1353
f 1125 1353 1369
f 9563 9633 10261
f 9563 10261 10039
f 7699 7671 7859
f 7699 7859 7871
f 7699 7871 7909
f 7699 7909 7913
f 2773 2757 2833
f 2773 2833 2853
f 6921 6863 6971
f 6921 6971 7013
f 6579 6607 6665
f 6579 6665 6729
f 6579 6729 6863
f 6579 6863 6763
f 1139 1157 1347
f 1139 1347 1353
f 12607 12649 12735
f 12607 12735 12685
f 6729 6737 6967
f 6729 6967 6971
f 479 541 649
f 479 649 587
f 3479 3281 3685
f 3479 3685 3861
f 4037 3991 4135
f 4037 4135 4231
f 2119 2081 2183
f 2119 2183 2215
f 12649 12657 12749
f 12649 12749 12735
f 3281 3207 3645
f 3281 3645 3685
f 12873 12849 12915
f 12873 12915 12961
f 3207 3161 3593
f 3207 3593 3645
f 5915 5925 6053
f 5915 6053 6019
f 13419 13317 13433
f 13419 13433 13515
f 9633 9681 10559
f 9633 10559 10261
f 9681 9689 9881
f 9681 9881 9969
f 3161 3063 3467
f 3161 3467 3509
f 3161 3509 3593
f 12657 12669 12773
f 12657 12773 12749
f 12849 12821 12899
f 12849 12899 12915
f 11709 11867 11965
f 11709 11965 11927
f 11709 11927 11877
f 11709 11877 11841
f 2757 2737 2729
f 2757 2729 2829
f 2757 2829 2833
f 3063 2959 3317
f 3063 3317 3467
f 12821 12783 12881
f 12821 12881 12899
f 12669 12683 12783
f 12669 12783 12773
f 9689 9715 9855
f 9689 9855 9881
f 541 551 589
f 541 589 715
f 541 715 649
f 11867 11881 11977
f 11867 11977 11965
f 1157 1179 1301
f 1157 1301 1347
f 1179 1181 1297
f 1179 1297 1301
f 2081 2039 2133
f 2081 2133 2183
f 2729 2719 2835
f 2729 2835 2829
f 9969 10317 10799
f 9969 10799 10559
f 9715 9733 9861
f 9715 9861 9855
f 2959 2845 3169
f 2959 3169 3289
f 2959 3289 3317
f 2719 2713 2845
f 2719 2845 2835
f 5925 5933 6065
f 5925 6065 6053
f 7671 7633 7811
f 7671 7811 7839
f 7671 7839 7859
f 1181 1173 1279
f 1181 1279 1297
f 6737 6771 6873
f 6737 6873 6967
f 9733 9753 9877
f 9733 9877 9861
f 10317 10547 10965
f 10317 10965 10799
f 10547 10567 10987
f 10547 10987 10965
f 3991 3977 3919
f 3991 3919 3869
f 3991 3869 3865
f 3991 3865 4027
f 3991 4027 4135
f 9753 9763 9909
f 9753 9909 9877
f 1173 1165 1265
f 1173 1265 1279
f 10567 10695 11083
f 10567 11083 10987
f 1165 1161 1259
f 1165 1259 1265
f 2039 1975 2091
f 2039 2091 2133
f 12683 12743 12831
f 12683 12831 12881
f 1975 1967 2089
f 1975 2089 2091
f 2713 2711 2717
f 2713 2717 2763
f 2713 2763 2795
f 2713 2795 2841
f 2713 2841 3045
f 2713 3045 3145
f 2713 3145 3169
f 11117 11237 11301
f 11117 11301 11295
f 11117 11295 11261
f 11117 11261 11231
f 11117 11231 11211
f 10695 10801 11237
f 10695 11237 11083
f 9763 9789 9987
f 9763 9987 9939
f 9763 9939 9909
f 12743 12755 12817
f 12743 12817 12831
f 13317 13213 13321
f 13317 13321 13433
f 5933 5943 6095
f 5933 6095 6065
f 1967 1843 2065
f 1967 2065 2089
f 3865 3815 4005
f 3865 4005 4027
f 1161 1111 1211
f 1161 1211 1259
f 589 593 665
f 589 665 729
f 589 729 837
f 589 837 715
f 1843 1783 2061
f 1843 2061 2065
f 1783 1727 2059
f 1783 2059 2061
f 1727 1725 2057
f 1727 2057 2059
f 7633 7573 7725
f 7633 7725 7795
f 7633 7795 7811
f 10801 10815 11019
f 10801 11019 11215
f 10801 11215 11253
f 10801 11253 11287
f 10801 11287 11323
f 10801 11323 11313
f 10801 11313 11301
f 11881 11923 11963
f 11881 11963 11971
f 11881 11971 12093
f 11881 12093 11977
f 1725 1623 2047
f 1725 2047 2057
f 1623 1575 2043
f 1623 2043 2047
f 12755 12797 12861
f 12755 12861 12817
f 1575 1501 2033
f 1575 2033 2043
f 9789 9841 10047
f 9789 10047 10035
f 9789 10035 9997
f 9789 9997 9987
f 1501 1351 2029
f 1501 2029 2033
f 1351 1187 2023
f 1351 2023 2029
f 1111 1089 1081
f 1111 1081 1187
f 1111 1187 1211
f 3815 3763 3953
f 3815 3953 4005
f 729 769 887
f 729 887 837
f 1081 1077 1069
f 1081 1069 2015
f 1081 2015 2023
f 11971 11991 12139
f 11971 12139 12093
f 1069 1063 1819
f 1069 1819 1895
f 1895 1939 2009
f 1895 2009 2015
f 1063 1055 1763
f 1063 1763 1819
f 9841 9871 10097
f 9841 10097 10047
f 1939 1929 2001
f 1939 2001 2009
f 11991 12007 12217
f 11991 12217 12139
f 1929 1927 1999
f 1929 1999 2001
f 1055 1045 1645
f 1055 1645 1763
f 12797 12815 12895
f 12797 12895 12871
f 12797 12871 12861
f 1045 1041 1049
f 1045 1049 1613
f 1045 1613 1645
f 769 803 813
f 769 813 921
f 769 921 887
f 7573 7539 7697
f 7573 7697 7725
f 5943 5963 6161
f 5943 6161 6095
f 1049 1067 1083
f 1049 1083 1585
f 1049 1585 1613
f 12007 12027 12371
f 12007 12371 12217
f 3763 3671 3903
f 3763 3903 3953
f 12027 12033 12387
f 12027 12387 12371
f 1083 1105 1277
f 1083 1277 1533
f 1083 1533 1585
f 1277 1345 1535
f 1277 1535 1533
f 1345 1403 1537
f 1345 1537 1535
f 12033 12039 12433
f 12033 12433 12387
f 1927 1911 1987
f 1927 1987 1999
f 12039 12047 12477
f 12039 12477 12433
f 12099 12109 12495
f 12099 12495 12477
f 1403 1455 1545
f 1403 1545 1537
f 9871 9917 10197
f 9871 10197 10097
f 12815 12789 12917
f 12815 12917 12913
f 12815 12913 12895
f 12109 12267 12619
f 12109 12619 12595
f 12109 12595 12495
f 12047 12049 12113
f 12047 12113 12099
f 12789 12767 12925
f 12789 12925 12917
f 5963 5967 6193
f 5963 6193 6161
f 12267 12339 12667
f 12267 12667 12637
f 12267 12637 12619
f 12767 12727 12931
f 12767 12931 12927
f 12767 12927 12925
f 12339 12349 12727
f 12339 12727 12667
f 12349 12363 12933
f 12349 12933 12931
f 3671 3443 3867
f 3671 3867 3903
f 12363 12423 12941
f 12363 12941 12933
f 1455 1467 1478
f 1455 1478 1587
f 1455 1587 1545
f 813 873 897
f 813 897 1019
f 813 1019 921
f 9917 9943 10333
f 9917 10333 10197
f 12423 12519 12875
f 12423 12875 12889
f 12423 12889 12941
f 12519 12529 12791
f 12519 12791 12845
f 12519 12845 12875
f 12529 12545 12701
f 12529 12701 12791
f 12545 12543 12671
f 12545 12671 12701
f 7539 7433 7801
f 7539 7801 7697
f 5967 5917 6265
f 5967 6265 6193
f 12049 12079 12145
f 12049 12145 12113
f 1911 1855 1947
f 1911 1947 1987
f 12543 12539 12641
f 12543 12641 12671
f 13213 13019 13119
f 13213 13119 13191
f 13213 13191 13309
f 13213 13309 13321
f 3443 3215 3823
f 3443 3823 3867
f 12539 12537 12617
f 12539 12617 12641
f 3215 3183 3501
f 3215 3501 3591
f 12537 12533 12615
f 12537 12615 12617
f 1478 1497 1539
f 1478 1539 1627
f 1478 1627 1587
f 1855 1839 1933
f 1855 1933 1947
f 7433 7393 7831
f 7433 7831 7801
f 3183 3141 3447
f 3183 3447 3501
f 9943 9981 10505
f 9943 10505 10333
f 3141 3127 3421
f 3141 3421 3447
f 897 971 983
f 897 983 1091
f 897 1091 1019
f 3591 3603 3805
f 3591 3805 3823
f 7393 7367 7851
f 7393 7851 7831
f 1539 1571 1653
f 1539 1653 1627
f 12079 12101 12189
f 12079 12189 12145
f 9981 9995 10629
f 9981 10629 10505
f 3603 3597 3785
f 3603 3785 3805
f 9995 10001 10195
f 9995 10195 10221
f 10221 10321 10689
f 10221 10689 10629
f 6051 6123 6313
f 6051 6313 6265
f 7367 7327 7605
f 7367 7605 7683
f 1571 1599 1699
f 1571 1699 1653
f 12533 12459 12567
f 12533 12567 12615
f 5917 5831 5949
f 5917 5949 6051
f 10321 10387 10753
f 10321 10753 10689
f 3127 2981 3239
f 3127 3239 3343
f 3127 3343 3421
f 7327 7311 7571
f 7327 7571 7605
f 10001 10021 10189
f 10001 10189 10195
f 10021 10025 10191
f 10021 10191 10189
f 3597 3585 3755
f 3597 3755 3785
f 12459 12437 12547
f 12459 12547 12567
f 10387 10473 10819
f 10387 10819 10753
f 983 1071 1171
f 983 1171 1091
f 1839 1779 1893
f 1839 1893 1933
f 13019 12905 13005
f 13019 13005 13097
f 13019 13097 13119
f 10473 10597 10873
f 10473 10873 10819
f 12437 12401 12511
f 12437 12511 12547
f 1779 1769 1887
f 1779 1887 1893
f 1599 1609 1641
f 1599 1641 1769
f 1599 1769 1699
f 2981 2821 3055
f 2981 3055 3111
f 2981 3111 3239
f 12401 12381 12479
f 12401 12479 12511
f 5831 5781 5893
f 5831 5893 5949
f 7683 7705 7717
f 7683 7717 7775
f 7683 7775 7981
f 7683 7981 7851
f 12101 12137 12245
f 12101 12245 12189
f 7311 7239 7459
f 7311 7459 7571
f 6123 6153 6201
f 6123 6201 6229
f 6123 6229 6381
f 6123 6381 6313
f 7239 7231 7437
f 7239 7437 7459
f 3585 3579 3719
f 3585 3719 3755
f 10597 10717 10775
f 10597 10775 11037
f 10597 11037 10873
f 12381 12331 12449
f 12381 12449 12479
f 12331 12309 12445
f 12331 12445 12449
f 12137 12153 12263
f 12137 12263 12245
f 12153 12159 12265
f 12153 12265 12263
f 10025 10067 10217
f 10025 10217 10191
f 10775 10813 10881
f 10775 10881 11125
f 10775 11125 11037
f 12309 12275 12425
f 12309 12425 12445
f 12159 12169 12275
f 12159 12275 12265
f 1641 1709 1829
f 1641 1829 1887
f 2821 2631 2843
f 2821 2843 2883
f 2821 2883 3015
f 2821 3015 3055
f 7775 7837 7869
f 7775 7869 8053
f 7775 8053 7981
f 10067 10069 10231
f 10067 10231 10217
f 2631 2567 2801
f 2631 2801 2843
f 7869 7881 8065
f 7869 8065 8053
f 6229 6305 6317
f 6229 6317 6491
f 6229 6491 6381
f 1709 1743 1809
f 1709 1809 1829
f 5781 5673 5819
f 5781 5819 5881
f 5781 5881 5893
f 2567 2485 2741
f 2567 2741 2801
f 10881 10925 11101
f 10881 11101 11299
f 10881 11299 11125
f 12905 12771 12865
f 12905 12865 13005
f 7881 7935 8101
f 7881 8101 8065
f 7935 7941 8115
f 7935 8115 8101
f 11101 11135 11345
f 11101 11345 11299
f 12169 12195 12335
f 12169 12335 12425
f 2485 2365 2641
f 2485 2641 2741
f 10069 10093 10243
f 10069 10243 10231
f 11135 11181 11403
f 11135 11403 11345
f 1071 1203 1287
f 1071 1287 1381
f 1071 1381 1171
f 11181 11213 11443
f 11181 11443 11403
f 3579 3519 3681
f 3579 3681 3719
f 12195 12203 12289
f 12195 12289 12335
f 2365 2243 2625
f 2365 2625 2641
f 11213 11247 11505
f 11213 11505 11443
f 2243 2197 2623
f 2243 2623 2625
f 2197 2195 2481
f 2197 2481 2515
f 11247 11273 11555
f 11247 11555 11505
f 2195 2163 2433
f 2195 2433 2481
f 7231 7021 7177
f 7231 7177 7297
f 7231 7297 7437
f 2163 2137 2413
f 2163 2413 2433
f 7941 8003 8187
f 7941 8187 8115
f 5673 5581 5743
f 5673 5743 5819
f 2515 2525 2617
f 2515 2617 2623
f 1743 1705 1701
f 1743 1701 1773
f 1743 1773 1809
f 10093 10115 10265
f 10093 10265 10243
f 2137 2031 2331
f 2137 2331 2391
f 2137 2391 2413
f 8003 7987 8227
f 8003 8227 8187
f 12203 12223 12297
f 12203 12297 12289
f 6317 6483 6675
f 6317 6675 6491
f 11273 11333 11705
f 11273 11705 11555
f 2525 2527 2605
f 2525 2605 2617
f 7987 7973 8243
f 7987 8243 8227
f 11333 11347 11735
f 11333 11735 11705
f 10115 10119 10281
f 10115 10281 10265
f 2031 1943 2209
f 2031 2209 2239
f 2031 2239 2289
f 2031 2289 2331
f 11347 11349 11741
f 11347 11741 11735
f 11483 11523 11761
f 11483 11761 11741
f 1943 1903 2153
f 1943 2153 2209
f 1903 1901 2143
f 1903 2143 2153
f 1701 1691 1677
f 1701 1677 1757
f 1701 1757 1773
f 1901 1871 2129
f 1901 2129 2143
f 11523 11559 11823
f 11523 11823 11761
f 1287 1331 1411
f 1287 1411 1503
f 1287 1503 1381
f 1871 1859 1805
f 1871 1805 2125
f 1871 2125 2129
f 11559 11573 11851
f 11559 11851 11823
f 1805 1791 2117
f 1805 2117 2125
f 1791 1765 2127
f 1791 2127 2117
f 1677 1673 1669
f 1677 1669 1765
f 1677 1765 1757
f 5581 5469 5777
f 5581 5777 5743
f 7973 7951 8283
f 7973 8283 8243
f 6483 6551 6571
f 6483 6571 6739
f 6483 6739 6675
f 11349 11355 11463
f 11349 11463 11483
f 5653 5675 5787
f 5653 5787 5777
f 11355 11357 11449
f 11355 11449 11463
f 5469 5457 5629
f 5469 5629 5653
f 11573 11653 11957
f 11573 11957 11851
f 11653 11677 11979
f 11653 11979 11957
f 3519 3485 3657
f 3519 3657 3681
f 1669 1661 2161
f 1669 2161 2127
f 7951 7939 8307
f 7951 8307 8283
f 2527 2521 2587
f 2527 2587 2605
f 5457 5441 5607
f 5457 5607 5629
f 2021 2051 2175
f 2021 2175 2161
f 7939 7931 8117
f 7939 8117 8131
f 8131 8145 8317
f 8131 8317 8307
f 6571 6609 6793
f 6571 6793 6739
f 8145 8159 8325
f 8145 8325 8317
f 11677 11743 12073
f 11677 12073 11979
f 5675 5687 5799
f 5675 5799 5787
f 1661 1659 1675
f 1661 1675 1717
f 1661 1717 1845
f 1661 1845 2021
f 12223 12253 12319
f 12223 12319 12315
f 12223 12315 12297
f 11743 11781 12115
f 11743 12115 12073
f 11357 11363 11461
f 11357 11461 11449
f 12253 12249 12325
f 12253 12325 12319
f 11781 11811 12151
f 11781 12151 12115
f 5441 5389 5555
f 5441 5555 5607
f 2521 2517 2581
f 2521 2581 2587
f 8159 8199 8359
f 8159 8359 8325
f 11811 11829 12179
f 11811 12179 12151
f 2051 2093 2213
f 2051 2213 2175
f 7931 7901 8075
f 7931 8075 8117
f 12249 12241 12333
f 12249 12333 12325
f 11363 11365 11469
f 11363 11469 11461
f 12241 12209 12337
f 12241 12337 12333
f 11829 11843 12209
f 11829 12209 12179
f 1411 1459 1521
f 1411 1521 1619
f 1411 1619 1503
f 11843 11863 12343
f 11843 12343 12337
f 7021 6865 6969
f 7021 6969 7035
f 7021 7035 7177
f 6609 6689 6865
f 6609 6865 6793
f 11863 11871 12019
f 11863 12019 12037
f 2093 2157 2263
f 2093 2263 2213
f 11871 11859 11989
f 11871 11989 12019
f 5389 5263 5471
f 5389 5471 5475
f 5389 5475 5555
f 12771 12501 12585
f 12771 12585 12673
f 12771 12673 12833
f 12771 12833 12865
f 2517 2509 2569
f 2517 2569 2581
f 7901 7865 8041
f 7901 8041 8075
f 11365 11369 11473
f 11365 11473 11469
f 11859 11807 11949
f 11859 11949 11989
f 12037 12147 12201
f 12037 12201 12247
f 12037 12247 12303
f 12037 12303 12323
f 12037 12323 12351
f 12037 12351 12343
f 5687 5727 5827
f 5687 5827 5799
f 10119 10159 10353
f 10119 10353 10281
f 2509 2499 2557
f 2509 2557 2569
f 8199 8337 8457
f 8199 8457 8359
f 8337 8339 8459
f 8337 8459 8457
f 2157 2235 2253
f 2157 2253 2381
f 2157 2381 2263
f 3485 3431 3627
f 3485 3627 3657
f 2499 2483 2551
f 2499 2551 2557
f 3431 3403 3625
f 3431 3625 3627
f 2253 2277 2417
f 2253 2417 2381
f 10159 10177 10375
f 10159 10375 10353
f 11807 11673 11813
f 11807 11813 11949
f 5727 5749 5843
f 5727 5843 5827
f 2483 2445 2549
f 2483 2549 2551
f 2277 2291 2445
f 2277 2445 2417
f 6689 6805 6917
f 6689 6917 6951
f 6689 6951 6969
f 10177 10175 10385
f 10177 10385 10375
f 7865 7805 7967
f 7865 7967 8015
f 7865 8015 8041
f 5263 5057 5257
f 5263 5257 5471
f 11369 11387 11497
f 11369 11497 11473
f 12501 12317 12443
f 12501 12443 12559
f 12501 12559 12585
f 11673 11621 11739
f 11673 11739 11813
f 10175 10171 10411
f 10175 10411 10385
f 8339 8401 8423
f 8339 8423 8609
f 8339 8609 8459
f 3403 3133 3617
f 3403 3617 3625
f 2291 2385 2537
f 2291 2537 2549
f 11621 11569 11683
f 11621 11683 11739
f 11387 11393 11515
f 11387 11515 11497
f 11393 11395 11517
f 11393 11517 11515
f 1521 1723 1749
f 1521 1749 1877
f 1521 1877 1619
f 11569 11527 11649
f 11569 11649 11683
f 11395 11399 11527
f 11395 11527 11517
f 3133 3043 3613
f 3133 3613 3617
f 3043 3041 3611
f 3043 3611 3613
f 10171 10165 10635
f 10171 10635 10411
f 2385 2461 2535
f 2385 2535 2537
f 10165 10163 10653
f 10165 10653 10635
f 3345 3365 3609
f 3345 3609 3611
f 3041 3013 3267
f 3041 3267 3345
f 7805 7715 7891
f 7805 7891 7967
f 2461 2457 2533
f 2461 2533 2535
f 10163 10157 10739
f 10163 10739 10653
f 3013 2943 3165
f 3013 3165 3267
f 8423 8473 8561
f 8423 8561 8791
f 8423 8791 8609
f 10389 10433 10773
f 10389 10773 10739
f 2943 2929 3143
f 2943 3143 3165
f 3365 3385 3605
f 3365 3605 3609
f 10157 10153 10343
f 10157 10343 10389
f 10433 10513 10821
f 10433 10821 10773
f 10513 10533 10833
f 10513 10833 10821
f 12317 12161 12271
f 12317 12271 12443
f 2929 2867 3095
f 2929 3095 3143
f 11399 11415 11513
f 11399 11513 11649
f 3385 3395 3601
f 3385 3601 3605
f 1749 1879 1897
f 1749 1897 1985
f 1749 1985 1877
f 11415 11417 11511
f 11415 11511 11513
f 10153 10149 10319
f 10153 10319 10343
f 10533 10765 11011
f 10533 11011 10833
f 10765 10767 11015
f 10765 11015 11011
f 2867 2769 2989
f 2867 2989 3095
f 10149 10143 10297
f 10149 10297 10319
f 2769 2731 2957
f 2769 2957 2989
f 8561 8673 8753
f 8561 8753 8977
f 8561 8977 8791
f 7715 7635 7821
f 7715 7821 7829
f 7715 7829 7879
f 7715 7879 7891
f 5057 4693 4827
f 5057 4827 4993
f 5057 4993 5113
f 5057 5113 5253
f 5057 5253 5257
f 2457 2449 2541
f 2457 2541 2533
f 2731 2699 2947
f 2731 2947 2957
f 10767 10853 11087
f 10767 11087 11015
f 10143 10141 10293
f 10143 10293 10297
f 13819 13817 13815
f 13819 13815 13821
f 13819 13821 13823
f 13819 13823 13827
f 13819 13827 13831
f 13819 13831 13829
f 13819 13829 13825
f 2699 2653 2933
f 2699 2933 2947
f 3395 3419 3615
f 3395 3615 3601
f 2653 2627 2945
f 2653 2945 2933
f 1897 1989 2103
f 1897 2103 1985
f 2449 2447 2451
f 2449 2451 2553
f 2449 2553 2541
f 8753 8809 9061
f 8753 9061 8977
f 10853 10913 11161
f 10853 11161 11087
f 11417 11419 11509
f 11417 11509 11511
f 2627 2571 2963
f 2627 2963 2945
f 2571 2565 2967
f 2571 2967 2963
f 2451 2453 2565
f 2451 2565 2553
f 4693 4631 4753
f 4693 4753 4827
f 2453 2455 2969
f 2453 2969 2967
f 5749 5757 5793
f 5749 5793 5841
f 5749 5841 5873
f 5749 5873 5991
f 5749 5991 5843
f 10913 10953 11265
f 10913 11265 11161
f 10953 10961 11283
f 10953 11283 11265
f 3419 3435 3623
f 3419 3623 3615
f 10141 10121 10275
f 10141 10275 10293
f 2787 2861 3049
f 2787 3049 2969
f 8809 8875 9149
f 8809 9149 9061
f 10961 10929 11325
f 10961 11325 11283
f 4631 4557 4769
f 4631 4769 4753
f 10929 10909 11339
f 10929 11339 11325
f 8875 8867 9163
f 8875 9163 9149
f 10909 10879 11371
f 10909 11371 11339
f 2861 2927 3105
f 2861 3105 3049
f 11419 11377 11499
f 11419 11499 11507
f 11419 11507 11509
f 11145 11149 11377
f 11145 11377 11371
f 12161 11883 12013
f 12161 12013 12107
f 12161 12107 12155
f 12161 12155 12255
f 12161 12255 12271
f 10879 10861 11115
f 10879 11115 11145
f 8867 8863 9201
f 8867 9201 9163
f 10121 10113 10269
f 10121 10269 10275
f 3435 3441 3629
f 3435 3629 3623
f 2927 2985 3181
f 2927 3181 3105
f 2455 2459 2465
f 2455 2465 2491
f 2455 2491 2503
f 2455 2503 2529
f 2455 2529 2633
f 2455 2633 2787
f 4557 4477 4791
f 4557 4791 4769
f 4655 4711 4795
f 4655 4795 4791
f 5873 5931 6071
f 5873 6071 5991
f 8863 8847 9261
f 8863 9261 9201
f 2985 3057 3331
f 2985 3331 3181
f 8983 9029 9271
f 8983 9271 9261
f 10113 10105 10283
f 10113 10283 10269
f 3057 3071 3369
f 3057 3369 3331
f 1989 2003 2219
f 1989 2219 2343
f 1989 2343 2103
f 3071 3081 3401
f 3071 3401 3369
f 10861 10643 10937
f 10861 10937 11115
f 7635 7503 7675
f 7635 7675 7761
f 7635 7761 7821
f 3441 3433 3633
f 3441 3633 3629
f 3081 3087 3433
f 3081 3433 3401
f 4711 4723 4807
f 4711 4807 4795
f 4477 4417 4583
f 4477 4583 4655
f 8847 8839 8965
f 8847 8965 8983
f 11883 11745 11917
f 11883 11917 11995
f 11883 11995 12013
f 9029 9105 9303
f 9029 9303 9271
f 7503 7465 7665
f 7503 7665 7675
f 4417 4379 4563
f 4417 4563 4583
f 8839 8829 8947
f 8839 8947 8965
f 9105 9127 9315
f 9105 9315 9303
f 11149 11279 11329
f 11149 11329 11373
f 11149 11373 11455
f 11149 11455 11477
f 11149 11477 11485
f 11149 11485 11499
f 5931 5879 6125
f 5931 6125 6071
f 4723 4739 4837
f 4723 4837 4807
f 8829 8807 8943
f 8829 8943 8947
f 10643 10365 10745
f 10643 10745 10937
f 11745 11651 11827
f 11745 11827 11907
f 11745 11907 11917
f 4379 4305 4485
f 4379 4485 4563
f 3087 3277 3637
f 3087 3637 3633
f 10365 10305 10691
f 10365 10691 10745
f 10105 10091 10305
f 10105 10305 10283
f 2219 2309 2323
f 2219 2323 2477
f 2219 2477 2343
f 7465 7379 7729
f 7465 7729 7665
f 3277 3309 3639
f 3277 3639 3637
f 10091 10085 10619
f 10091 10619 10691
f 5879 5829 6163
f 5879 6163 6125
f 7379 7353 7755
f 7379 7755 7729
f 9127 9279 9423
f 9127 9423 9315
f 9279 9285 9425
f 9279 9425 9423
f 5829 5815 6171
f 5829 6171 6163
f 11651 11557 11717
f 11651 11717 11793
f 11651 11793 11827
f 7563 7601 7793
f 7563 7793 7755
f 3309 3405 3649
f 3309 3649 3639
f 2323 2427 2577
f 2323 2577 2477
f 5815 5785 5903
f 5815 5903 5953
f 8807 8765 8919
f 8807 8919 8935
f 8807 8935 8943
f 11557 11547 11531
f 11557 11531 11457
f 11557 11457 11619
f 11557 11619 11717
f 4739 4767 4877
f 4739 4877 4837
f 4305 4039 4301
f 4305 4301 4485
f 10085 10063 10285
f 10085 10285 10619
f 4767 4771 4879
f 4767 4879 4877
f 11457 11397 11565
f 11457 11565 11619
f 7353 7265 7481
f 7353 7481 7563
f 10063 10059 10251
f 10063 10251 10285
f 5953 6057 6261
f 5953 6261 6171
f 3405 3475 3661
f 3405 3661 3649
f 4039 3961 4229
f 4039 4229 4301
f 10059 10043 10207
f 10059 10207 10251
f 3961 3899 4313
f 3961 4313 4229
f 5785 5681 5817
f 5785 5817 5903
f 6057 6087 6289
f 6057 6289 6261
f 11397 11305 11479
f 11397 11479 11565
f 8765 8723 8885
f 8765 8885 8893
f 8765 8893 8913
f 8765 8913 8919
f 4771 4781 4903
f 4771 4903 4879
f 5681 5661 5805
f 5681 5805 5817
f 9285 9457 9673
f 9285 9673 9663
f 9285 9663 9425
f 3475 3513 3677
f 3475 3677 3661
f 3899 3793 4471
f 3899 4471 4313
f 7601 7785 7993
f 7601 7993 7793
f 3793 3789 4103
f 3793 4103 4115
f 3513 3517 3789
f 3513 3789 3677
f 7265 7181 7365
f 7265 7365 7481
f 2427 2463 2639
f 2427 2639 2655
f 2427 2655 2813
f 2427 2813 2577
f 3517 3531 4079
f 3517 4079 4103
f 7785 7819 8019
f 7785 8019 7993
f 8723 8693 8877
f 8723 8877 8885
f 10043 10031 10183
f 10043 10183 10207
f 10031 10029 10181
f 10031 10181 10183
f 6087 6149 6335
f 6087 6335 6289
f 4781 4779 4935
f 4781 4935 4903
f 9457 9247 9781
f 9457 9781 9749
f 9457 9749 9673
f 9247 9213 9791
f 9247 9791 9781
f 4779 4743 4951
f 4779 4951 4935
f 4115 4423 4743
f 4115 4743 4705
f 4115 4705 4649
f 4115 4649 4487
f 4115 4487 4471
f 9213 9177 9505
f 9213 9505 9557
f 9557 9581 9817
f 9557 9817 9791
f 8693 8659 8841
f 8693 8841 8877
f 9177 9139 9459
f 9177 9459 9505
f 2655 2797 2955
f 2655 2955 2813
f 7819 7895 8085
f 7819 8085 8019
f 4423 4513 4959
f 4423 4959 4951
f 6149 6185 6367
f 6149 6367 6335
f 9139 9033 9391
f 9139 9391 9399
f 9139 9399 9459
f 8659 8645 8833
f 8659 8833 8841
f 7895 7919 8111
f 7895 8111 8085
f 9581 9669 9907
f 9581 9907 9817
f 5661 5563 5685
f 5661 5685 5805
f 9669 9675 9923
f 9669 9923 9907
f 11305 11053 11233
f 11305 11233 11271
f 11305 11271 11475
f 11305 11475 11479
f 8645 8625 8849
f 8645 8849 8833
f 9675 9695 9949
f 9675 9949 9923
f 9033 8883 9313
f 9033 9313 9391
f 8625 8621 8883
f 8625 8883 8849
f 10029 9971 10139
f 10029 10139 10181
f 9695 9699 9971
f 9695 9971 9949
f 4513 4641 4981
f 4513 4981 4959
f 7181 7075 7245
f 7181 7245 7365
f 5563 5525 5649
f 5563 5649 5685
f 2797 2911 3093
f 2797 3093 2955
f 5525 5489 5641
f 5525 5641 5649
f 7919 7985 8181
f 7919 8181 8111
f 5489 5473 5639
f 5489 5639 5641
f 3531 3575 3599
f 3531 3599 3665
f 3531 3665 3691
f 3531 3691 3745
f 3531 3745 3913
f 3531 3913 4079
f 9699 9703 9739
f 9699 9739 9831
f 9699 9831 9873
f 9699 9873 10111
f 9699 10111 10137
f 9699 10137 10139
f 4641 4741 5009
f 4641 5009 4981
f 7985 7979 8191
f 7985 8191 8181
f 8621 8599 8985
f 8621 8985 9109
f 8621 9109 9217
f 8621 9217 9313
f 9873 9925 10101
f 9873 10101 10109
f 9873 10109 10111
f 11053 10851 11081
f 11053 11081 11233
f 6185 6243 6449
f 6185 6449 6367
f 5473 5453 5697
f 5473 5697 5639
f 7075 7019 7211
f 7075 7211 7245
f 7019 7015 7209
f 7019 7209 7211
f 5453 5437 5775
f 5453 5775 5697
f 4741 4823 5025
f 4741 5025 5009
f 6243 6233 6487
f 6243 6487 6449
f 5437 5419 5833
f 5437 5833 5775
f 9925 9965 10065
f 9925 10065 10077
f 9925 10077 10101
f 7015 6995 7195
f 7015 7195 7209
f 7979 7965 8263
f 7979 8263 8191
f 4823 4871 5035
f 4823 5035 5025
f 6233 6209 6509
f 6233 6509 6487
f 8599 8581 8757
f 8599 8757 8985
f 6209 6205 6511
f 6209 6511 6509
f 7965 7899 8271
f 7965 8271 8263
f 5419 5393 5981
f 5419 5981 5833
f 7899 7803 8277
f 7899 8277 8271
f 8581 8569 8751
f 8581 8751 8757
f 6995 6981 7277
f 6995 7277 7195
f 5393 5387 5995
f 5393 5995 5981
f 6981 6979 7397
f 6981 7397 7277
f 9965 9989 10011
f 9965 10011 10065
f 7803 7549 8287
f 7803 8287 8277
f 6979 6975 7549
f 6979 7549 7397
f 5387 5355 6079
f 5387 6079 5995
f 6205 6147 6537
f 6205 6537 6511
f 5355 5353 6147
f 5355 6147 6079
f 4871 4887 5051
f 4871 5051 5035
f 10851 10555 10863
f 10851 10863 11067
f 10851 11067 11081
f 2911 3069 3189
f 2911 3189 3489
f 2911 3489 3093
f 5353 5269 6567
f 5353 6567 6537
f 8569 8539 8691
f 8569 8691 8751
f 8539 8529 8685
f 8539 8685 8691
f 4887 4913 5069
f 4887 5069 5051
f 5269 5241 5493
f 5269 5493 5541
f 4913 4921 5073
f 4913 5073 5069
f 6975 6941 8357
f 6975 8357 8287
f 8151 8167 8361
f 8151 8361 8357
f 3189 3353 3381
f 3189 3381 3717
f 3189 3717 3489
f 5541 5791 5885
f 5541 5885 5997
f 5541 5997 6245
f 5541 6245 6619
f 5541 6619 6567
f 6941 6927 7063
f 6941 7063 8151
f 8529 8509 8661
f 8529 8661 8685
f 6245 6331 6627
f 6245 6627 6619
f 6331 6333 6629
f 6331 6629 6627
f 5241 5103 5445
f 5241 5445 5493
f 4921 4941 5103
f 4921 5103 5073
f 8167 8233 8405
f 8167 8405 8361
f 6333 6391 6653
f 6333 6653 6629
f 3381 3581 3915
f 3381 3915 3717
f 8509 8439 8635
f 8509 8635 8661
f 8233 8261 8439
f 8233 8439 8405
f 10555 9973 10369
f 10555 10369 10415
f 10555 10415 10863
f 6391 6463 6701
f 6391 6701 6653
f 9973 9727 10133
f 9973 10133 10369
f 3581 3739 3947
f 3581 3947 4311
f 3581 4311 3915
f 6463 6583 6791
f 6463 6791 6701
f 9727 9511 9899
f 9727 9899 10041
f 9727 10041 10133
f 6927 6807 6925
f 6927 6925 6935
f 6927 6935 7063
f 6583 6599 6807
f 6583 6807 6791
f 4941 4963 5001
f 4941 5001 5027
f 4941 5027 5091
f 4941 5091 5131
f 4941 5131 5193
f 4941 5193 5361
f 4941 5361 5445
f 3947 4127 4499
f 3947 4499 4311
f 8261 8327 8385
f 8261 8385 8429
f 8261 8429 8515
f 8261 8515 8533
f 8261 8533 8567
f 8261 8567 8635
f 4127 4307 4643
f 4127 4643 4499
f 9511 9189 9499
f 9511 9499 9741
f 9511 9741 9899
f 9189 8991 9369
f 9189 9369 9499
f 4307 4351 4541
f 4307 4541 4613
f 4307 4613 5109
f 4307 5109 4643
f 6599 6641 6703
f 6599 6703 6783
f 6599 6783 6813
f 6599 6813 6853
f 6599 6853 6925
f 8991 8705 9207
f 8991 9207 9299
f 8991 9299 9369
f 4613 4719 4761
f 4613 4761 5483
f 4613 5483 5109
f 8705 8215 8835
f 8705 8835 9007
f 8705 9007 9207
f 4761 4911 5759
f 4761 5759 5483
f 8215 7943 8655
f 8215 8655 8677
f 8215 8677 8835
f 7943 7603 8511
f 7943 8511 8655
f 4911 5191 6389
f 4911 6389 5759
f 5191 5199 5305
f 5191 5305 6797
f 5191 6797 6389
f 7603 6987 8387
f 7603 8387 8511
f 5305 5339 6987
f 5305 6987 6797
f 5339 5515 5789
f 5339 5789 6681
f 5339 6681 7005
f 5339 7005 7419
f 5339 7419 7907
f 5339 7907 8045
f 5339 8045 8231
f 5339 8231 8387
f 6682 5790 5516
f 6682 5516 5340
f 6682 5340 8388
f 6682 8388 8232
f 6682 8232 8046
f 6682 8046 7908
f 6682 7908 7420
f 6682 7420 7006
f 5340 5306 6798
f 5340 6798 6988
f 5306 5200 5192
f 5306 5192 6390
f 5306 6390 6798
f 6988 7604 8512
f 6988 8512 8388
f 7604 7944 8656
f 7604 8656 8512
f 5192 4912 5760
f 5192 5760 6390
f 7944 8216 8836
f 7944 8836 8678
f 7944 8678 8656
f 4912 4762 5484
f 4912 5484 5760
f 8216 8706 9208
f 8216 9208 9008
f 8216 9008 8836
f 4762 4720 4614
f 4762 4614 5110
f 4762 5110 5484
f 8706 8992 9370
f 8706 9370 9300
f 8706 9300 9208
f 8992 9190 9500
f 8992 9500 9370
f 4614 4542 4352
f 4614 4352 4308
f 4614 4308 4644
f 4614 4644 5110
f 4308 4128 4500
f 4308 4500 4644
f 6704 6642 6600
f 6704 6600 6926
f 6704 6926 6854
f 6704 6854 6814
f 6704 6814 6784
f 9190 9512 9900
f 9190 9900 9742
f 9190 9742 9500
f 6600 6584 6792
f 6600 6792 6808
f 4128 3948 4312
f 4128 4312 4500
f 9512 9728 10134
f 9512 10134 10042
f 9512 10042 9900
f 6584 6464 6702
f 6584 6702 6792
f 9728 9974 10370
f 9728 10370 10134
f 8430 8386 8328
f 8430 8328 8262
f 8430 8262 8636
f 8430 8636 8568
f 8430 8568 8534
f 8430 8534 8516
f 3948 3740 3582
f 3948 3582 3916
f 3948 3916 4312
f 6464 6392 6654
f 6464 6654 6702
f 8262 8234 8406
f 8262 8406 8440
f 5028 5002 4964
f 5028 4964 4942
f 5028 4942 5446
f 5028 5446 5362
f 5028 5362 5194
f 5028 5194 5132
f 5028 5132 5092
f 6392 6334 6630
f 6392 6630 6654
f 6334 6332 6628
f 6334 6628 6630
f 8440 8510 8662
f 8440 8662 8636
f 6808 6928 7064
f 6808 7064 6936
f 6808 6936 6926
f 6332 6246 6620
f 6332 6620 6628
f 3582 3382 3718
f 3582 3718 3916
f 8234 8168 8362
f 8234 8362 8406
f 8168 8152 8358
f 8168 8358 8362
f 6928 6942 8152
f 6928 8152 7064
f 4942 4922 5074
f 4942 5074 5104
f 5104 5242 5494
f 5104 5494 5446
f 4922 4914 5070
f 4922 5070 5074
f 8510 8530 8686
f 8510 8686 8662
f 8530 8540 8692
f 8530 8692 8686
f 6246 5998 5886
f 6246 5886 5792
f 6246 5792 5542
f 6246 5542 6568
f 6246 6568 6620
f 5242 5270 5542
f 5242 5542 5494
f 3382 3354 3190
f 3382 3190 3490
f 3382 3490 3718
f 9974 10556 10864
f 9974 10864 10416
f 9974 10416 10370
f 4914 4888 5052
f 4914 5052 5070
f 5270 5354 6538
f 5270 6538 6568
f 5354 5356 6080
f 5354 6080 6148
f 6942 6976 8288
f 6942 8288 8358
f 6976 6980 7398
f 6976 7398 7550
f 5356 5388 5996
f 5356 5996 6080
f 6980 6982 7278
f 6980 7278 7398
f 8540 8570 8752
f 8540 8752 8692
f 7550 7804 8278
f 7550 8278 8288
f 5388 5394 5982
f 5388 5982 5996
f 7804 7900 8272
f 7804 8272 8278
f 6148 6206 6512
f 6148 6512 6538
f 8570 8582 8758
f 8570 8758 8752
f 6206 6210 6510
f 6206 6510 6512
f 4888 4872 5036
f 4888 5036 5052
f 7900 7966 8264
f 7900 8264 8272
f 9990 9966 10066
f 9990 10066 10012
f 6982 6996 7196
f 6982 7196 7278
f 5394 5420 5834
f 5394 5834 5982
f 6210 6234 6488
f 6210 6488 6510
f 4872 4824 5026
f 4872 5026 5036
f 5420 5438 5776
f 5420 5776 5834
f 6996 7016 7210
f 6996 7210 7196
f 7016 7020 7212
f 7016 7212 7210
f 5438 5454 5698
f 5438 5698 5776
f 6234 6244 6450
f 6234 6450 6488
f 10556 10852 11082
f 10556 11082 11068
f 10556 11068 10864
f 9966 9926 10102
f 9966 10102 10078
f 9966 10078 10066
f 8582 8600 8986
f 8582 8986 8758
f 7966 7980 8192
f 7966 8192 8264
f 4824 4742 5010
f 4824 5010 5026
f 9926 9874 10112
f 9926 10112 10110
f 9926 10110 10102
f 5454 5474 5640
f 5454 5640 5698
f 7980 7986 8182
f 7980 8182 8192
f 5474 5490 5642
f 5474 5642 5640
f 3190 3070 2912
f 3190 2912 3094
f 3190 3094 3490
f 5490 5526 5650
f 5490 5650 5642
f 7020 7076 7246
f 7020 7246 7212
f 4742 4642 4982
f 4742 4982 5010
f 9874 9832 9740
f 9874 9740 9704
f 9874 9704 9700
f 9874 9700 10140
f 9874 10140 10138
f 9874 10138 10112
f 8600 8622 9314
f 8600 9314 9218
f 8600 9218 9110
f 8600 9110 8986
f 9700 9696 9950
f 9700 9950 9972
f 8622 8626 8850
f 8622 8850 8884
f 10852 11054 11234
f 10852 11234 11082
f 9696 9676 9924
f 9696 9924 9950
f 5526 5564 5686
f 5526 5686 5650
f 9676 9670 9908
f 9676 9908 9924
f 7986 7920 8112
f 7986 8112 8182
f 8626 8646 8834
f 8626 8834 8850
f 8884 9034 9392
f 8884 9392 9314
f 6244 6186 6368
f 6244 6368 6450
f 4642 4514 4960
f 4642 4960 4982
f 7920 7896 8086
f 7920 8086 8112
f 2912 2798 2956
f 2912 2956 3094
f 9034 9140 9460
f 9034 9460 9400
f 9034 9400 9392
f 8646 8660 8842
f 8646 8842 8834
f 9670 9582 9818
f 9670 9818 9908
f 9140 9178 9506
f 9140 9506 9460
f 4514 4424 4952
f 4514 4952 4960
f 9582 9558 9792
f 9582 9792 9818
f 9178 9214 9558
f 9178 9558 9506
f 9214 9248 9782
f 9214 9782 9792
f 6186 6150 6336
f 6186 6336 6368
f 4744 4780 4936
f 4744 4936 4952
f 9972 10030 10182
f 9972 10182 10140
f 10030 10032 10184
f 10030 10184 10182
f 8660 8694 8878
f 8660 8878 8842
f 7896 7820 8020
f 7896 8020 8086
f 3600 3576 3532
f 3600 3532 4080
f 3600 4080 3914
f 3600 3914 3746
f 3600 3746 3692
f 3600 3692 3666
f 2798 2656 2814
f 2798 2814 2956
f 7076 7182 7366
f 7076 7366 7246
f 3532 3518 4104
f 3532 4104 4080
f 7820 7786 7994
f 7820 7994 8020
f 4424 4116 4472
f 4424 4472 4488
f 4424 4488 4650
f 4424 4650 4706
f 4424 4706 4744
f 3790 3794 4116
f 3790 4116 4104
f 3518 3514 3678
f 3518 3678 3790
f 9248 9458 9674
f 9248 9674 9750
f 9248 9750 9782
f 5564 5662 5806
f 5564 5806 5686
f 4780 4782 4904
f 4780 4904 4936
f 8694 8724 8886
f 8694 8886 8878
f 11054 11306 11480
f 11054 11480 11476
f 11054 11476 11272
f 11054 11272 11234
f 6150 6088 6290
f 6150 6290 6336
f 5662 5682 5818
f 5662 5818 5806
f 3794 3900 4314
f 3794 4314 4472
f 10032 10044 10208
f 10032 10208 10184
f 3900 3962 4230
f 3900 4230 4314
f 3514 3476 3662
f 3514 3662 3678
f 6088 6058 6262
f 6088 6262 6290
f 10044 10060 10252
f 10044 10252 10208
f 7182 7266 7482
f 7182 7482 7366
f 11306 11398 11566
f 11306 11566 11480
f 4782 4772 4880
f 4782 4880 4904
f 10060 10064 10286
f 10060 10286 10252
f 3962 4040 4302
f 3962 4302 4230
f 4772 4768 4878
f 4772 4878 4880
f 11398 11458 11620
f 11398 11620 11566
f 8724 8766 8920
f 8724 8920 8914
f 8724 8914 8894
f 8724 8894 8886
f 5682 5786 5904
f 5682 5904 5818
f 2656 2640 2464
f 2656 2464 2428
f 2656 2428 2578
f 2656 2578 2814
f 3476 3406 3650
f 3476 3650 3662
f 7786 7602 7794
f 7786 7794 7994
f 11458 11532 11548
f 11458 11548 11558
f 11458 11558 11718
f 11458 11718 11620
f 9458 9286 9426
f 9458 9426 9664
f 9458 9664 9674
f 6058 5954 6172
f 6058 6172 6262
f 5786 5816 5954
f 5786 5954 5904
f 9286 9280 9424
f 9286 9424 9426
f 7602 7564 7756
f 7602 7756 7794
f 7266 7354 7564
f 7266 7564 7482
f 5816 5830 6164
f 5816 6164 6172
f 10064 10086 10620
f 10064 10620 10286
f 3406 3310 3640
f 3406 3640 3650
f 7354 7380 7730
f 7354 7730 7756
f 2428 2324 2478
f 2428 2478 2578
f 10086 10092 10692
f 10086 10692 10620
f 3310 3278 3638
f 3310 3638 3640
f 4040 4306 4486
f 4040 4486 4302
f 11558 11652 11828
f 11558 11828 11794
f 11558 11794 11718
f 10306 10366 10746
f 10306 10746 10692
f 8766 8808 8944
f 8766 8944 8936
f 8766 8936 8920
f 4768 4740 4838
f 4768 4838 4878
f 5830 5880 6126
f 5830 6126 6164
f 9280 9128 9316
f 9280 9316 9424
f 8808 8830 8948
f 8808 8948 8944
f 4306 4380 4564
f 4306 4564 4486
f 7380 7466 7666
f 7380 7666 7730
f 9128 9106 9304
f 9128 9304 9316
f 11652 11746 11918
f 11652 11918 11908
f 11652 11908 11828
f 8830 8840 8966
f 8830 8966 8948
f 4380 4418 4584
f 4380 4584 4564
f 4740 4724 4808
f 4740 4808 4838
f 7466 7504 7676
f 7466 7676 7666
f 3278 3088 3634
f 3278 3634 3638
f 10366 10644 10938
f 10366 10938 10746
f 3088 3082 3402
f 3088 3402 3434
f 2324 2310 2220
f 2324 2220 2344
f 2324 2344 2478
f 3082 3072 3370
f 3082 3370 3402
f 10092 10106 10284
f 10092 10284 10306
f 9106 9030 9272
f 9106 9272 9304
f 3072 3058 3332
f 3072 3332 3370
f 9030 8984 9262
f 9030 9262 9272
f 8840 8848 8984
f 8840 8984 8966
f 5880 5932 6072
f 5880 6072 6126
f 4724 4712 4796
f 4724 4796 4808
f 4712 4656 4792
f 4712 4792 4796
f 4418 4478 4656
f 4418 4656 4584
f 3058 2986 3182
f 3058 3182 3332
f 3434 3442 3630
f 3434 3630 3634
f 10106 10114 10270
f 10106 10270 10284
f 8848 8864 9202
f 8848 9202 9262
f 10644 10862 11116
f 10644 11116 10938
f 11746 11884 12014
f 11746 12014 11996
f 11746 11996 11918
f 11374 11330 11280
f 11374 11280 11150
f 11374 11150 11500
f 11374 11500 11486
f 11374 11486 11478
f 11374 11478 11456
f 2986 2928 3106
f 2986 3106 3182
f 11150 11146 11372
f 11150 11372 11378
f 10862 10880 11146
f 10862 11146 11116
f 8864 8868 9164
f 8864 9164 9202
f 10880 10910 11340
f 10880 11340 11372
f 4478 4558 4770
f 4478 4770 4792
f 10910 10930 11326
f 10910 11326 11340
f 8868 8876 9150
f 8868 9150 9164
f 2928 2862 3050
f 2928 3050 3106
f 10114 10122 10276
f 10114 10276 10270
f 3442 3436 3624
f 3442 3624 3630
f 10930 10962 11284
f 10930 11284 11326
f 10962 10954 11266
f 10962 11266 11284
f 5932 5874 5992
f 5932 5992 6072
f 4558 4632 4754
f 4558 4754 4770
f 2862 2788 2970
f 2862 2970 3050
f 2466 2460 2456
f 2466 2456 2788
f 2466 2788 2634
f 2466 2634 2530
f 2466 2530 2504
f 2466 2504 2492
f 2456 2454 2968
f 2456 2968 2970
f 2566 2572 2964
f 2566 2964 2968
f 11378 11420 11510
f 11378 11510 11508
f 11378 11508 11500
f 10954 10914 11162
f 10954 11162 11266
f 8876 8810 9062
f 8876 9062 9150
f 2454 2452 2554
f 2454 2554 2566
f 2220 2004 1990
f 2220 1990 2104
f 2220 2104 2344
f 2572 2628 2946
f 2572 2946 2964
f 3436 3420 3616
f 3436 3616 3624
f 2628 2654 2934
f 2628 2934 2946
f 10122 10142 10294
f 10122 10294 10276
f 10914 10854 11088
f 10914 11088 11162
f 2654 2700 2948
f 2654 2948 2934
f 2452 2448 2450
f 2452 2450 2542
f 2452 2542 2554
f 4632 4694 4828
f 4632 4828 4754
f 7504 7636 7822
f 7504 7822 7762
f 7504 7762 7676
f 8810 8754 8978
f 8810 8978 9062
f 2700 2732 2958
f 2700 2958 2948
f 10142 10144 10298
f 10142 10298 10294
f 2732 2770 2990
f 2732 2990 2958
f 10854 10768 11016
f 10854 11016 11088
f 10768 10766 11012
f 10768 11012 11016
f 10144 10150 10320
f 10144 10320 10298
f 11420 11418 11512
f 11420 11512 11510
f 1990 1898 1986
f 1990 1986 2104
f 3420 3396 3602
f 3420 3602 3616
f 11418 11416 11514
f 11418 11514 11512
f 2770 2868 3096
f 2770 3096 2990
f 11884 12162 12272
f 11884 12272 12256
f 11884 12256 12156
f 11884 12156 12108
f 11884 12108 12014
f 10766 10534 10834
f 10766 10834 11012
f 10534 10514 10822
f 10534 10822 10834
f 10150 10154 10344
f 10150 10344 10320
f 3396 3386 3606
f 3396 3606 3602
f 2868 2930 3144
f 2868 3144 3096
f 10514 10434 10774
f 10514 10774 10822
f 8754 8674 8562
f 8754 8562 8792
f 8754 8792 8978
f 2930 2944 3166
f 2930 3166 3144
f 10434 10390 10740
f 10434 10740 10774
f 10154 10158 10390
f 10154 10390 10344
f 2450 2458 2534
f 2450 2534 2542
f 7636 7716 7892
f 7636 7892 7880
f 7636 7880 7830
f 7636 7830 7822
f 2944 3014 3268
f 2944 3268 3166
f 3386 3366 3610
f 3386 3610 3606
f 10158 10164 10654
f 10158 10654 10740
f 2458 2462 2536
f 2458 2536 2534
f 10164 10166 10636
f 10164 10636 10654
f 3366 3346 3612
f 3366 3612 3610
f 3014 3042 3346
f 3014 3346 3268
f 3042 3044 3614
f 3042 3614 3612
f 11416 11400 11650
f 11416 11650 11514
f 1898 1880 1750
f 1898 1750 1878
f 1898 1878 1986
f 11400 11396 11518
f 11400 11518 11528
f 11396 11394 11516
f 11396 11516 11518
f 11528 11570 11684
f 11528 11684 11650
f 2462 2386 2538
f 2462 2538 2536
f 3044 3134 3618
f 3044 3618 3614
f 13822 13816 13818
f 13822 13818 13820
f 13822 13820 13826
f 13822 13826 13830
f 13822 13830 13832
f 13822 13832 13828
f 13822 13828 13824
f 8562 8474 8424
f 8562 8424 8610
f 8562 8610 8792
f 10166 10172 10412
f 10166 10412 10636
f 11570 11622 11740
f 11570 11740 11684
f 12162 12318 12444
f 12162 12444 12272
f 11394 11388 11498
f 11394 11498 11516
f 4694 5058 5258
f 4694 5258 5254
f 4694 5254 5114
f 4694 5114 4994
f 4694 4994 4828
f 7716 7806 7968
f 7716 7968 7892
f 10172 10176 10386
f 10172 10386 10412
f 5874 5842 5794
f 5874 5794 5758
f 5874 5758 5750
f 5874 5750 5844
f 5874 5844 5992
f 2386 2292 2550
f 2386 2550 2538
f 11622 11674 11814
f 11622 11814 11740
f 10176 10178 10376
f 10176 10376 10386
f 2292 2278 2418
f 2292 2418 2446
f 3134 3404 3626
f 3134 3626 3618
f 2446 2484 2552
f 2446 2552 2550
f 3404 3432 3628
f 3404 3628 3626
f 2278 2254 2382
f 2278 2382 2418
f 8424 8402 8340
f 8424 8340 8460
f 8424 8460 8610
f 8340 8338 8458
f 8340 8458 8460
f 2484 2500 2558
f 2484 2558 2552
f 10178 10160 10354
f 10178 10354 10376
f 5750 5728 5828
f 5750 5828 5844
f 11674 11808 11950
f 11674 11950 11814
f 11388 11370 11474
f 11388 11474 11498
f 7806 7866 8042
f 7806 8042 8016
f 7806 8016 7968
f 2500 2510 2570
f 2500 2570 2558
f 12318 12502 12586
f 12318 12586 12560
f 12318 12560 12444
f 5058 5264 5472
f 5058 5472 5258
f 11808 11860 11990
f 11808 11990 11950
f 2254 2236 2158
f 2254 2158 2264
f 2254 2264 2382
f 11860 11872 12020
f 11860 12020 11990
f 6690 6970 6952
f 6690 6952 6918
f 6690 6918 6806
f 12248 12202 12148
f 12248 12148 12038
f 12248 12038 12344
f 12248 12344 12352
f 12248 12352 12324
f 12248 12324 12304
f 11872 11864 12038
f 11872 12038 12020
f 1750 1724 1522
f 1750 1522 1620
f 1750 1620 1878
f 11864 11844 12338
f 11864 12338 12344
f 11370 11366 11470
f 11370 11470 11474
f 12210 12242 12334
f 12210 12334 12338
f 7866 7902 8076
f 7866 8076 8042
f 2158 2094 2214
f 2158 2214 2264
f 11844 11830 12180
f 11844 12180 12210
f 8338 8200 8360
f 8338 8360 8458
f 2510 2518 2582
f 2510 2582 2570
f 5264 5390 5556
f 5264 5556 5476
f 5264 5476 5472
f 11830 11812 12152
f 11830 12152 12180
f 12242 12250 12326
f 12242 12326 12334
f 11366 11364 11462
f 11366 11462 11470
f 11812 11782 12116
f 11812 12116 12152
f 12250 12254 12320
f 12250 12320 12326
f 5728 5688 5800
f 5728 5800 5828
f 11782 11744 12074
f 11782 12074 12116
f 8200 8160 8326
f 8200 8326 8360
f 6690 6610 6794
f 6690 6794 6866
f 8160 8146 8318
f 8160 8318 8326
f 7902 7932 8118
f 7902 8118 8076
f 2094 2052 2176
f 2094 2176 2214
f 5390 5442 5608
f 5390 5608 5556
f 2518 2522 2588
f 2518 2588 2582
f 8146 8132 8308
f 8146 8308 8318
f 7932 7940 8132
f 7932 8132 8118
f 2052 2022 2162
f 2052 2162 2176
f 1676 1660 1662
f 1676 1662 2022
f 1676 2022 1846
f 1676 1846 1718
f 3432 3486 3658
f 3432 3658 3628
f 11744 11678 11980
f 11744 11980 12074
f 11678 11654 11958
f 11678 11958 11980
f 5442 5458 5630
f 5442 5630 5608
f 11364 11358 11450
f 11364 11450 11462
f 5688 5676 5788
f 5688 5788 5800
f 11358 11356 11464
f 11358 11464 11450
f 6610 6572 6740
f 6610 6740 6794
f 7940 7952 8284
f 7940 8284 8308
f 5676 5654 5778
f 5676 5778 5788
f 5458 5470 5654
f 5458 5654 5630
f 1662 1670 2128
f 1662 2128 2162
f 1766 1792 2118
f 1766 2118 2128
f 11654 11574 11852
f 11654 11852 11958
f 1792 1806 2126
f 1792 2126 2118
f 1522 1460 1412
f 1522 1412 1504
f 1522 1504 1620
f 11574 11560 11824
f 11574 11824 11852
f 1806 1860 1872
f 1806 1872 2130
f 1806 2130 2126
f 1670 1674 1678
f 1670 1678 1758
f 1670 1758 1766
f 1872 1902 2144
f 1872 2144 2130
f 1902 1904 2154
f 1902 2154 2144
f 11560 11524 11762
f 11560 11762 11824
f 11524 11484 11742
f 11524 11742 11762
f 11356 11350 11484
f 11356 11484 11464
f 11350 11348 11736
f 11350 11736 11742
f 10160 10120 10282
f 10160 10282 10354
f 1904 1944 2210
f 1904 2210 2154
f 7952 7974 8244
f 7952 8244 8284
f 2522 2528 2606
f 2522 2606 2588
f 11348 11334 11706
f 11348 11706 11736
f 6572 6552 6484
f 6572 6484 6676
f 6572 6676 6740
f 12254 12224 12298
f 12254 12298 12316
f 12254 12316 12320
f 7974 7988 8228
f 7974 8228 8244
f 1944 2032 2332
f 1944 2332 2290
f 1944 2290 2240
f 1944 2240 2210
f 10120 10116 10266
f 10120 10266 10282
f 1678 1692 1702
f 1678 1702 1774
f 1678 1774 1758
f 2528 2526 2618
f 2528 2618 2606
f 7988 8004 8188
f 7988 8188 8228
f 5470 5582 5744
f 5470 5744 5778
f 2032 2138 2414
f 2032 2414 2392
f 2032 2392 2332
f 6866 7022 7178
f 6866 7178 7036
f 6866 7036 6970
f 2138 2164 2434
f 2138 2434 2414
f 11334 11274 11556
f 11334 11556 11706
f 2164 2196 2482
f 2164 2482 2434
f 2526 2516 2624
f 2526 2624 2618
f 2196 2198 2516
f 2196 2516 2482
f 11274 11248 11506
f 11274 11506 11556
f 2198 2244 2626
f 2198 2626 2624
f 12224 12204 12290
f 12224 12290 12298
f 3486 3520 3682
f 3486 3682 3658
f 11248 11214 11444
f 11248 11444 11506
f 1412 1332 1288
f 1412 1288 1382
f 1412 1382 1504
f 11214 11182 11404
f 11214 11404 11444
f 10116 10094 10244
f 10116 10244 10266
f 2244 2366 2642
f 2244 2642 2626
f 12204 12196 12336
f 12204 12336 12290
f 11182 11136 11346
f 11182 11346 11404
f 8004 7942 8116
f 8004 8116 8188
f 7942 7936 8102
f 7942 8102 8116
f 12502 12772 12866
f 12502 12866 12834
f 12502 12834 12674
f 12502 12674 12586
f 11136 11102 11300
f 11136 11300 11346
f 2366 2486 2742
f 2366 2742 2642
f 5582 5674 5820
f 5582 5820 5744
f 6484 6318 6492
f 6484 6492 6676
f 1702 1706 1744
f 1702 1744 1810
f 1702 1810 1774
f 7936 7882 8066
f 7936 8066 8102
f 2486 2568 2802
f 2486 2802 2742
f 10094 10070 10232
f 10094 10232 10244
f 7882 7870 8054
f 7882 8054 8066
f 2568 2632 2844
f 2568 2844 2802
f 12196 12170 12426
f 12196 12426 12336
f 1744 1710 1830
f 1744 1830 1810
f 11102 10926 10882
f 11102 10882 11126
f 11102 11126 11300
f 10070 10068 10218
f 10070 10218 10232
f 12170 12160 12266
f 12170 12266 12276
f 12276 12310 12446
f 12276 12446 12426
f 12160 12154 12264
f 12160 12264 12266
f 12310 12332 12450
f 12310 12450 12446
f 10882 10814 10776
f 10882 10776 11038
f 10882 11038 11126
f 3520 3580 3720
f 3520 3720 3682
f 7022 7232 7438
f 7022 7438 7298
f 7022 7298 7178
f 6318 6306 6230
f 6318 6230 6382
f 6318 6382 6492
f 7232 7240 7460
f 7232 7460 7438
f 12154 12138 12246
f 12154 12246 12264
f 7870 7838 7776
f 7870 7776 7982
f 7870 7982 8054
f 5674 5782 5894
f 5674 5894 5882
f 5674 5882 5820
f 12332 12382 12480
f 12332 12480 12450
f 2632 2822 3056
f 2632 3056 3016
f 2632 3016 2884
f 2632 2884 2844
f 1710 1642 1888
f 1710 1888 1830
f 12382 12402 12512
f 12382 12512 12480
f 10776 10718 10598
f 10776 10598 10874
f 10776 10874 11038
f 12772 12906 13006
f 12772 13006 12866
f 1770 1780 1894
f 1770 1894 1888
f 1288 1204 1072
f 1288 1072 1172
f 1288 1172 1382
f 10598 10474 10820
f 10598 10820 10874
f 12402 12438 12548
f 12402 12548 12512
f 3580 3586 3756
f 3580 3756 3720
f 10068 10026 10192
f 10068 10192 10218
f 10026 10022 10190
f 10026 10190 10192
f 7240 7312 7572
f 7240 7572 7460
f 2822 2982 3240
f 2822 3240 3112
f 2822 3112 3056
f 10474 10388 10754
f 10474 10754 10820
f 5782 5832 5950
f 5782 5950 5894
f 12438 12460 12568
f 12438 12568 12548
f 1642 1610 1600
f 1642 1600 1700
f 1642 1700 1770
f 7312 7328 7606
f 7312 7606 7572
f 6230 6202 6154
f 6230 6154 6124
f 6230 6124 6314
f 6230 6314 6382
f 10388 10322 10690
f 10388 10690 10754
f 10022 10002 10196
f 10022 10196 10190
f 3586 3598 3786
f 3586 3786 3756
f 10322 10222 10630
f 10322 10630 10690
f 10002 9996 10222
f 10002 10222 10196
f 12138 12102 12190
f 12138 12190 12246
f 1600 1572 1654
f 1600 1654 1700
f 7776 7718 7706
f 7776 7706 7684
f 7776 7684 7852
f 7776 7852 7982
f 7328 7368 7684
f 7328 7684 7606
f 3598 3604 3806
f 3598 3806 3786
f 1072 984 1092
f 1072 1092 1172
f 2982 3128 3422
f 2982 3422 3344
f 2982 3344 3240
f 9996 9982 10506
f 9996 10506 10630
f 3128 3142 3448
f 3128 3448 3422
f 7368 7394 7832
f 7368 7832 7852
f 1780 1840 1934
f 1780 1934 1894
f 1572 1540 1628
f 1572 1628 1654
f 12460 12534 12616
f 12460 12616 12568
f 3142 3184 3502
f 3142 3502 3448
f 12534 12538 12618
f 12534 12618 12616
f 12906 13020 13120
f 12906 13120 13098
f 12906 13098 13006
f 3604 3592 3824
f 3604 3824 3806
f 3184 3216 3592
f 3184 3592 3502
f 12538 12540 12642
f 12538 12642 12618
f 1840 1856 1948
f 1840 1948 1934
f 12102 12080 12146
f 12102 12146 12190
f 7394 7434 7802
f 7394 7802 7832
f 6124 6052 6266
f 6124 6266 6314
f 5832 5918 6052
f 5832 6052 5950
f 12540 12544 12672
f 12540 12672 12642
f 12544 12546 12702
f 12544 12702 12672
f 12546 12530 12792
f 12546 12792 12702
f 12530 12520 12876
f 12530 12876 12846
f 12530 12846 12792
f 9982 9944 10334
f 9982 10334 10506
f 984 972 898
f 984 898 1020
f 984 1020 1092
f 1540 1498 1479
f 1540 1479 1588
f 1540 1588 1628
f 12520 12424 12942
f 12520 12942 12890
f 12520 12890 12876
f 3216 3444 3868
f 3216 3868 3824
f 12424 12364 12934
f 12424 12934 12942
f 12364 12350 12932
f 12364 12932 12934
f 12350 12340 12668
f 12350 12668 12728
f 5918 5968 6194
f 5918 6194 6266
f 12728 12768 12926
f 12728 12926 12928
f 12728 12928 12932
f 12080 12050 12114
f 12080 12114 12146
f 12340 12268 12620
f 12340 12620 12638
f 12340 12638 12668
f 12768 12790 12918
f 12768 12918 12926
f 9944 9918 10198
f 9944 10198 10334
f 1479 1468 1456
f 1479 1456 1546
f 1479 1546 1588
f 12268 12110 12496
f 12268 12496 12596
f 12268 12596 12620
f 12110 12100 12478
f 12110 12478 12496
f 12050 12048 12100
f 12050 12100 12114
f 1856 1912 1988
f 1856 1988 1948
f 12048 12040 12434
f 12048 12434 12478
f 1456 1404 1538
f 1456 1538 1546
f 1404 1346 1536
f 1404 1536 1538
f 12040 12034 12388
f 12040 12388 12434
f 1346 1278 1534
f 1346 1534 1536
f 3444 3672 3904
f 3444 3904 3868
f 12034 12028 12372
f 12034 12372 12388
f 1278 1106 1084
f 1278 1084 1586
f 1278 1586 1534
f 7434 7540 7698
f 7434 7698 7802
f 5968 5964 6162
f 5968 6162 6194
f 898 874 814
f 898 814 922
f 898 922 1020
f 1084 1068 1050
f 1084 1050 1614
f 1084 1614 1586
f 12790 12816 12896
f 12790 12896 12914
f 12790 12914 12918
f 1050 1042 1046
f 1050 1046 1646
f 1050 1646 1614
f 1912 1928 2000
f 1912 2000 1988
f 12028 12008 12218
f 12028 12218 12372
f 1928 1930 2002
f 1928 2002 2000
f 9918 9872 10098
f 9918 10098 10198
f 1046 1056 1764
f 1046 1764 1646
f 1930 1940 2010
f 1930 2010 2002
f 1056 1064 1820
f 1056 1820 1764
f 12008 11992 12140
f 12008 12140 12218
f 1940 1896 2016
f 1940 2016 2010
f 1064 1070 1896
f 1064 1896 1820
f 814 804 770
f 814 770 888
f 814 888 922
f 3672 3764 3954
f 3672 3954 3904
f 1070 1078 1082
f 1070 1082 2024
f 1070 2024 2016
f 1188 1352 2030
f 1188 2030 2024
f 9872 9842 10048
f 9872 10048 10098
f 1352 1502 2034
f 1352 2034 2030
f 12816 12798 12862
f 12816 12862 12872
f 12816 12872 12896
f 1502 1576 2044
f 1502 2044 2034
f 1576 1624 2048
f 1576 2048 2044
f 11992 11972 12094
f 11992 12094 12140
f 7540 7574 7726
f 7540 7726 7698
f 1624 1726 2058
f 1624 2058 2048
f 1726 1728 2060
f 1726 2060 2058
f 1728 1784 2062
f 1728 2062 2060
f 770 730 838
f 770 838 888
f 3764 3816 4006
f 3764 4006 3954
f 1082 1090 1112
f 1082 1112 1212
f 1082 1212 1188
f 1784 1844 2066
f 1784 2066 2062
f 5964 5944 6096
f 5964 6096 6162
f 13020 13214 13322
f 13020 13322 13310
f 13020 13310 13192
f 13020 13192 13120
f 12798 12756 12818
f 12798 12818 12862
f 9842 9790 9988
f 9842 9988 9998
f 9842 9998 10036
f 9842 10036 10048
f 11020 10816 10802
f 11020 10802 11302
f 11020 11302 11314
f 11020 11314 11324
f 11020 11324 11288
f 11020 11288 11254
f 11020 11254 11216
f 1844 1968 2090
f 1844 2090 2066
f 12756 12744 12832
f 12756 12832 12818
f 1968 1976 2092
f 1968 2092 2090
f 1112 1162 1260
f 1112 1260 1212
f 10802 10696 11084
f 10802 11084 11238
f 1162 1166 1266
f 1162 1266 1260
f 9790 9764 9910
f 9790 9910 9940
f 9790 9940 9988
f 3816 3866 4028
f 3816 4028 4006
f 10696 10568 10988
f 10696 10988 11084
f 10568 10548 10966
f 10568 10966 10988
f 9764 9754 9878
f 9764 9878 9910
f 1166 1174 1280
f 1166 1280 1266
f 7574 7634 7812
f 7574 7812 7796
f 7574 7796 7726
f 5944 5934 6066
f 5944 6066 6096
f 2718 2712 2714
f 2718 2714 3170
f 2718 3170 3146
f 2718 3146 3046
f 2718 3046 2842
f 2718 2842 2796
f 2718 2796 2764
f 9754 9734 9862
f 9754 9862 9878
f 10548 10318 10800
f 10548 10800 10966
f 2714 2720 2836
f 2714 2836 2846
f 1976 2040 2134
f 1976 2134 2092
f 1174 1182 1298
f 1174 1298 1280
f 1182 1180 1302
f 1182 1302 1298
f 11972 11964 11924
f 11972 11924 11882
f 11972 11882 11978
f 11972 11978 12094
f 12744 12684 12882
f 12744 12882 12832
f 9734 9716 9856
f 9734 9856 9862
f 730 666 594
f 730 594 590
f 730 590 716
f 730 716 838
f 2846 2960 3318
f 2846 3318 3290
f 2846 3290 3170
f 2720 2730 2830
f 2720 2830 2836
f 11882 11868 11966
f 11882 11966 11978
f 12784 12822 12900
f 12784 12900 12882
f 12684 12670 12774
f 12684 12774 12784
f 2960 3064 3468
f 2960 3468 3318
f 9716 9690 9882
f 9716 9882 9856
f 10318 9970 10560
f 10318 10560 10800
f 9690 9682 9970
f 9690 9970 9882
f 13214 13318 13434
f 13214 13434 13322
f 5934 5926 6054
f 5934 6054 6066
f 3064 3162 3594
f 3064 3594 3510
f 3064 3510 3468
f 12822 12850 12916
f 12822 12916 12900
f 3162 3208 3646
f 3162 3646 3594
f 12670 12658 12750
f 12670 12750 12774
f 2040 2082 2184
f 2040 2184 2134
f 3866 3870 3920
f 3866 3920 3978
f 3866 3978 3992
f 3866 3992 4136
f 3866 4136 4028
f 3208 3282 3686
f 3208 3686 3646
f 590 552 542
f 590 542 650
f 590 650 716
f 6772 6738 6968
f 6772 6968 6874
f 12658 12650 12736
f 12658 12736 12750
f 1180 1158 1348
f 1180 1348 1302
f 6738 6730 6972
f 6738 6972 6968
f 9682 9634 10262
f 9682 10262 10560
f 7634 7672 7860
f 7634 7860 7840
f 7634 7840 7812
f 2730 2738 2758
f 2730 2758 2834
f 2730 2834 2830
f 1158 1140 1354
f 1158 1354 1348
f 12850 12874 12962
f 12850 12962 12916
f 3282 3480 3862
f 3282 3862 3686
f 12874 12878 12966
f 12874 12966 12962
f 2082 2120 2216
f 2082 2216 2184
f 2120 2124 2224
f 2120 2224 2216
f 1140 1126 1370
f 1140 1370 1354
f 3480 3590 3964
f 3480 3964 3862
f 6864 6922 7014
f 6864 7014 6972
f 9634 9564 10040
f 9634 10040 10262
f 1126 1120 1244
f 1126 1244 1258
f 542 480 588
f 542 588 650
f 3992 4038 4232
f 3992 4232 4136
f 3590 3700 4038
f 3590 4038 3964
f 2758 2774 2854
f 2758 2854 2834
f 9564 9544 9964
f 9564 9964 10040
f 12650 12608 12686
f 12650 12686 12736
f 3700 3750 4242
f 3700 4242 4232
f 3750 3752 4248
f 3750 4248 4242
f 1258 1304 1402
f 1258 1402 1370
f 13318 13420 13516
f 13318 13516 13434
f 12608 12606 12680
f 12608 12680 12686
f 1120 1100 1214
f 1120 1214 1244
f 6922 6950 7082
f 6922 7082 7014
f 11238 11118 11212
f 11238 11212 11232
f 11238 11232 11262
f 11238 11262 11296
f 11238 11296 11302
f 5926 5916 6020
f 5926 6020 6054
f 2124 2172 2248
f 2124 2248 2224
f 6950 6966 7100
f 6950 7100 7082
f 3752 3878 4288
f 3752 4288 4248
f 1100 1094 1198
f 1100 1198 1214
f 9544 9486 9752
f 9544 9752 9964
f 11868 11710 11842
f 11868 11842 11878
f 11868 11878 11928
f 11868 11928 11966
f 1304 1340 1436
f 1304 1436 1402
f 12878 12944 13038
f 12878 13038 12966
f 12606 12580 12664
f 12606 12664 12680
f 9486 9446 9702
f 9486 9702 9752
f 12944 12946 13044
f 12944 13044 13038
f 480 460 446
f 480 446 544
f 480 544 588
f 6730 6666 6608
f 6730 6608 6580
f 6730 6580 6764
f 6730 6764 6864
f 2774 2790 2800
f 2774 2800 2890
f 2774 2890 2854
f 12580 12578 12654
f 12580 12654 12664
f 8432 8372 8314
f 8432 8314 8606
f 8432 8606 8592
f 8432 8592 8572
f 8432 8572 8494
f 6966 7000 7170
f 6966 7170 7100
f 3878 4084 4378
f 3878 4378 4288
f 6580 6570 6744
f 6580 6744 6764
f 2172 2222 2316
f 2172 2316 2248
f 1340 1366 1458
f 1340 1458 1436
f 1094 1052 1144
f 1094 1144 1198
f 7000 7046 7224
f 7000 7224 7170
f 12946 12970 13082
f 12946 13082 13044
f 1366 1384 1472
f 1366 1472 1458
f 9446 9374 9554
f 9446 9554 9702
f 4084 4186 4444
f 4084 4444 4378
f 7046 7054 7252
f 7046 7252 7224
f 1052 1036 1124
f 1052 1124 1144
f 4186 4222 4454
f 4186 4454 4444
f 12578 12554 12644
f 12578 12644 12654
f 5226 5208 5612
f 5226 5612 5434
f 5226 5434 5332
f 5226 5332 5268
f 5916 5896 6016
f 5916 6016 6020
f 12970 12988 13104
f 12970 13104 13082
f 12988 12992 13108
f 12988 13108 13104
f 11710 11644 11752
f 11710 11752 11754
f 11710 11754 11842
f 6570 6482 6706
f 6570 6706 6744
f 7054 7056 7074
f 7054 7074 7314
f 7054 7314 7252
f 7672 7700 7914
f 7672 7914 7910
f 7672 7910 7872
f 7672 7872 7860
f 7700 7702 7916
f 7700 7916 7914
f 4222 4318 4520
f 4222 4520 4510
f 4222 4510 4454
f 1036 1022 1096
f 1036 1096 1124
f 5412 5522 5680
f 5412 5680 5612
f 12554 12518 12660
f 12554 12660 12644
f 2222 2260 2268
f 2222 2268 2370
f 2222 2370 2354
f 2222 2354 2338
f 2222 2338 2316
f 7074 7090 7422
f 7074 7422 7314
f 11644 11612 11732
f 11644 11732 11752
f 9374 9260 9416
f 9374 9416 9554
f 6482 6414 6674
f 6482 6674 6706
f 8314 8242 8176
f 8314 8176 8130
f 8314 8130 8300
f 8314 8300 8428
f 12518 12514 12676
f 12518 12676 12660
f 8428 8462 8618
f 8428 8618 8608
f 8428 8608 8606
f 12514 12506 12682
f 12514 12682 12676
f 12992 12984 13182
f 12992 13182 13108
f 5522 5566 5718
f 5522 5718 5680
f 2268 2274 2378
f 2268 2378 2370
f 12506 12420 12730
f 12506 12730 12682
f 7702 7664 7926
f 7702 7926 7916
f 6414 6348 6660
f 6414 6660 6674
f 7664 7614 7928
f 7664 7928 7926
f 12984 12936 13194
f 12984 13194 13182
f 12936 12854 13198
f 12936 13198 13194
f 12420 12356 12854
f 12420 12854 12730
f 7614 7584 7930
f 7614 7930 7928
f 7090 7094 7102
f 7090 7102 7584
f 7090 7584 7422
f 6348 6242 6658
f 6348 6658 6660
f 5896 5878 6014
f 5896 6014 6016
f 5566 5594 5766
f 5566 5766 5718
f 1022 998 1086
f 1022 1086 1096
f 5878 5870 6648
f 5878 6648 6658
f 11612 11582 11694
f 11612 11694 11732
f 5208 5204 5198
f 5208 5198 5368
f 5208 5368 5412
f 11582 11580 11692
f 11582 11692 11694
f 12356 12212 13222
f 12356 13222 13198
f 446 418 370
f 446 370 364
f 446 364 450
f 446 450 470
f 446 470 514
f 446 514 536
f 446 536 544
f 8130 8044 8246
f 8130 8246 8300
f 2274 2296 2404
f 2274 2404 2378
f 12212 12124 13262
f 12212 13262 13222
f 4318 4490 4648
f 4318 4648 4610
f 4318 4610 4520
f 5870 5858 6636
f 5870 6636 6648
f 9260 9154 9330
f 9260 9330 9416
f 1384 1464 1548
f 1384 1548 1472
f 8044 8014 8230
f 8044 8230 8246
f 5858 5848 6634
f 5858 6634 6636
f 5594 5632 5848
f 5594 5848 5766
f 8014 7964 8224
f 8014 8224 8230
f 7102 7122 7964
f 7102 7964 7930
f 12124 11932 13332
f 12124 13332 13280
f 12124 13280 13262
f 7122 7128 8210
f 7122 8210 8224
f 7128 7130 7384
f 7128 7384 7418
f 7130 7132 7134
f 7130 7134 7358
f 7130 7358 7384
f 11932 11838 13360
f 11932 13360 13332
f 11580 11544 11672
f 11580 11672 11692
f 11838 11730 13372
f 11838 13372 13360
f 11544 11542 11730
f 11544 11730 11672
f 11542 11540 13390
f 11542 13390 13372
f 12802 12924 13398
f 12802 13398 13390
f 5632 5664 6616
f 5632 6616 6634
f 4490 4554 4700
f 4490 4700 4648
f 7418 7528 7594
f 7418 7594 7668
f 7418 7668 8184
f 7418 8184 8210
f 364 354 424
f 364 424 450
f 11540 11534 12558
f 11540 12558 12802
f 12924 13036 13424
f 12924 13424 13416
f 12924 13416 13398
f 7134 7152 7340
f 7134 7340 7358
f 2800 2824 2888
f 2800 2888 2992
f 2800 2992 2890
f 11534 11522 12396
f 11534 12396 12558
f 1464 1483 1584
f 1464 1584 1548
f 7668 7732 8166
f 7668 8166 8184
f 5664 5690 6602
f 5664 6602 6616
f 2888 2896 3000
f 2888 3000 2992
f 998 952 1040
f 998 1040 1086
f 5690 5692 6222
f 5690 6222 6372
f 5692 5696 6152
f 5692 6152 6222
f 11118 10968 11096
f 11118 11096 11098
f 11118 11098 11186
f 11118 11186 11212
f 7732 7772 8148
f 7732 8148 8166
f 9154 9146 9066
f 9154 9066 9238
f 9154 9238 9330
f 5696 5704 6074
f 5696 6074 6152
f 13036 13170 13440
f 13036 13440 13442
f 13036 13442 13424
f 5198 5186 5318
f 5198 5318 5368
f 4554 4592 4736
f 4554 4736 4700
f 7152 7166 7352
f 7152 7352 7340
f 11522 11490 12216
f 11522 12216 12396
f 13420 13578 13654
f 13420 13654 13618
f 13420 13618 13556
f 13420 13556 13516
f 952 944 1074
f 952 1074 1040
f 8462 8482 8644
f 8462 8644 8628
f 8462 8628 8618
f 1483 1490 1594
f 1483 1594 1584
f 7772 7824 8138
f 7772 8138 8148
f 5704 5730 6004
f 5704 6004 6074
f 13170 13236 13438
f 13170 13438 13440
f 944 932 1114
f 944 1114 1074
f 2296 2320 2358
f 2296 2358 2494
f 2296 2494 2404
f 5730 5748 5972
f 5730 5972 6004
f 1490 1442 1740
f 1490 1740 1594
f 1442 1364 1778
f 1442 1778 1740
f 13236 13270 13430
f 13236 13430 13436
f 13236 13436 13438
f 7824 7836 8110
f 7824 8110 8138
f 7166 7180 7356
f 7166 7356 7352
f 1364 1292 1802
f 1364 1802 1778
f 932 926 1292
f 932 1292 1114
f 11490 11448 11962
f 11490 11962 12216
f 7180 7192 7360
f 7180 7360 7356
f 5748 5780 5948
f 5748 5948 5972
f 4592 4658 4804
f 4592 4804 4736
f 11448 11440 11910
f 11448 11910 11962
f 5780 5796 5952
f 5780 5952 5948
f 5186 5182 5304
f 5186 5304 5318
f 9066 9040 8954
f 9066 8954 9144
f 9066 9144 9238
f 8482 8498 8664
f 8482 8664 8644
f 4658 4688 4850
f 4658 4850 4804
f 2358 2364 2396
f 2358 2396 2532
f 2358 2532 2494
f 5796 5808 5958
f 5796 5958 5952
f 926 908 2166
f 926 2166 2096
f 926 2096 1972
f 926 1972 1868
f 926 1868 1802
f 354 330 376
f 354 376 424
f 11440 11382 11734
f 11440 11734 11910
f 908 860 2206
f 908 2206 2166
f 8498 8506 8670
f 8498 8670 8664
f 860 858 1530
f 860 1530 1612
f 11382 11368 11712
f 11382 11712 11734
f 858 824 1418
f 858 1418 1530
f 1612 1722 2252
f 1612 2252 2206
f 7836 7778 8030
f 7836 8030 8110
f 7778 7774 8028
f 7778 8028 8030
f 1722 1790 2288
f 1722 2288 2282
f 1722 2282 2252
f 1790 1864 2318
f 1790 2318 2288
f 5182 5162 5284
f 5182 5284 5304
f 8954 8860 9090
f 8954 9090 9144
f 4688 4730 4920
f 4688 4920 4850
f 11368 11308 11596
f 11368 11596 11712
f 5162 5160 5286
f 5162 5286 5284
f 2896 2952 3060
f 2896 3060 3000
f 824 710 646
f 824 646 1110
f 824 1110 1418
f 11308 11286 11572
f 11308 11572 11596
f 4730 4746 4946
f 4730 4946 4920
f 13270 13246 13354
f 13270 13354 13430
f 8860 8818 9042
f 8860 9042 9090
f 2396 2426 2598
f 2396 2598 2532
f 2426 2432 2604
f 2426 2604 2598
f 1864 2006 2432
f 1864 2432 2318
f 2006 2042 2614
f 2006 2614 2604
f 7774 7728 7956
f 7774 7956 8028
f 8506 8502 8732
f 8506 8732 8670
f 6372 6316 6312
f 6372 6312 6508
f 6372 6508 6602
f 646 556 548
f 646 548 954
f 646 954 1110
f 8818 8762 9020
f 8818 9020 9042
f 8502 8500 8762
f 8502 8762 8732
f 5160 5140 5290
f 5160 5290 5286
f 7192 7262 7432
f 7192 7432 7360
f 5140 5032 5294
f 5140 5294 5290
f 4746 4778 5032
f 4746 5032 4946
f 10968 10866 11032
f 10968 11032 11096
f 548 504 496
f 548 496 816
f 548 816 954
f 5808 5888 6048
f 5808 6048 5958
f 2042 2182 2664
f 2042 2664 2614
f 5888 5900 6064
f 5888 6064 6048
f 4778 4810 5296
f 4778 5296 5294
f 13578 13628 13688
f 13578 13688 13676
f 13578 13676 13654
f 7728 7690 7888
f 7728 7888 7956
f 496 492 510
f 496 510 658
f 496 658 816
f 2182 2308 2716
f 2182 2716 2664
f 2952 2994 3104
f 2952 3104 3060
f 510 530 660
f 510 660 658
f 7262 7288 7494
f 7262 7494 7432
f 8500 8490 8904
f 8500 8904 9020
f 13246 13188 13294
f 13246 13294 13350
f 13246 13350 13354
f 530 538 662
f 530 662 660
f 7690 7638 7848
f 7690 7848 7888
f 2308 2424 2782
f 2308 2782 2716
f 5900 5942 6136
f 5900 6136 6064
f 11286 11188 11130
f 11286 11130 11076
f 11286 11076 11014
f 11286 11014 11260
f 11286 11260 11572
f 4810 4866 5298
f 4810 5298 5296
f 5942 5946 6146
f 5942 6146 6136
f 11014 10980 11242
f 11014 11242 11260
f 10866 10818 10980
f 10866 10980 11032
f 6312 6274 6442
f 6312 6442 6508
f 8490 8488 8952
f 8490 8952 8904
f 538 558 674
f 538 674 662
f 2424 2546 2840
f 2424 2840 2782
f 8488 8486 8998
f 8488 8998 8952
f 5946 5980 6178
f 5946 6178 6146
f 558 564 692
f 558 692 674
f 4866 4898 5314
f 4866 5314 5298
f 2994 3018 3136
f 2994 3136 3104
f 8486 8484 8676
f 8486 8676 8702
f 2546 2600 2898
f 2546 2898 2840
f 3018 3024 3140
f 3018 3140 3136
f 2600 2636 2922
f 2600 2922 2898
f 13188 13158 13248
f 13188 13248 13294
f 8702 8788 9044
f 8702 9044 8998
f 10818 10778 11112
f 10818 11112 11242
f 6274 6270 6258
f 6274 6258 6240
f 6274 6240 6408
f 6274 6408 6442
f 5980 6006 6240
f 5980 6240 6178
f 4898 4910 5324
f 4898 5324 5314
f 7288 7318 7530
f 7288 7530 7494
f 4910 4900 5328
f 4910 5328 5324
f 10778 10770 11080
f 10778 11080 11112
f 7638 7538 7752
f 7638 7752 7848
f 7318 7324 7538
f 7318 7538 7530
f 6006 6022 6404
f 6006 6404 6408
f 3024 3022 3160
f 3024 3160 3140
f 2636 2708 3022
f 2636 3022 2922
f 4900 4896 5124
f 4900 5124 5144
f 8484 8480 8652
f 8484 8652 8676
f 4896 4890 5112
f 4896 5112 5124
f 8788 8866 9104
f 8788 9104 9044
f 2708 2766 3176
f 2708 3176 3160
f 4890 4848 5080
f 4890 5080 5112
f 6022 6044 6402
f 6022 6402 6404
f 13158 13124 13272
f 13158 13272 13248
f 8866 8934 9152
f 8866 9152 9104
f 5144 5188 5348
f 5144 5348 5328
f 13628 13672 13716
f 13628 13716 13688
f 9570 9472 9336
f 9570 9336 9836
f 9570 9836 9840
f 9570 9840 9828
f 9570 9828 9698
f 10770 10732 10984
f 10770 10984 11080
f 564 592 636
f 564 636 764
f 564 764 692
f 7324 7338 7708
f 7324 7708 7752
f 2766 2866 3230
f 2766 3230 3176
f 4848 4836 4786
f 4848 4786 4758
f 4848 4758 4986
f 4848 4986 5080
f 4758 4752 4978
f 4758 4978 4986
f 9336 9216 9522
f 9336 9522 9660
f 8934 9012 9216
f 8934 9216 9152
f 5188 5210 5376
f 5188 5376 5348
f 13124 13088 13286
f 13124 13286 13272
f 8480 8468 8638
f 8480 8638 8652
f 9012 9074 9442
f 9012 9442 9522
f 4056 4052 4054
f 4056 4054 4606
f 4056 4606 4508
f 4056 4508 4326
f 4056 4326 4250
f 4056 4250 4166
f 8468 8466 8634
f 8468 8634 8638
f 330 324 292
f 330 292 264
f 330 264 258
f 330 258 310
f 330 310 350
f 330 350 366
f 330 366 376
f 4752 4678 4884
f 4752 4884 4938
f 4752 4938 4978
f 4054 4060 4678
f 4054 4678 4606
f 6044 6158 6374
f 6044 6374 6402
f 9074 9108 9384
f 9074 9384 9442
f 9108 9098 9368
f 9108 9368 9384
f 7338 7346 7600
f 7338 7600 7708
f 636 668 704
f 636 704 726
f 636 726 844
f 636 844 764
f 726 728 846
f 726 846 844
f 4060 4070 4802
f 4060 4802 4882
f 4060 4882 4884
f 4070 4072 4322
f 4070 4322 4358
f 4358 4386 4788
f 4358 4788 4802
f 4072 4074 4296
f 4072 4296 4322
f 9660 9656 9788
f 9660 9788 9834
f 9660 9834 9836
f 5210 5230 5404
f 5210 5404 5376
f 6158 6174 6400
f 6158 6400 6374
f 2866 3080 3304
f 2866 3304 3230
f 4386 4482 4806
f 4386 4806 4788
f 6174 6188 6516
f 6174 6516 6400
f 6188 6190 6534
f 6188 6534 6516
f 4482 4506 4820
f 4482 4820 4806
f 10732 10602 10796
f 10732 10796 10984
f 4074 4082 4268
f 4074 4268 4296
f 9098 8962 9270
f 9098 9270 9368
f 728 736 876
f 728 876 846
f 7346 7348 7562
f 7346 7562 7600
f 6190 6204 6900
f 6190 6900 6534
f 13202 13242 13320
f 13202 13320 13286
f 4082 4092 4274
f 4082 4274 4268
f 4506 4604 4876
f 4506 4876 4820
f 3080 3148 3342
f 3080 3342 3304
f 736 732 912
f 736 912 876
f 258 244 284
f 258 284 310
f 4604 4666 4930
f 4604 4930 4876
f 3148 3186 3360
f 3148 3360 3342
f 4666 4698 4970
f 4666 4970 4930
f 4092 4110 4286
f 4092 4286 4274
f 6204 6278 7522
f 6204 7522 7562
f 732 714 946
f 732 946 912
f 3186 3222 3388
f 3186 3388 3360
f 8962 8696 9038
f 8962 9038 9270
f 6278 6296 7520
f 6278 7520 7522
f 13088 12960 13076
f 13088 13076 13202
f 4698 4738 5038
f 4698 5038 4970
f 10602 10468 10708
f 10602 10708 10748
f 10602 10748 10796
f 714 708 706
f 714 706 966
f 714 966 946
f 13242 13266 13344
f 13242 13344 13320
f 8696 8632 9002
f 8696 9002 9038
f 8466 8446 8632
f 8466 8632 8634
f 6296 6300 7510
f 6296 7510 7520
f 6300 6304 6902
f 6300 6902 6964
f 6304 6310 6818
f 6304 6818 6902
f 706 698 796
f 706 796 820
f 4738 4794 5126
f 4738 5126 5038
f 6964 7146 7496
f 6964 7496 7510
f 12960 12930 13054
f 12960 13054 13076
f 6310 6322 6680
f 6310 6680 6818
f 5230 5256 5440
f 5230 5440 5404
f 8446 8444 8922
f 8446 8922 9002
f 13266 13278 13358
f 13266 13358 13344
f 5256 5228 5444
f 5256 5444 5440
f 4794 4846 5228
f 4794 5228 5126
f 6322 6340 6624
f 6322 6624 6680
f 9656 9578 9722
f 9656 9722 9770
f 9656 9770 9788
f 7146 7164 7444
f 7146 7444 7496
f 698 682 786
f 698 786 796
f 820 880 1024
f 820 1024 966
f 12930 12904 13016
f 12930 13016 13054
f 3222 3292 3488
f 3222 3488 3388
f 4846 4924 5452
f 4846 5452 5444
f 6340 6350 6606
f 6340 6606 6624
f 6350 6352 6604
f 6350 6604 6606
f 8444 8434 8806
f 8444 8806 8922
f 4110 4138 4158
f 4110 4158 4336
f 4110 4336 4286
f 244 230 260
f 244 260 284
f 13278 13290 13382
f 13278 13382 13358
f 7164 7156 7404
f 7164 7404 7444
f 7156 7154 7400
f 7156 7400 7404
f 880 940 1088
f 880 1088 1024
f 12904 12856 12982
f 12904 12982 13016
f 13290 13296 13394
f 13290 13394 13382
f 4924 5068 5464
f 4924 5464 5452
f 10468 10330 10558
f 10468 10558 10570
f 10468 10570 10674
f 10468 10674 10708
f 13672 13726 13758
f 13672 13758 13752
f 13672 13752 13716
f 4158 4164 4198
f 4158 4198 4356
f 4158 4356 4336
f 8434 8420 8630
f 8434 8630 8806
f 13296 13306 13408
f 13296 13408 13394
f 9578 9524 9668
f 9578 9668 9722
f 12856 12828 12956
f 12856 12956 12982
f 5068 5172 5478
f 5068 5478 5464
f 4198 4210 4366
f 4198 4366 4356
f 3292 3340 3412
f 3292 3412 3652
f 3292 3652 3488
f 682 652 642
f 682 642 754
f 682 754 786
f 9524 9520 9680
f 9524 9680 9668
f 940 1016 1148
f 940 1148 1088
f 12828 12804 12938
f 12828 12938 12956
f 12804 12794 12950
f 12804 12950 12938
f 8420 8416 8554
f 8420 8554 8630
f 10330 10202 10410
f 10330 10410 10414
f 10330 10414 10486
f 10330 10486 10558
f 4210 4218 4392
f 4210 4392 4366
f 12794 12780 12968
f 12794 12968 12950
f 5172 5302 5524
f 5172 5524 5478
f 13306 13314 13444
f 13306 13444 13408
f 1016 1044 1194
f 1016 1194 1148
f 8416 8408 8526
f 8416 8526 8554
f 12780 12766 13026
f 12780 13026 12968
f 12766 12758 13072
f 12766 13072 13026
f 4218 4208 4422
f 4218 4422 4392
f 5302 5410 5548
f 5302 5548 5524
f 12758 12752 13114
f 12758 13114 13072
f 6352 6522 6718
f 6352 6718 6698
f 6352 6698 6604
f 4208 4200 4446
f 4208 4446 4422
f 12752 12734 13212
f 12752 13212 13114
f 12734 12732 13244
f 12734 13244 13212
f 12732 12724 13258
f 12732 13258 13244
f 9520 9466 9768
f 9520 9768 9680
f 9466 9462 9772
f 9466 9772 9768
f 13314 13334 13466
f 13314 13466 13444
f 12844 12870 13334
f 12844 13334 13258
f 9462 9454 9590
f 9462 9590 9596
f 9462 9596 9624
f 3412 3462 3620
f 3412 3620 3802
f 3412 3802 3652
f 9624 9658 9786
f 9624 9786 9772
f 1044 1116 1282
f 1044 1282 1194
f 642 612 584
f 642 584 720
f 642 720 722
f 642 722 740
f 642 740 754
f 13726 13746 13774
f 13726 13774 13766
f 13726 13766 13758
f 4200 4162 4468
f 4200 4468 4446
f 3620 3660 3834
f 3620 3834 3802
f 10202 10010 10254
f 10202 10254 10410
f 9658 9694 9822
f 9658 9822 9786
f 12870 13074 13482
f 12870 13482 13466
f 1116 1150 1312
f 1116 1312 1282
f 1150 1152 1320
f 1150 1320 1312
f 4162 4140 4480
f 4162 4480 4468
f 8408 8368 8756
f 8408 8756 8526
f 13074 13146 13502
f 13074 13502 13482
f 3660 3694 3902
f 3660 3902 3834
f 13146 13166 13518
f 13146 13518 13502
f 1152 1154 1342
f 1152 1342 1320
f 230 222 212
f 230 212 228
f 230 228 260
f 6522 6588 6758
f 6522 6758 6734
f 6522 6734 6718
f 9694 9726 9866
f 9694 9866 9822
f 10010 9934 10152
f 10010 10152 10254
f 7154 7110 7086
f 7154 7086 7084
f 7154 7084 7244
f 7154 7244 7400
f 13166 13218 13546
f 13166 13546 13518
f 5410 5164 5596
f 5410 5596 5548
f 8368 8352 8820
f 8368 8820 8756
f 5164 5150 5602
f 5164 5602 5596
f 584 554 686
f 584 686 720
f 1154 1058 1356
f 1154 1356 1342
f 8352 8348 8518
f 8352 8518 8566
f 9934 9898 10118
f 9934 10118 10152
f 9726 9746 9898
f 9726 9898 9866
f 4140 4088 4298
f 4140 4298 4350
f 3694 3732 3994
f 3694 3994 3902
f 5150 5134 5378
f 5150 5378 5408
f 1058 992 1374
f 1058 1374 1356
f 13218 13336 13626
f 13218 13626 13546
f 8566 8640 8874
f 8566 8874 8820
f 992 890 1388
f 992 1388 1374
f 554 540 676
f 554 676 686
f 4350 4398 4518
f 4350 4518 4480
f 9746 9774 10090
f 9746 10090 10118
f 4088 4048 4270
f 4088 4270 4298
f 5134 5090 5280
f 5134 5280 5378
f 890 752 1408
f 890 1408 1388
f 8640 8700 8902
f 8640 8902 8874
f 4048 4036 4256
f 4048 4256 4270
f 3732 3774 4036
f 3732 4036 3994
f 8348 8320 8452
f 8348 8452 8518
f 752 712 1226
f 752 1226 1256
f 540 532 712
f 540 712 676
f 532 528 1206
f 532 1206 1226
f 3774 3788 4246
f 3774 4246 4256
f 5408 5460 5626
f 5408 5626 5602
f 13336 13460 13686
f 13336 13686 13684
f 13336 13684 13668
f 13336 13668 13626
f 528 520 1132
f 528 1132 1206
f 520 518 1130
f 520 1130 1132
f 9774 9798 10062
f 9774 10062 10090
f 5090 5042 5240
f 5090 5240 5280
f 3788 3820 4214
f 3788 4214 4246
f 8700 8776 8960
f 8700 8960 8902
f 13746 13764 13782
f 13746 13782 13778
f 13746 13778 13774
f 9798 9804 10046
f 9798 10046 10062
f 6588 6640 6788
f 6588 6788 6774
f 6588 6774 6758
f 1256 1324 1450
f 1256 1450 1408
f 1324 1326 1454
f 1324 1454 1450
f 13460 13566 13706
f 13460 13706 13686
f 3820 3844 4184
f 3820 4184 4214
f 9804 9810 10088
f 9804 10088 10046
f 8776 8798 9000
f 8776 9000 8960
f 9810 9816 10136
f 9810 10136 10088
f 4398 4464 4572
f 4398 4572 4518
f 9816 9812 10214
f 9816 10214 10136
f 5460 5530 5648
f 5460 5648 5626
f 12724 12552 12648
f 12724 12648 12716
f 12724 12716 12760
f 12724 12760 12786
f 12724 12786 12844
f 13566 13594 13704
f 13566 13704 13712
f 13566 13712 13706
f 8320 8286 8404
f 8320 8404 8452
f 9454 9320 9444
f 9454 9444 9508
f 9454 9508 9568
f 9454 9568 9590
f 518 476 906
f 518 906 1130
f 476 474 902
f 476 902 906
f 8798 8852 9048
f 8798 9048 9000
f 7084 7066 7058
f 7084 7058 7190
f 7084 7190 7244
f 9812 9808 10384
f 9812 10384 10214
f 3844 3882 4144
f 3844 4144 4184
f 1326 1376 1496
f 1326 1496 1454
f 3882 3886 4142
f 3882 4142 4144
f 5042 4906 5122
f 5042 5122 5240
f 9808 9780 10488
f 9808 10488 10384
f 13594 13622 13694
f 13594 13694 13702
f 13594 13702 13704
f 8852 8890 9112
f 8852 9112 9048
f 474 458 768
f 474 768 902
f 458 456 766
f 458 766 768
f 9780 9724 10758
f 9780 10758 10682
f 9780 10682 10488
f 212 208 200
f 212 200 218
f 212 218 228
f 4464 4504 4612
f 4464 4612 4572
f 3886 3912 4122
f 3886 4122 4142
f 9724 9662 10836
f 9724 10836 10804
f 9724 10804 10758
f 13622 13630 13680
f 13622 13680 13692
f 13622 13692 13694
f 9662 9562 10868
f 9662 10868 10836
f 3912 3872 4106
f 3912 4106 4122
f 13630 13624 13674
f 13630 13674 13680
f 9320 9282 9408
f 9320 9408 9444
f 1376 1446 1564
f 1376 1564 1496
f 9562 9404 10906
f 9562 10906 10868
f 9282 9268 9404
f 9282 9404 9408
f 3872 3832 4132
f 3872 4132 4106
f 456 374 632
f 456 632 766
f 4906 4842 5048
f 4906 5048 5122
f 374 368 620
f 374 620 632
f 3832 3810 4168
f 3832 4168 4132
f 3810 3768 4182
f 3810 4182 4168
f 368 352 574
f 368 574 620
f 8890 8956 9224
f 8890 9224 9112
f 3768 3702 4304
f 3768 4304 4182
f 9268 9236 10904
f 9268 10904 10908
f 9268 10908 10916
f 9268 10916 10906
f 8286 8196 8350
f 8286 8350 8404
f 4504 4528 4660
f 4504 4660 4612
f 3702 3568 4348
f 3702 4348 4304
f 9236 9234 10194
f 9236 10194 10212
f 8956 8958 9234
f 8956 9234 9224
f 8958 8968 9976
f 8958 9976 10194
f 4842 4790 5016
f 4842 5016 5048
f 10212 10536 10902
f 10212 10902 10904
f 12552 12414 12562
f 12552 12562 12594
f 12552 12594 12636
f 12552 12636 12648
f 10536 10652 10898
f 10536 10898 10902
f 8968 8988 9730
f 8968 9730 9976
f 8988 8996 9708
f 8988 9708 9730
f 10652 10710 10890
f 10652 10890 10898
f 3568 3284 3212
f 3568 3212 3204
f 3568 3204 4692
f 3568 4692 4660
f 4790 4732 4972
f 4790 4972 5016
f 4732 4726 4968
f 4732 4968 4972
f 3204 3188 4726
f 3204 4726 4692
f 352 328 294
f 352 294 286
f 352 286 426
f 352 426 574
f 8996 9004 9584
f 8996 9584 9708
f 7058 7034 7160
f 7058 7160 7190
f 5530 5570 5634
f 5530 5634 5774
f 5530 5774 5648
f 9004 8938 9390
f 9004 9390 9584
f 8938 8926 9386
f 8938 9386 9390
f 3188 3158 3192
f 3188 3192 4916
f 3188 4916 4968
f 286 276 270
f 286 270 280
f 286 280 322
f 286 322 426
f 3192 3194 3688
f 3192 3688 3890
f 3890 4062 4908
f 3890 4908 4916
f 3194 3200 3496
f 3194 3496 3688
f 1446 1558 1570
f 1446 1570 1688
f 1446 1688 1564
f 4062 4340 4918
f 4062 4918 4908
f 8926 8862 9292
f 8926 9292 9386
f 12414 12288 12442
f 12414 12442 12556
f 12414 12556 12562
f 10710 10638 10848
f 10710 10848 10884
f 10710 10884 10890
f 4340 4456 4926
f 4340 4926 4918
f 4456 4498 4932
f 4456 4932 4926
f 8862 8832 9256
f 8862 9256 9292
f 6640 6700 6820
f 6640 6820 6788
f 3200 3206 3322
f 3200 3322 3496
f 12288 12278 12430
f 12288 12430 12442
f 4498 4600 4956
f 4498 4956 4932
f 4600 4602 4958
f 4600 4958 4956
f 3206 3210 3220
f 3206 3220 3330
f 3206 3330 3322
f 13624 13536 13432
f 13624 13432 13414
f 13624 13414 13576
f 13624 13576 13652
f 13624 13652 13674
f 12278 12222 12380
f 12278 12380 12430
f 8832 8760 8680
f 8832 8680 9096
f 8832 9096 9256
f 3220 3252 3362
f 3220 3362 3330
f 5634 5716 5846
f 5634 5846 5774
f 280 298 312
f 280 312 400
f 280 400 322
f 8196 8040 8198
f 8196 8198 8270
f 8196 8270 8350
f 10638 10554 10782
f 10638 10782 10812
f 10638 10812 10848
f 200 196 194
f 200 194 210
f 200 210 218
f 4602 4812 5184
f 4602 5184 5168
f 4602 5168 5076
f 4602 5076 4958
f 1570 1608 1626
f 1570 1626 1652
f 1570 1652 1804
f 1570 1804 1688
f 12222 12178 12342
f 12222 12342 12380
f 312 318 334
f 312 334 466
f 312 466 400
f 4812 4974 5336
f 4812 5336 5320
f 4812 5320 5184
f 3252 3264 3306
f 3252 3306 3456
f 3252 3456 3362
f 8680 8528 8454
f 8680 8454 8442
f 8680 8442 8744
f 8680 8744 9096
f 10554 10426 10700
f 10554 10700 10760
f 10554 10760 10782
f 6700 6710 6836
f 6700 6836 6834
f 6700 6834 6820
f 12178 12092 12286
f 12178 12286 12342
f 3306 3320 3494
f 3306 3494 3456
f 5716 5738 5824
f 5716 5824 5938
f 5716 5938 5846
f 12092 12068 12300
f 12092 12300 12286
f 12068 12066 12306
f 12068 12306 12300
f 4974 5158 5462
f 4974 5462 5336
f 3320 3356 3536
f 3320 3536 3494
f 13414 13292 13240
f 13414 13240 13584
f 13414 13584 13576
f 7034 7012 7010
f 7034 7010 7120
f 7034 7120 7160
f 334 346 390
f 334 390 570
f 334 570 466
f 12066 12046 12368
f 12066 12368 12306
f 13240 13216 13388
f 13240 13388 13462
f 1652 1694 1736
f 1652 1736 1782
f 1652 1782 1788
f 1652 1788 1956
f 1652 1956 1804
f 10426 10338 10552
f 10426 10552 10596
f 10426 10596 10694
f 10426 10694 10700
f 13462 13476 13586
f 13462 13586 13584
f 8442 8414 8374
f 8442 8374 8574
f 8442 8574 8744
f 8040 7850 8050
f 8040 8050 8140
f 8040 8140 8198
f 10338 10316 10526
f 10338 10526 10552
f 390 440 624
f 390 624 570
f 13216 13184 13342
f 13216 13342 13388
f 12046 11982 12474
f 12046 12474 12368
f 13764 13784 13800
f 13764 13800 13798
f 13764 13798 13782
f 11982 11960 12582
f 11982 12582 12574
f 11982 12574 12474
f 3356 3426 3674
f 3356 3674 3536
f 13476 13486 13590
f 13476 13590 13586
f 11960 11940 12176
f 11960 12176 12208
f 13184 13160 13302
f 13184 13302 13342
f 11940 11938 12172
f 11940 12172 12176
f 10316 10240 10480
f 10316 10480 10526
f 12208 12328 12652
f 12208 12652 12646
f 12208 12646 12582
f 7010 7008 7018
f 7010 7018 7126
f 7010 7126 7120
f 11938 11898 12106
f 11938 12106 12172
f 6710 6708 6842
f 6710 6842 6836
f 1788 1920 2098
f 1788 2098 1956
f 12328 12432 12712
f 12328 12712 12652
f 3426 3484 3738
f 3426 3738 3674
f 5824 5864 5962
f 5824 5962 6118
f 5824 6118 5938
f 8374 8282 8256
f 8374 8256 8410
f 8374 8410 8574
f 10240 10162 10518
f 10240 10518 10480
f 11898 11820 12044
f 11898 12044 12106
f 12432 12542 12800
f 12432 12800 12712
f 10162 10108 10600
f 10162 10600 10518
f 7850 7678 7868
f 7850 7868 8050
f 440 432 806
f 440 806 624
f 13160 13086 13210
f 13160 13210 13302
f 7018 7026 7138
f 7018 7138 7126
f 5158 5578 5736
f 5158 5736 5628
f 5158 5628 5462
f 432 430 562
f 432 562 578
f 10108 10072 10756
f 10108 10756 10600
f 5962 6030 6224
f 5962 6224 6184
f 5962 6184 6118
f 3484 3530 3842
f 3484 3842 3738
f 10072 10056 10828
f 10072 10828 10756
f 578 648 836
f 578 836 806
f 430 428 550
f 430 550 562
f 7026 7030 7142
f 7026 7142 7138
f 11820 11668 11942
f 11820 11942 12044
f 13486 13508 13596
f 13486 13596 13590
f 13086 13048 13174
f 13086 13174 13210
f 648 672 856
f 648 856 836
f 10056 10000 11106
f 10056 11106 11094
f 10056 11094 10948
f 10056 10948 10828
f 3530 3566 3894
f 3530 3894 3842
f 1920 1742 1606
f 1920 1606 2266
f 1920 2266 2098
f 1960 1962 2270
f 1960 2270 2266
f 10000 9986 10272
f 10000 10272 10304
f 1606 1580 1908
f 1606 1908 1960
f 12542 12722 12998
f 12542 12998 12812
f 12542 12812 12800
f 13048 13008 13154
f 13048 13154 13174
f 12722 12746 13008
f 12722 13008 12998
f 10304 10332 11322
f 10304 11322 11106
f 12746 12754 13150
f 12746 13150 13154
f 11668 11568 11874
f 11668 11874 11942
f 3566 3470 3960
f 3566 3960 3894
f 3470 3452 3974
f 3470 3974 3960
f 9986 9938 10220
f 9986 10220 10272
f 1962 2088 2326
f 1962 2326 2270
f 11568 11466 11858
f 11568 11858 11874
f 10332 10336 11466
f 10332 11466 11322
f 672 748 918
f 672 918 856
f 10336 10342 11856
f 10336 11856 11858
f 1580 1578 1510
f 1580 1510 1796
f 1580 1796 1908
f 3452 3352 3998
f 3452 3998 3974
f 10342 10348 11816
f 10342 11816 11856
f 10348 10350 10640
f 10348 10640 10764
f 3352 3260 3126
f 3352 3126 4010
f 3352 4010 3998
f 428 422 508
f 428 508 550
f 13508 13524 13606
f 13508 13606 13600
f 13508 13600 13596
f 12754 12838 13136
f 12754 13136 13150
f 5578 5708 5868
f 5578 5868 5764
f 5578 5764 5736
f 10764 10940 11800
f 10764 11800 11816
f 10350 10356 10574
f 10350 10574 10640
f 9938 9858 10126
f 9938 10126 10220
f 2088 2180 2388
f 2088 2388 2326
f 10940 11034 11778
f 10940 11778 11800
f 12838 12858 13132
f 12838 13132 13136
f 11034 11064 11760
f 11034 11760 11778
f 10356 10360 10564
f 10356 10564 10574
f 12858 12880 13134
f 12858 13134 13132
f 748 830 1002
f 748 1002 918
f 12880 12908 13138
f 12880 13138 13134
f 12908 12940 13162
f 12908 13162 13138
f 2180 2242 2468
f 2180 2468 2388
f 8256 8142 7962
f 8256 7962 8172
f 8256 8172 8410
f 3730 3840 4086
f 3730 4086 4010
f 422 420 498
f 422 498 508
f 7030 7038 7174
f 7030 7174 7142
f 9858 9756 10038
f 9858 10038 10126
f 12940 12964 13168
f 12940 13168 13162
f 11064 11264 11686
f 11064 11686 11760
f 10360 10378 10542
f 10360 10542 10564
f 13524 13534 13610
f 13524 13610 13606
f 10378 10382 10550
f 10378 10550 10542
f 1510 1466 1362
f 1510 1362 1270
f 1510 1270 1532
f 1510 1532 1796
f 7678 7286 7592
f 7678 7592 7766
f 7678 7766 7868
f 7286 7282 7586
f 7286 7586 7592
f 3126 3026 2900
f 3126 2900 2808
f 3126 2808 2722
f 3126 2722 3712
f 3126 3712 3730
f 11264 11304 11414
f 11264 11414 11788
f 11264 11788 11686
f 7282 7220 7570
f 7282 7570 7586
f 7038 7042 7220
f 7038 7220 7174
f 7962 7876 8108
f 7962 8108 8172
f 9756 9686 9958
f 9756 9958 10038
f 5708 5840 5984
f 5708 5984 5884
f 5708 5884 5868
f 2722 2630 3122
f 2722 3122 3564
f 7042 7044 7548
f 7042 7548 7570
f 420 416 486
f 420 486 498
f 2630 2590 3032
f 2630 3032 3122
f 2242 2384 2590
f 2242 2590 2468
f 1270 1108 1414
f 1270 1414 1532
f 830 934 1108
f 830 1108 1002
f 3840 3958 4004
f 3840 4004 4260
f 3840 4260 4086
f 2384 2398 2998
f 2384 2998 3032
f 416 414 484
f 416 484 486
f 6708 6678 6860
f 6708 6860 6842
f 6030 6354 6678
f 6030 6678 6460
f 6030 6460 6292
f 6030 6292 6224
f 934 956 1368
f 934 1368 1414
f 13784 13786 13812
f 13784 13812 13804
f 13784 13804 13800
f 12964 13142 13380
f 12964 13380 13250
f 12964 13250 13204
f 12964 13204 13168
f 11414 11646 11946
f 11414 11946 11920
f 11414 11920 11850
f 11414 11850 11788
f 2398 2430 2876
f 2398 2876 2998
f 7044 6998 7516
f 7044 7516 7548
f 2430 2412 2832
f 2430 2832 2876
f 6998 6958 7498
f 6998 7498 7516
f 10382 10402 10580
f 10382 10580 10576
f 10382 10576 10562
f 10382 10562 10550
f 9686 9516 9806
f 9686 9806 9958
f 6958 6862 7470
f 6958 7470 7498
f 6354 6394 6862
f 6354 6862 6860
f 6394 6398 7458
f 6394 7458 7470
f 956 1004 1296
f 956 1296 1368
f 6398 6406 7452
f 6398 7452 7458
f 11646 11770 12026
f 11646 12026 12018
f 11646 12018 11946
f 9516 9474 10084
f 9516 10084 9806
f 10402 10406 10590
f 10402 10590 10580
f 10406 10404 10594
f 10406 10594 10590
f 9474 9448 10226
f 9474 10226 10084
f 13142 13264 13520
f 13142 13520 13386
f 13142 13386 13380
f 3564 3524 3690
f 3564 3690 3712
f 9448 9434 10310
f 9448 10310 10226
f 10404 10398 10606
f 10404 10606 10594
f 9434 9432 10398
f 9434 10398 10310
f 4004 4150 4428
f 4004 4428 4260
f 1004 928 1190
f 1004 1190 1296
f 13534 13572 13636
f 13534 13636 13610
f 13264 13300 13572
f 13264 13572 13520
f 11770 11894 12096
f 11770 12096 12026
f 2412 2280 2576
f 2412 2576 2832
f 9432 9398 10622
f 9432 10622 10606
f 4150 4078 4462
f 4150 4462 4428
f 414 410 478
f 414 478 484
f 7876 7588 7864
f 7876 7864 8108
f 6406 6480 7412
f 6406 7412 7452
f 928 882 1118
f 928 1118 1190
f 13300 13366 13642
f 13300 13642 13636
f 9398 9338 10660
f 9398 10660 10622
f 9338 9334 9650
f 9338 9650 9762
f 4078 3972 4538
f 4078 4538 4462
f 6480 6454 7390
f 6480 7390 7412
f 3972 3956 4546
f 3972 4546 4538
f 6454 6444 6908
f 6454 6908 6962
f 9762 9896 10678
f 9762 10678 10660
f 6962 7050 7386
f 6962 7386 7390
f 9896 9912 10686
f 9896 10686 10678
f 7588 7488 7816
f 7588 7816 7864
f 7050 7112 7488
f 7050 7488 7386
f 7112 7118 7814
f 7112 7814 7816
f 5840 6050 6260
f 5840 6260 6134
f 5840 6134 5984
f 2280 2204 2442
f 2280 2442 2576
f 9334 9294 9638
f 9334 9638 9650
f 6050 6062 6276
f 6050 6276 6260
f 6444 6424 6826
f 6444 6826 6908
f 7118 7184 7788
f 7118 7788 7814
f 3524 3478 3676
f 3524 3676 3690
f 9912 10054 10736
f 9912 10736 10686
f 6424 6422 6816
f 6424 6816 6826
f 9294 9252 9630
f 9294 9630 9638
f 3956 3784 4624
f 3956 4624 4546
f 410 402 482
f 410 482 478
f 882 756 1000
f 882 1000 1118
f 7184 7242 7760
f 7184 7760 7788
f 3478 3466 3706
f 3478 3706 3676
f 3784 3736 4638
f 3784 4638 4624
f 3736 3726 4640
f 3736 4640 4638
f 3466 3464 3726
f 3466 3726 3706
f 11894 12058 12228
f 11894 12228 12096
f 13366 13484 13650
f 13366 13650 13642
f 3464 3458 4670
f 3464 4670 4640
f 9252 9188 9618
f 9252 9618 9630
f 6422 6324 6736
f 6422 6736 6816
f 6062 6090 6324
f 6062 6324 6276
f 3458 3446 4194
f 3458 4194 4294
f 756 690 938
f 756 938 1000
f 3446 3440 4134
f 3446 4134 4194
f 402 398 502
f 402 502 482
f 690 630 900
f 690 900 938
f 398 396 630
f 398 630 502
f 9188 9064 9614
f 9188 9614 9618
f 3440 3418 4042
f 3440 4042 4134
f 6090 6112 6668
f 6090 6668 6736
f 2204 2084 2300
f 2204 2300 2442
f 12058 12122 12282
f 12058 12282 12232
f 12058 12232 12228
f 9418 9436 9610
f 9418 9610 9614
f 6112 6132 6652
f 6112 6652 6668
f 10054 10422 10878
f 10054 10878 10736
f 10422 10438 10888
f 10422 10888 10878
f 9064 8910 9358
f 9064 9358 9418
f 13484 13580 13698
f 13484 13698 13650
f 7242 7320 7674
f 7242 7674 7760
f 9436 9450 9606
f 9436 9606 9610
f 12122 12164 12322
f 12122 12322 12282
f 396 394 818
f 396 818 900
f 4442 4440 4870
f 4442 4870 4670
f 7320 7350 7652
f 7320 7652 7674
f 9450 9456 9604
f 9450 9604 9606
f 3418 3350 3858
f 3418 3858 4042
f 8910 8710 9306
f 8910 9306 9358
f 6132 6142 6594
f 6132 6594 6652
f 6142 6144 6586
f 6142 6586 6594
f 10438 10656 11024
f 10438 11024 11006
f 10438 11006 10888
f 8710 8508 9240
f 8710 9240 9290
f 8710 9290 9306
f 194 186 180
f 194 180 178
f 194 178 202
f 194 202 210
f 4440 4438 5062
f 4440 5062 4870
f 4438 4436 5088
f 4438 5088 5062
f 13580 13632 13732
f 13580 13732 13724
f 13580 13724 13698
f 7350 7378 7874
f 7350 7874 7652
f 3350 3288 3714
f 3350 3714 3858
f 7378 7382 7906
f 7378 7906 7874
f 4570 4626 5250
f 4570 5250 5088
f 7382 7388 8058
f 7382 8058 7906
f 4436 4434 4560
f 4436 4560 4570
f 8508 8202 9174
f 8508 9174 9240
f 7388 7392 8202
f 7388 8202 8058
f 4626 4636 5300
f 4626 5300 5250
f 6144 5988 6546
f 6144 6546 6586
f 5988 5978 6532
f 5988 6532 6546
f 3288 3248 3642
f 3288 3642 3714
f 4636 4668 5550
f 4636 5550 5300
f 394 388 654
f 394 654 818
f 13632 13670 13756
f 13632 13756 13744
f 13632 13744 13732
f 5978 5854 6526
f 5978 6526 6532
f 10656 10810 11090
f 10656 11090 11074
f 10656 11074 11024
f 5854 5694 6520
f 5854 6520 6526
f 4668 4696 5694
f 4668 5694 5550
f 3248 3196 3538
f 3248 3538 3642
f 7392 7426 8880
f 7392 8880 8976
f 7392 8976 9170
f 7392 9170 9174
f 4434 4432 4550
f 4434 4550 4560
f 388 386 580
f 388 580 654
f 9456 9484 9598
f 9456 9598 9604
f 2084 2080 1884
f 2084 1884 2028
f 2084 2028 2300
f 3196 3092 3368
f 3196 3368 3538
f 7426 7446 8048
f 7426 8048 8382
f 7426 8382 8880
f 4696 4710 4990
f 4696 4990 5274
f 4696 5274 5600
f 4696 5600 6446
f 4696 6446 6520
f 386 348 488
f 386 488 580
f 13670 13710 13768
f 13670 13768 13770
f 13670 13770 13772
f 13670 13772 13762
f 13670 13762 13756
f 5600 5754 6440
f 5600 6440 6446
f 7446 7464 7784
f 7446 7784 8048
f 5754 6092 6436
f 5754 6436 6440
f 12164 12244 12284
f 12164 12284 12348
f 12164 12348 12440
f 12164 12440 12526
f 12164 12526 12528
f 12164 12528 12436
f 12164 12436 12358
f 12164 12358 12322
f 10810 11026 11190
f 10810 11190 11168
f 10810 11168 11090
f 6092 6208 6430
f 6092 6430 6436
f 9484 9490 9594
f 9484 9594 9598
f 6208 6214 6428
f 6208 6428 6430
f 11026 11040 11194
f 11026 11194 11198
f 11026 11198 11190
f 9490 9492 9592
f 9490 9592 9594
f 13710 13660 13738
f 13710 13738 13760
f 13710 13760 13768
f 3092 3054 3006
f 3092 3006 2954
f 3092 2954 2940
f 3092 2940 3156
f 3092 3156 3368
f 7464 7508 7646
f 7464 7646 7784
f 11040 11004 11178
f 11040 11178 11194
f 7508 7506 7630
f 7508 7630 7646
f 6214 6238 6434
f 6214 6434 6428
f 348 296 262
f 348 262 358
f 348 358 488
f 6238 6198 6438
f 6238 6438 6434
f 9492 9494 9608
f 9492 9608 9592
f 4432 4430 4526
f 4432 4526 4550
f 262 248 336
f 262 336 358
f 7506 7486 7644
f 7506 7644 7630
f 11004 10850 11092
f 11004 11092 11176
f 11004 11176 11178
f 1884 1832 1748
f 1884 1748 1708
f 1884 1708 1684
f 1884 1684 1768
f 1884 1768 2028
f 7486 7472 7714
f 7486 7714 7644
f 12440 12238 12410
f 12440 12410 12470
f 12440 12470 12516
f 12440 12516 12526
f 6198 6138 6462
f 6198 6462 6438
f 7472 7462 7734
f 7472 7734 7714
f 13660 13568 13682
f 13660 13682 13722
f 13660 13722 13738
f 248 246 236
f 248 236 326
f 248 326 336
f 2940 2920 2932
f 2940 2932 2936
f 2940 2936 3068
f 2940 3068 3156
f 6138 5960 6468
f 6138 6468 6462
f 13786 13792 13810
f 13786 13810 13814
f 13786 13814 13812
f 7462 7440 8346
f 7462 8346 7734
f 10850 10722 11030
f 10850 11030 11092
f 13568 13478 13656
f 13568 13656 13682
f 1684 1666 1696
f 1684 1696 1698
f 1684 1698 1838
f 1684 1838 1768
f 13478 13474 13648
f 13478 13648 13656
f 4430 4426 4534
f 4430 4534 4526
f 5960 5742 5278
f 5960 5278 5100
f 5960 5100 6490
f 5960 6490 6468
f 236 234 232
f 236 232 240
f 236 240 320
f 236 320 326
f 7440 7414 9172
f 7440 9172 8916
f 7440 8916 8604
f 7440 8604 8346
f 7414 7410 8274
f 7414 8274 8324
f 7410 7408 8250
f 7410 8250 8274
f 7408 7402 8186
f 7408 8186 8250
f 8324 8422 9228
f 8324 9228 9172
f 10722 10540 10922
f 10722 10922 10960
f 10722 10960 11030
f 1698 1720 1892
f 1698 1892 1838
f 8422 8496 9264
f 8422 9264 9228
f 2936 3008 3048
f 2936 3048 3296
f 2936 3296 3068
f 240 250 340
f 240 340 320
f 8496 8560 9298
f 8496 9298 9278
f 8496 9278 9264
f 13474 13402 13646
f 13474 13646 13648
f 7402 7372 7970
f 7402 7970 8186
f 9494 9488 9616
f 9494 9616 9608
f 5100 5056 4860
f 5100 4860 4854
f 5100 4854 6542
f 5100 6542 6490
f 5860 5914 6544
f 5860 6544 6542
f 8560 8740 9346
f 8560 9346 9298
f 4854 4844 5720
f 4854 5720 5860
f 5914 6108 6548
f 5914 6548 6544
f 1720 1734 1756
f 1720 1756 1938
f 1720 1938 1892
f 8740 8796 9376
f 8740 9376 9346
f 3048 3100 3424
f 3048 3424 3296
f 12238 12022 12226
f 12238 12226 12262
f 12238 12262 12362
f 12238 12362 12410
f 4844 4784 5588
f 4844 5588 5720
f 6108 6196 6560
f 6108 6560 6548
f 7372 7326 7704
f 7372 7704 7970
f 4426 4420 4548
f 4426 4548 4534
f 8796 8898 9406
f 8796 9406 9376
f 250 252 266
f 250 266 274
f 250 274 384
f 250 384 340
f 10540 10292 10792
f 10540 10792 10922
f 9488 9482 9620
f 9488 9620 9616
f 8898 8942 9422
f 8898 9422 9406
f 6196 6256 6582
f 6196 6582 6560
f 9482 9478 9626
f 9482 9626 9620
f 8942 9024 9478
f 8942 9478 9422
f 13402 13282 13644
f 13402 13644 13646
f 3100 3120 3172
f 3100 3172 3622
f 3100 3622 3424
f 9024 9088 9628
f 9024 9628 9626
f 6256 6216 6596
f 6256 6596 6582
f 10292 10174 10752
f 10292 10752 10792
f 13282 13274 13492
f 13282 13492 13528
f 4784 4664 5166
f 4784 5166 5588
f 4664 4662 5156
f 4664 5156 5166
f 13528 13554 13640
f 13528 13640 13644
f 1756 1874 1876
f 1756 1876 2054
f 1756 2054 1938
f 13274 13232 13456
f 13274 13456 13492
f 13232 13228 13454
f 13232 13454 13456
f 10174 9994 10680
f 10174 10680 10752
f 4662 4598 5044
f 4662 5044 5156
f 7326 7264 7782
f 7326 7782 7704
f 12022 11890 12118
f 12022 12118 12188
f 12022 12188 12226
f 9994 9932 10666
f 9994 10666 10680
f 4598 4568 4992
f 4598 4992 5044
f 4420 4412 4568
f 4420 4568 4548
f 3172 3228 3312
f 3172 3312 3780
f 3172 3780 3622
f 7264 7258 7790
f 7264 7790 7782
f 6216 6170 6694
f 6216 6694 6596
f 4412 4410 4976
f 4412 4976 4992
f 9932 9902 10662
f 9932 10662 10666
f 7258 7250 7596
f 7258 7596 7628
f 9902 9852 10440
f 9902 10440 10464
f 9852 9850 10436
f 9852 10436 10440
f 7628 7670 7810
f 7628 7810 7790
f 7250 7222 7554
f 7250 7554 7596
f 6420 6472 6722
f 6420 6722 6694
f 13554 13564 13638
f 13554 13638 13640
f 9850 9688 10372
f 9850 10372 10436
f 7670 7682 7826
f 7670 7826 7810
f 9688 9632 10346
f 9688 10346 10372
f 9088 9308 9632
f 9088 9632 9628
f 274 300 378
f 274 378 568
f 274 568 384
f 3312 3390 3910
f 3312 3910 3780
f 6170 6140 6376
f 6170 6376 6420
f 178 176 182
f 178 182 198
f 178 198 202
f 13228 13152 13348
f 13228 13348 13454
f 9308 9332 10302
f 9308 10302 10346
f 4410 4406 4818
f 4410 4818 4976
f 4406 4404 4816
f 4406 4816 4818
f 7222 7172 7526
f 7222 7526 7554
f 6472 6496 6760
f 6472 6760 6722
f 6496 6498 6768
f 6496 6768 6760
f 10464 10462 10632
f 10464 10632 10662
f 378 380 628
f 378 628 568
f 6140 6098 6346
f 6140 6346 6376
f 3390 3472 4032
f 3390 4032 3910
f 11890 11724 12004
f 11890 12004 12052
f 11890 12052 12118
f 7172 7096 7484
f 7172 7484 7526
f 13564 13574 13634
f 13564 13634 13638
f 6498 6524 6838
f 6498 6838 6768
f 9332 9396 10146
f 9332 10146 10302
f 13152 13102 13298
f 13152 13298 13348
f 7096 7088 7476
f 7096 7476 7484
f 6524 6518 6840
f 6524 6840 6838
f 3472 3504 4098
f 3472 4098 4032
f 13102 13094 13284
f 13102 13284 13298
f 7088 6924 7448
f 7088 7448 7476
f 6518 6506 6924
f 6518 6924 6840
f 3504 3508 4160
f 3504 4160 4098
f 4404 4374 4680
f 4404 4680 4816
f 9396 9452 10034
f 9396 10034 10146
f 10462 10458 10618
f 10462 10618 10632
f 4374 4332 4646
f 4374 4646 4680
f 3508 3516 4332
f 3508 4332 4160
f 6506 6478 7424
f 6506 7424 7448
f 3516 3526 4622
f 3516 4622 4646
f 380 392 760
f 380 760 628
f 6098 6026 6272
f 6098 6272 6346
f 3526 3542 4596
f 3526 4596 4622
f 11724 11538 11862
f 11724 11862 11948
f 11724 11948 11998
f 11724 11998 12004
f 9452 9534 9846
f 9452 9846 10034
f 7682 7686 7764
f 7682 7764 7978
f 7682 7978 7826
f 1876 1952 2036
f 1876 2036 2100
f 1876 2100 2306
f 1876 2306 2188
f 1876 2188 2106
f 1876 2106 2054
f 10458 10448 10588
f 10458 10588 10618
f 11538 11488 11826
f 11538 11826 11862
f 3542 3544 4566
f 3542 4566 4596
f 3544 3546 3770
f 3544 3770 3852
f 9534 9576 9892
f 9534 9892 9846
f 3852 3918 4552
f 3852 4552 4566
f 6478 6416 7480
f 6478 7480 7424
f 11488 11438 11796
f 11488 11796 11826
f 13094 12920 13148
f 13094 13148 13284
f 392 404 868
f 392 868 760
f 6026 5966 6182
f 6026 6182 6272
f 404 406 872
f 404 872 868
f 2100 2178 2380
f 2100 2380 2306
f 3918 3986 4522
f 3918 4522 4552
f 10448 10442 10586
f 10448 10586 10588
f 524 586 894
f 524 894 872
f 11438 11384 11774
f 11438 11774 11796
f 406 408 506
f 406 506 524
f 12920 12884 13126
f 12920 13126 13148
f 586 638 916
f 586 916 894
f 638 680 936
f 638 936 916
f 11384 11312 11758
f 11384 11758 11774
f 13574 13560 13620
f 13574 13620 13634
f 6416 6386 7542
f 6416 7542 7480
f 2178 2228 2238
f 2178 2238 2496
f 2178 2496 2380
f 6386 6380 7546
f 6386 7546 7542
f 3986 4180 4466
f 3986 4466 4522
f 3546 3562 3724
f 3546 3724 3770
f 680 734 980
f 680 980 936
f 12884 12830 13156
f 12884 13156 13126
f 11312 11226 11790
f 11312 11790 11758
f 11226 11224 11792
f 11226 11792 11790
f 6380 6370 6920
f 6380 6920 6948
f 7764 7792 7886
f 7764 7886 8090
f 7764 8090 7978
f 4180 4156 4448
f 4180 4448 4466
f 3562 3560 3710
f 3562 3710 3724
f 408 412 500
f 408 500 506
f 734 792 1034
f 734 1034 1006
f 734 1006 980
f 11224 11060 11832
f 11224 11832 11792
f 9576 9766 10082
f 9576 10082 9892
f 11060 10952 11846
f 11060 11846 11832
f 12830 12748 13196
f 12830 13196 13156
f 6370 6344 6898
f 6370 6898 6920
f 6948 6994 7624
f 6948 7624 7546
f 12748 12740 13010
f 12748 13010 13024
f 12740 12726 13000
f 12740 13000 13010
f 792 850 1098
f 792 1098 1048
f 792 1048 1034
f 6622 6686 6888
f 6622 6888 6898
f 6686 6692 6886
f 6686 6886 6888
f 13560 13548 13614
f 13560 13614 13616
f 13560 13616 13620
f 3560 3558 3708
f 3560 3708 3710
f 12726 12698 12958
f 12726 12958 13000
f 10952 10670 11892
f 10952 11892 11846
f 13024 13080 13224
f 13024 13224 13196
f 6344 6320 6574
f 6344 6574 6622
f 6994 7024 7238
f 6994 7238 7272
f 6692 6714 6884
f 6692 6884 6886
f 2238 2314 2374
f 2238 2374 2402
f 2238 2402 2748
f 2238 2748 2496
f 7024 7028 7236
f 7024 7236 7238
f 10670 10584 11472
f 10670 11472 11504
f 10442 10396 10584
f 10442 10584 10586
f 5966 5836 6002
f 5966 6002 6182
f 9766 9868 10206
f 9766 10206 10082
f 10396 10392 11430
f 10396 11430 11472
f 6714 6732 6882
f 6714 6882 6884
f 850 892 1184
f 850 1184 1098
f 13080 13106 13252
f 13080 13252 13224
f 892 896 1196
f 892 1196 1184
f 2402 2472 2852
f 2402 2852 2748
f 7886 7924 8032
f 7886 8032 8214
f 7886 8214 8090
f 6320 6288 6502
f 6320 6502 6574
f 11504 11664 11944
f 11504 11944 11892
f 2472 2490 2882
f 2472 2882 2852
f 3558 3556 3716
f 3558 3716 3708
f 4156 4018 4278
f 4156 4278 4448
f 9868 9954 10288
f 9868 10288 10206
f 12698 12604 12852
f 12698 12852 12958
f 9954 9962 10296
f 9954 10296 10288
f 10392 10380 11192
f 10392 11192 11318
f 10392 11318 11428
f 7272 7442 7722
f 7272 7722 7624
f 2490 2438 3012
f 2490 3012 2882
f 7028 7040 7216
f 7028 7216 7236
f 6288 6264 6432
f 6288 6432 6502
f 7442 7502 7748
f 7442 7748 7722
f 13548 13540 13608
f 13548 13608 13614
f 11664 11738 11988
f 11664 11988 11944
f 10380 10364 11078
f 10380 11078 11192
f 9962 10004 10364
f 9962 10364 10296
f 12604 12572 12806
f 12604 12806 12852
f 896 960 1300
f 896 1300 1196
f 10004 10020 11046
f 10004 11046 11078
f 3556 3554 3744
f 3556 3744 3716
f 2438 2406 3274
f 2438 3274 3012
f 11738 11804 12042
f 11738 12042 11988
f 4018 3888 4148
f 4018 4148 4278
f 2406 2372 3754
f 2406 3754 3744
f 960 1008 1372
f 960 1372 1300
f 12572 12456 12720
f 12572 12720 12796
f 12572 12796 12806
f 10020 10074 10788
f 10020 10788 11046
f 3888 3864 4126
f 3888 4126 4148
f 412 434 512
f 412 512 500
f 3864 3804 4112
f 3864 4112 4126
f 2372 2350 3804
f 2372 3804 3754
f 2350 2346 4102
f 2350 4102 4112
f 1008 982 1420
f 1008 1420 1372
f 11804 11886 12098
f 11804 12098 12042
f 182 184 188
f 182 188 204
f 182 204 198
f 7040 7052 7206
f 7040 7206 7216
f 2744 2856 4096
f 2744 4096 4102
f 2346 2336 2556
f 2346 2556 2744
f 434 438 516
f 434 516 512
f 982 964 1444
f 982 1444 1420
f 12456 12376 12666
f 12456 12666 12706
f 12456 12706 12720
f 13106 13130 13172
f 13106 13172 13200
f 13106 13200 13220
f 13106 13220 13392
f 13106 13392 13308
f 13106 13308 13252
f 10074 10130 10626
f 10074 10626 10788
f 964 962 1178
f 964 1178 1202
f 2856 3038 4058
f 2856 4058 4096
f 6732 6770 6880
f 6732 6880 6882
f 12376 12184 12622
f 12376 12622 12666
f 11886 11934 12184
f 11886 12184 12098
f 2336 2294 2512
f 2336 2512 2556
f 1202 1272 1494
f 1202 1494 1444
f 962 942 1138
f 962 1138 1178
f 7502 7642 7894
f 7502 7894 7748
f 10130 10216 10616
f 10130 10616 10626
f 11934 11956 12600
f 11934 12600 12622
f 1272 1310 1560
f 1272 1560 1494
f 8032 8074 8238
f 8032 8238 8392
f 8032 8392 8214
f 3038 3450 4014
f 3038 4014 4058
f 3450 3454 4012
f 3450 4012 4014
f 2294 2234 2436
f 2294 2436 2512
f 13220 13324 13480
f 13220 13480 13392
f 3454 3588 3988
f 3454 3988 4012
f 438 448 534
f 438 534 516
f 942 866 1038
f 942 1038 1138
f 11956 12024 12466
f 11956 12466 12566
f 11956 12566 12600
f 10216 10300 10578
f 10216 10578 10616
f 1310 1350 1398
f 1310 1398 1686
f 1310 1686 1560
f 13540 13514 13604
f 13540 13604 13608
f 13324 13346 13514
f 13324 13514 13480
f 8238 8310 8478
f 8238 8478 8392
f 7052 7060 7186
f 7052 7186 7206
f 3588 3656 3922
f 3588 3922 3988
f 6264 6116 6008
f 6264 6008 6176
f 6264 6176 6432
f 12024 12070 12404
f 12024 12404 12466
f 5836 5580 5726
f 5836 5726 5892
f 5836 5892 6002
f 10300 10368 10628
f 10300 10628 10578
f 6770 6776 6878
f 6770 6878 6880
f 866 810 986
f 866 986 1038
f 810 802 974
f 810 974 986
f 7642 7818 8052
f 7642 8052 7898
f 7642 7898 7894
f 10368 10394 10646
f 10368 10646 10628
f 13346 13422 13602
f 13346 13602 13604
f 3656 3608 3854
f 3656 3854 3922
f 12070 12130 12346
f 12070 12346 12404
f 6776 6780 6876
f 6776 6876 6878
f 448 454 546
f 448 546 534
f 8310 8380 8384
f 8310 8384 8612
f 8310 8612 8478
f 13422 13452 13598
f 13422 13598 13602
f 2234 2072 2250
f 2234 2250 2436
f 10394 10454 10698
f 10394 10698 10646
f 12130 12174 12366
f 12130 12366 12346
f 3608 3570 3778
f 3608 3778 3854
f 2072 2020 2212
f 2072 2212 2250
f 1398 1481 1592
f 1398 1592 1672
f 1398 1672 1712
f 1398 1712 2020
f 1398 2020 1686
f 5580 5432 5620
f 5580 5620 5714
f 5580 5714 5726
f 802 678 884
f 802 884 974
f 12174 12220 12394
f 12174 12394 12366
f 7060 7068 7070
f 7060 7070 7198
f 7060 7198 7186
f 1712 1866 2170
f 1712 2170 2212
f 12220 12230 12400
f 12220 12400 12394
f 1866 1870 2168
f 1866 2168 2170
f 6008 5890 6032
f 6008 6032 6176
f 678 644 852
f 678 852 884
f 13452 13512 13658
f 13452 13658 13598
f 1870 1916 2142
f 1870 2142 2168
f 1916 1942 2122
f 1916 2122 2142
f 454 462 560
f 454 560 546
f 644 576 832
f 644 832 852
f 462 464 576
f 462 576 560
f 3570 3482 3698
f 3570 3698 3778
f 6780 6786 6890
f 6780 6890 6876
f 8384 8520 8550
f 8384 8550 8932
f 8384 8932 8612
f 5432 5266 5552
f 5432 5552 5574
f 5432 5574 5620
f 1942 1906 2078
f 1942 2078 2122
f 10454 10648 10840
f 10454 10840 10698
f 1906 1900 2068
f 1906 2068 2078
f 8550 8668 9094
f 8550 9094 8932
f 3482 3408 3636
f 3482 3636 3698
f 12230 12378 12532
f 12230 12532 12400
f 1900 1848 1992
f 1900 1992 2068
f 12378 12384 12550
f 12378 12550 12532
f 8668 8708 8786
f 8668 8786 9232
f 8668 9232 9094
f 1848 1812 1966
f 1848 1966 1992
f 464 472 694
f 464 694 832
f 5266 4962 5346
f 5266 5346 5552
f 7070 7080 7214
f 7070 7214 7198
f 5890 5838 5784
f 5890 5784 5908
f 5890 5908 6032
f 3408 3394 3326
f 3408 3326 3522
f 3408 3522 3636
f 1812 1786 1776
f 1812 1776 1936
f 1812 1936 1966
f 472 442 634
f 472 634 694
f 10648 10832 10958
f 10648 10958 10944
f 10648 10944 10894
f 10648 10894 10840
f 7818 8162 8304
f 7818 8304 8080
f 7818 8080 8052
f 4962 4814 5222
f 4962 5222 5236
f 4962 5236 5346
f 8786 8972 9470
f 8786 9470 9232
f 8972 8974 9476
f 8972 9476 9470
f 10832 10658 10978
f 10832 10978 10958
f 4814 4728 5136
f 4814 5136 5222
f 3326 3280 3474
f 3326 3474 3522
f 8974 9018 9586
f 8974 9586 9476
f 12384 12524 12640
f 12384 12640 12592
f 12384 12592 12550
f 13792 13790 13796
f 13792 13796 13802
f 13792 13802 13806
f 13792 13806 13808
f 13792 13808 13810
f 4728 4690 5094
f 4728 5094 5136
f 1776 1714 1882
f 1776 1882 1936
f 9018 9052 9736
f 9018 9736 9586
f 9052 9058 9758
f 9052 9758 9736
f 10658 10408 11002
f 10658 11002 10978
f 13512 13700 13740
f 13512 13740 13734
f 13512 13734 13718
f 13512 13718 13696
f 13512 13696 13658
f 10408 10274 11008
f 10408 11008 11010
f 10408 11010 11002
f 4690 4618 5060
f 4690 5060 5094
f 10274 10104 11000
f 10274 11000 11008
f 9058 9080 10104
f 9058 10104 9758
f 9080 9092 10998
f 9080 10998 11000
f 9092 9084 10996
f 9092 10996 10998
f 9246 9296 10970
f 9246 10970 10990
f 9246 10990 10996
f 9084 9054 9210
f 9084 9210 9246
f 3280 3272 3242
f 3280 3242 3238
f 3280 3238 3438
f 3280 3438 3474
f 4618 4384 4998
f 4618 4998 5060
f 4384 4342 4984
f 4384 4984 4998
f 9296 9318 10920
f 9296 10920 10950
f 9296 10950 10970
f 3238 3234 3500
f 3238 3500 3438
f 3234 3232 3236
f 3234 3236 3654
f 3234 3654 3500
f 9054 9010 9168
f 9054 9168 9210
f 4342 4176 5004
f 4342 5004 4984
f 4176 3990 5012
f 4176 5012 5004
f 3236 3256 3990
f 3236 3990 3654
f 188 190 192
f 188 192 206
f 188 206 220
f 188 220 204
f 8162 8290 8398
f 8162 8398 8354
f 8162 8354 8304
f 9010 8990 9148
f 9010 9148 9168
f 3256 3266 5014
f 3256 5014 5012
f 9318 9348 10762
f 9318 10762 10784
f 9318 10784 10856
f 9318 10856 10920
f 9348 9352 10430
f 9348 10430 10676
f 9348 10676 10762
f 9352 9354 10420
f 9352 10420 10430
f 3266 3300 5034
f 3266 5034 5014
f 9354 9356 9654
f 9354 9654 9714
f 9714 9744 10326
f 9714 10326 10420
f 9356 9362 9574
f 9356 9574 9654
f 3300 3314 4748
f 3300 4748 4774
f 6786 6750 6868
f 6786 6868 6872
f 6786 6872 6892
f 6786 6892 6890
f 9744 9860 10256
f 9744 10256 10326
f 9860 9864 10250
f 9860 10250 10256
f 8990 8924 9114
f 8990 9114 9148
f 9362 9380 9528
f 9362 9528 9574
f 3314 3316 3398
f 3314 3398 4734
f 3314 4734 4748
f 4774 4834 5064
f 4774 5064 5034
f 4578 4576 4722
f 4578 4722 4734
f 4576 4574 4718
f 4576 4718 4722
f 3398 3416 3534
f 3398 3534 4394
f 3398 4394 4578
f 9864 9928 10236
f 9864 10236 10250
f 9380 9388 9538
f 9380 9538 9528
f 3534 3574 3670
f 3534 3670 4324
f 3534 4324 4394
f 7080 7092 7106
f 7080 7106 7270
f 7080 7270 7214
f 3670 3812 4276
f 3670 4276 4324
f 3812 3828 4266
f 3812 4266 4276
f 1714 1658 1618
f 1714 1618 1568
f 1714 1568 1566
f 1714 1566 1682
f 1714 1682 1882
f 9928 9942 10204
f 9928 10204 10236
f 3828 3898 4244
f 3828 4244 4266
f 4834 4886 5116
f 4834 5116 5064
f 9942 9936 10188
f 9942 10188 10204
f 442 360 304
f 442 304 290
f 442 290 356
f 442 356 634
f 5784 5752 5678
f 5784 5678 5616
f 5784 5616 5732
f 5784 5732 5908
f 3898 3984 4216
f 3898 4216 4244
f 9388 9410 9552
f 9388 9552 9538
f 13700 13186 13538
f 13700 13538 13664
f 13700 13664 13720
f 13700 13720 13736
f 13700 13736 13742
f 13700 13742 13740
f 8924 8854 9028
f 8924 9028 9114
f 3984 3982 4178
f 3984 4178 4216
f 4574 4562 4682
f 4574 4682 4718
f 8290 8364 8472
f 8290 8472 8398
f 9936 9920 10200
f 9936 10200 10188
f 3982 3976 4196
f 3982 4196 4178
f 4562 4556 4676
f 4562 4676 4682
f 290 288 272
f 290 272 278
f 290 278 452
f 290 452 356
f 9410 9430 9566
f 9410 9566 9552
f 12524 12714 12842
f 12524 12842 12782
f 12524 12782 12656
f 12524 12656 12640
f 9920 9904 10228
f 9920 10228 10200
f 4886 5020 5232
f 4886 5232 5116
f 278 302 522
f 278 522 452
f 9904 9886 10238
f 9904 10238 10228
f 4556 4530 4654
f 4556 4654 4676
f 13186 13032 13522
f 13186 13522 13538
f 3976 3952 4226
f 3976 4226 4196
f 5020 5030 5252
f 5020 5252 5232
f 13032 13012 13362
f 13032 13362 13400
f 8854 8750 8930
f 8854 8930 9028
f 13012 12996 13312
f 13012 13312 13362
f 1566 1486 1477
f 1566 1477 1604
f 1566 1604 1682
f 9886 9844 10268
f 9886 10268 10238
f 9430 9464 9602
f 9430 9602 9566
f 7106 7124 7140
f 7106 7140 7304
f 7106 7304 7270
f 4530 4512 4634
f 4530 4634 4654
f 302 314 342
f 302 342 664
f 302 664 522
f 3952 3950 4258
f 3952 4258 4226
f 6750 6716 6850
f 6750 6850 6868
f 206 214 216
f 206 216 238
f 206 238 220
f 13400 13410 13510
f 13400 13510 13522
f 9844 9814 10308
f 9844 10308 10268
f 12996 12898 13164
f 12996 13164 13312
f 12714 12778 12898
f 12714 12898 12842
f 9814 9802 10018
f 9814 10018 10052
f 9802 9794 10006
f 9802 10006 10018
f 5616 5610 5586
f 5616 5586 5562
f 5616 5562 5668
f 5616 5668 5732
f 10052 10076 10328
f 10052 10328 10308
f 4512 4502 4616
f 4512 4616 4634
f 5562 5560 5666
f 5562 5666 5668
f 1477 1438 1552
f 1477 1552 1604
f 9464 9502 9648
f 9464 9648 9602
f 5030 5142 5424
f 5030 5424 5252
f 5142 5146 5426
f 5142 5426 5424
f 9794 9776 9968
f 9794 9968 10006
f 13410 13404 13496
f 13410 13496 13510
f 342 344 382
f 342 382 566
f 342 566 948
f 342 948 664
f 8750 8598 8816
f 8750 8816 8930
f 8364 8412 8598
f 8364 8598 8472
f 12778 12814 12980
f 12778 12980 13164
f 3950 3880 4310
f 3950 4310 4258
f 566 572 978
f 566 978 948
f 5560 5482 5646
f 5560 5646 5666
f 5146 5202 5482
f 5146 5482 5426
f 4502 4476 4594
f 4502 4594 4616
f 12814 12826 12990
f 12814 12990 12980
f 1438 1400 1378
f 1438 1378 1492
f 1438 1492 1552
f 13404 13396 13488
f 13404 13488 13496
f 10076 10242 10444
f 10076 10444 10400
f 10076 10400 10328
f 3880 3848 4346
f 3880 4346 4310
f 3848 3836 4354
f 3848 4354 4346
f 9776 9684 9894
f 9776 9894 9968
f 9502 9530 9684
f 9502 9684 9648
f 7140 7188 7200
f 7140 7200 7374
f 7140 7374 7304
f 9530 9540 9884
f 9530 9884 9894
f 3836 3818 4068
f 3836 4068 4114
f 4114 4170 4364
f 4114 4364 4354
f 9540 9546 9870
f 9540 9870 9884
f 6716 6664 6822
f 6716 6822 6824
f 6716 6824 6844
f 6716 6844 6850
f 1378 1336 1452
f 1378 1452 1492
f 572 602 1336
f 572 1336 978
f 4170 4234 4388
f 4170 4388 4364
f 602 606 1448
f 602 1448 1452
f 3818 3772 4022
f 3818 4022 4068
f 5202 5382 5622
f 5202 5622 5646
f 606 610 800
f 606 800 828
f 13790 13754 13780
f 13790 13780 13788
f 13790 13788 13794
f 13790 13794 13796
f 4476 4414 4540
f 4476 4540 4594
f 4234 4262 4414
f 4234 4414 4388
f 9546 9572 9838
f 9546 9838 9870
f 12826 12912 13070
f 12826 13070 12990
f 610 618 778
f 610 778 800
f 828 914 994
f 828 994 1054
f 828 1054 1430
f 828 1430 1448
f 8412 8464 8614
f 8412 8614 8816
f 4262 4280 4536
f 4262 4536 4540
f 10242 10358 10604
f 10242 10604 10522
f 10242 10522 10444
f 216 224 226
f 216 226 256
f 216 256 238
f 8464 8476 8596
f 8464 8596 8614
f 1054 1176 1406
f 1054 1406 1430
f 13396 13356 13468
f 13396 13468 13488
f 1176 1216 1390
f 1176 1390 1406
f 3772 3696 3934
f 3772 3934 4022
f 1216 1228 1380
f 1216 1380 1390
f 5382 5488 5604
f 5382 5604 5622
f 618 656 758
f 618 758 778
f 12912 12972 13100
f 12912 13100 13070
f 9572 9636 9826
f 9572 9826 9838
f 4280 4320 4496
f 4280 4496 4536
f 13356 13338 13458
f 13356 13458 13464
f 13356 13464 13468
f 8476 8522 8784
f 8476 8784 8596
f 4320 4338 4492
f 4320 4492 4496
f 656 670 762
f 656 762 758
f 7200 7290 7524
f 7200 7524 7374
f 1228 1192 1328
f 1228 1328 1380
f 3696 3644 3838
f 3696 3838 3934
f 10358 10504 10750
f 10358 10750 10604
f 5488 5398 5592
f 5488 5592 5604
f 1192 1186 1314
f 1192 1314 1328
f 12972 13034 13144
f 12972 13144 13100
f 8522 8532 8888
f 8522 8888 8784
f 8532 8542 8908
f 8532 8908 8888
f 13338 13326 13450
f 13338 13450 13458
f 9636 9672 9854
f 9636 9854 9826
f 10504 10566 10786
f 10504 10786 10750
f 7290 7310 7544
f 7290 7544 7524
f 670 696 782
f 670 782 762
f 6664 6540 6754
f 6664 6754 6800
f 6664 6800 6822
f 4338 4330 4460
f 4338 4460 4492
f 696 700 784
f 696 784 782
f 4330 4328 4458
f 4330 4458 4460
f 7310 7316 7560
f 7310 7560 7544
f 8542 8552 9014
f 8542 9014 8908
f 5398 5214 5568
f 5398 5568 5592
f 1186 1128 1274
f 1186 1274 1314
f 13034 13078 13190
f 13034 13190 13144
f 6540 6514 6748
f 6540 6748 6754
f 8552 8564 9078
f 8552 9078 9014
f 3644 3506 3728
f 3644 3728 3838
f 6514 6500 6742
f 6514 6742 6748
f 7316 7336 7590
f 7316 7590 7560
f 1128 1102 1254
f 1128 1254 1274
f 8564 8580 8738
f 8564 8738 8742
f 13326 13288 13428
f 13326 13428 13450
f 13078 13096 13226
f 13078 13226 13190
f 5214 5130 5554
f 5214 5554 5568
f 5130 5120 5366
f 5130 5366 5380
f 8742 8822 9136
f 8742 9136 9078
f 6500 6474 6782
f 6500 6782 6742
f 7336 7230 7612
f 7336 7612 7590
f 9672 9718 9890
f 9672 9890 9854
f 13288 13276 13418
f 13288 13418 13428
f 7230 7116 7616
f 7230 7616 7612
f 7116 6986 7618
f 7116 7618 7616
f 6474 6458 6986
f 6474 6986 6782
f 13276 13256 13412
f 13276 13412 13418
f 13096 13110 13256
f 13096 13256 13226
f 8580 8588 8746
f 8580 8746 8738
f 6458 6448 7632
f 6458 7632 7618
f 8822 8900 9204
f 8822 9204 9136
f 1102 1080 1210
f 1102 1210 1254
f 5120 5040 5272
f 5120 5272 5366
f 4328 4300 4402
f 4328 4402 4458
f 8588 8594 8748
f 8588 8748 8746
f 8900 8940 9244
f 8900 9244 9204
f 10566 10726 10912
f 10566 10912 10786
f 9718 9732 9914
f 9718 9914 9890
f 700 742 834
f 700 834 784
f 8940 8982 9302
f 8940 9302 9244
f 3506 3400 3392
f 3506 3392 3648
f 3506 3648 3728
f 9732 9738 9922
f 9732 9922 9914
f 8982 9032 9340
f 8982 9340 9302
f 6448 6396 7694
f 6448 7694 7632
f 226 242 254
f 226 254 308
f 226 308 256
f 1080 1010 1156
f 1080 1156 1210
f 5380 5374 5546
f 5380 5546 5554
f 13110 13176 13384
f 13110 13384 13412
f 5040 4826 5128
f 5040 5128 5154
f 5040 5154 5224
f 5040 5224 5272
f 9032 9122 9428
f 9032 9428 9340
f 6396 6362 7720
f 6396 7720 7694
f 7536 7534 7724
f 7536 7724 7720
f 10726 10798 11044
f 10726 11044 10912
f 8594 8620 8772
f 8594 8772 8748
f 13176 13208 13364
f 13176 13364 13384
f 9122 9186 9542
f 9122 9542 9428
f 4826 4714 5006
f 4826 5006 5096
f 4826 5096 5128
f 742 776 886
f 742 886 834
f 13754 13714 13748
f 13754 13748 13750
f 13754 13750 13776
f 13754 13776 13780
f 5374 5370 5534
f 5374 5534 5546
f 9186 9166 9600
f 9186 9600 9542
f 4714 4686 4950
f 4714 4950 5000
f 4714 5000 5006
f 10798 10842 11104
f 10798 11104 11044
f 6362 6342 6564
f 6362 6564 6566
f 4300 4292 4240
f 4300 4240 4370
f 4300 4370 4402
f 4686 4652 4934
f 4686 4934 4950
f 254 268 332
f 254 332 308
f 9738 9778 9960
f 9738 9960 9948
f 9738 9948 9922
f 9166 9120 9778
f 9166 9778 9600
f 4652 4620 4948
f 4652 4948 4934
f 3392 3308 3276
f 3392 3276 3460
f 3392 3460 3648
f 1010 904 1060
f 1010 1060 1156
f 776 794 904
f 776 904 886
f 8620 8648 8780
f 8620 8780 8772
f 13208 13254 13426
f 13208 13426 13364
f 7534 7532 7828
f 7534 7828 7724
f 3276 3226 3430
f 3276 3430 3460
f 6342 6284 6562
f 6342 6562 6564
f 794 808 1030
f 794 1030 1060
f 9120 9036 9284
f 9120 9284 9344
f 5370 5342 5528
f 5370 5528 5534
f 10842 10896 11240
f 10842 11240 11104
f 4620 4474 5024
f 4620 5024 4948
f 8648 8672 8802
f 8648 8802 8780
f 9036 8964 9206
f 9036 9206 9284
f 4474 4400 5054
f 4474 5054 5024
f 3226 3102 3376
f 3226 3376 3430
f 4760 4798 5066
f 4760 5066 5054
f 4400 4368 4708
f 4400 4708 4760
f 4240 4224 4204
f 4240 4204 4192
f 4240 4192 4368
f 4240 4368 4370
f 808 822 988
f 808 988 1030
f 10896 10932 11338
f 10896 11338 11240
f 3102 3086 3364
f 3102 3364 3376
f 4798 4830 5082
f 4798 5082 5066
f 8672 8684 8824
f 8672 8824 8802
f 6284 6200 6578
f 6284 6578 6562
f 5342 5326 5520
f 5342 5520 5528
f 8964 8912 9162
f 8964 9162 9206
f 4830 4862 5118
f 4830 5118 5082
f 4192 4188 4202
f 4192 4202 4580
f 4192 4580 4708
f 10932 10956 11446
f 10932 11446 11338
f 8912 8870 9134
f 8912 9134 9162
f 8870 8844 9130
f 8870 9130 9134
f 8684 8688 8844
f 8684 8844 8824
f 5326 5276 5518
f 5326 5518 5520
f 822 798 950
f 822 950 988
f 4862 4894 5206
f 4862 5206 5118
f 13714 13678 13730
f 13714 13730 13748
f 6200 6166 6592
f 6200 6592 6578
f 7532 7518 7954
f 7532 7954 7828
f 5276 5234 5514
f 5276 5514 5518
f 4894 4902 5234
f 4894 5234 5206
f 10956 10964 11494
f 10956 11494 11446
f 3086 2996 3324
f 3086 3324 3364
f 9344 9580 9820
f 9344 9820 9930
f 9344 9930 9978
f 9344 9978 9980
f 9344 9980 9960
f 268 282 306
f 268 306 362
f 268 362 332
f 10964 10972 11530
f 10964 11530 11494
f 10972 10974 11172
f 10972 11172 11204
f 6166 6156 6358
f 6166 6358 6388
f 7518 7514 7662
f 7518 7662 7688
f 7514 7512 7658
f 7514 7658 7662
f 8688 8698 9072
f 8688 9072 9130
f 7688 7738 7998
f 7688 7998 7954
f 10974 10992 11160
f 10974 11160 11172
f 11204 11290 11600
f 11204 11600 11530
f 7738 7768 8018
f 7738 8018 7998
f 6156 6122 6328
f 6156 6328 6358
f 6122 6120 6326
f 6122 6326 6328
f 798 780 910
f 798 910 950
f 2996 2872 3302
f 2996 3302 3324
f 6388 6452 6612
f 6388 6612 6592
f 2872 2864 3298
f 2872 3298 3302
f 4202 4220 4254
f 4202 4254 4282
f 4202 4282 4390
f 4202 4390 4494
f 4202 4494 4580
f 7512 7500 7622
f 7512 7622 7658
f 6452 6456 6614
f 6452 6614 6612
f 2864 2850 3116
f 2864 3116 3132
f 11290 11360 11682
f 11290 11682 11600
f 13254 13370 13530
f 13254 13530 13500
f 13254 13500 13472
f 13254 13472 13426
f 4902 4996 5512
f 4902 5512 5514
f 7768 7846 8060
f 7768 8060 8018
f 10992 11036 11164
f 10992 11164 11160
f 8698 8714 9142
f 8698 9142 9072
f 11360 11442 11806
f 11360 11806 11682
f 780 750 870
f 780 870 910
f 6456 6494 6638
f 6456 6638 6614
f 8714 8716 9158
f 8714 9158 9142
f 4996 5018 5510
f 4996 5510 5512
f 11442 11460 11848
f 11442 11848 11806
f 7500 7450 7610
f 7500 7610 7622
f 750 744 862
f 750 862 870
f 13370 13368 13544
f 13370 13544 13532
f 13370 13532 13530
f 8716 8718 8918
f 8716 8918 8928
f 11036 11050 11180
f 11036 11180 11164
f 5018 5008 5506
f 5018 5506 5510
f 13368 13340 13558
f 13368 13558 13544
f 7846 7912 8098
f 7846 8098 8060
f 13678 13666 13708
f 13678 13708 13728
f 13678 13728 13730
f 7912 7918 8106
f 7912 8106 8098
f 8718 8722 8896
f 8718 8896 8918
f 5008 4966 5502
f 5008 5502 5506
f 6120 5994 6220
f 6120 6220 6326
f 5220 5246 5500
f 5220 5500 5502
f 11460 11550 12064
f 11460 12064 11848
f 13340 13118 13562
f 13340 13562 13570
f 13340 13570 13558
f 6494 6528 6672
f 6494 6672 6638
f 4966 4940 5176
f 4966 5176 5220
f 5994 5976 6192
f 5994 6192 6220
f 8928 9070 9250
f 8928 9250 9158
f 5246 5262 5498
f 5246 5498 5500
f 7450 7416 7582
f 7450 7582 7610
f 9070 9082 9258
f 9070 9258 9250
f 13118 12922 13542
f 13118 13542 13552
f 13118 13552 13562
f 2850 2540 2870
f 2850 2870 2880
f 2850 2880 2950
f 2850 2950 3020
f 2850 3020 3116
f 5262 5288 5492
f 5262 5492 5498
f 744 702 684
f 744 684 826
f 744 826 862
f 3132 3084 3224
f 3132 3224 3298
f 12922 12718 13506
f 12922 13506 13526
f 12922 13526 13542
f 12718 12234 13498
f 12718 13498 13506
f 11550 11584 12234
f 11550 12234 12064
f 8722 8726 8882
f 8722 8882 8896
f 7416 7396 7580
f 7416 7580 7582
f 11584 11604 13376
f 11584 13376 13448
f 11584 13448 13498
f 11604 11606 13374
f 11604 13374 13376
f 11606 11608 11776
f 11606 11776 11818
f 11608 11616 11772
f 11608 11772 11776
f 11818 11880 13330
f 11818 13330 13374
f 5288 5308 5486
f 5288 5486 5492
f 2540 2410 2778
f 2540 2778 2870
f 11616 11624 11768
f 11616 11768 11772
f 11880 11930 13304
f 11880 13304 13330
f 4940 4868 5086
f 4940 5086 5176
f 4868 4864 5078
f 4868 5078 5086
f 2410 2368 2756
f 2410 2756 2778
f 11930 11994 13268
f 11930 13268 13304
f 11994 12006 13260
f 11994 13260 13268
f 9082 9156 9322
f 9082 9322 9258
f 7918 8036 8226
f 7918 8226 8106
f 9156 9160 9324
f 9156 9324 9322
f 7396 7364 7578
f 7396 7578 7580
f 2368 2328 2724
f 2368 2724 2756
f 3084 3062 3174
f 3084 3174 3224
f 8726 8720 8856
f 8726 8856 8882
f 5308 5344 5496
f 5308 5496 5486
f 12006 12072 12200
f 12006 12200 13234
f 12006 13234 13260
f 8036 8070 8268
f 8036 8268 8226
f 2328 2208 2678
f 2328 2678 2724
f 13116 13112 13230
f 13116 13230 13234
f 6528 6554 6726
f 6528 6726 6672
f 5976 5866 6094
f 5976 6094 6192
f 6554 6556 6728
f 6554 6728 6726
f 2208 2132 2662
f 2208 2662 2678
f 684 614 608
f 684 608 774
f 684 774 826
f 11624 11676 11822
f 11624 11822 11768
f 12200 12236 12330
f 12200 12330 12398
f 12200 12398 12902
f 12200 12902 13116
f 12398 12418 12888
f 12398 12888 12902
f 7364 7330 7598
f 7364 7598 7578
f 11050 11124 11236
f 11050 11236 11208
f 11050 11208 11184
f 11050 11184 11180
f 5866 5852 6086
f 5866 6086 6094
f 12418 12458 12824
f 12418 12824 12888
f 608 604 848
f 608 848 774
f 9160 9242 9402
f 9160 9402 9324
f 8070 7890 8298
f 8070 8298 8268
f 4864 4764 4944
f 4864 4944 5078
f 12458 12510 12762
f 12458 12762 12824
f 11676 11688 11836
f 11676 11836 11822
f 12510 12570 12690
f 12510 12690 12762
f 604 600 996
f 604 996 848
f 6556 6558 6746
f 6556 6746 6728
f 306 316 338
f 306 338 372
f 306 372 468
f 306 468 362
f 3062 3036 3138
f 3062 3138 3174
f 5852 5826 6298
f 5852 6298 6086
f 7890 7746 8322
f 7890 8322 8298
f 8720 8712 8826
f 8720 8826 8856
f 12570 12584 12692
f 12570 12692 12690
f 5826 5814 6360
f 5826 6360 6298
f 2132 1822 2616
f 2132 2616 2662
f 7746 7696 8334
f 7746 8334 8322
f 6558 6550 6762
f 6558 6762 6746
f 600 598 616
f 600 616 1396
f 600 1396 996
f 5344 5358 5504
f 5344 5504 5496
f 7696 7650 8344
f 7696 8344 8334
f 7330 7306 7650
f 7330 7650 7598
f 6550 6426 6766
f 6550 6766 6762
f 5814 5810 6426
f 5814 6426 6360
f 12584 12598 12696
f 12584 12696 12692
f 1822 1630 2608
f 1822 2608 2616
f 616 622 1630
f 616 1630 1396
f 3036 3030 3124
f 3036 3124 3138
f 622 626 2602
f 622 2602 2608
f 13112 13090 13180
f 13112 13180 13230
f 11124 11148 11250
f 11124 11250 11236
f 5358 5360 5508
f 5358 5508 5504
f 7306 7284 8370
f 7306 8370 8344
f 8712 8704 8812
f 8712 8812 8826
f 12598 12626 12704
f 12598 12704 12696
f 626 718 2232
f 626 2232 2506
f 12626 12628 12708
f 12626 12708 12704
f 13666 13592 13662
f 13666 13662 13690
f 13666 13690 13708
f 4764 4672 4832
f 4764 4832 4944
f 718 724 772
f 718 772 2116
f 718 2116 2232
f 11688 11750 11896
f 11688 11896 11876
f 11688 11876 11836
f 5810 5762 6790
f 5810 6790 6766
f 5762 5756 6248
f 5762 6248 6236
f 3030 3010 3108
f 3030 3108 3124
f 9242 9276 9364
f 9242 9364 9526
f 9242 9526 9402
f 6236 6286 6796
f 6236 6796 6790
f 772 790 854
f 772 854 2046
f 772 2046 2116
f 8704 8690 8804
f 8704 8804 8812
f 8012 8008 8396
f 8012 8396 8370
f 11148 11158 11270
f 11148 11270 11250
f 2506 2476 2562
f 2506 2562 2602
f 7284 7276 7742
f 7284 7742 8012
f 7276 7274 7736
f 7276 7736 7742
f 854 864 1998
f 854 1998 2046
f 5756 5734 5928
f 5756 5928 5970
f 8008 8002 8418
f 8008 8418 8396
f 7274 7260 7654
f 7274 7654 7736
f 6286 6412 6802
f 6286 6802 6796
f 11158 11166 11282
f 11158 11282 11270
f 8690 8682 8800
f 8690 8800 8804
f 864 958 1808
f 864 1808 1998
f 5970 6000 6250
f 5970 6250 6248
f 9364 9412 9612
f 9364 9612 9526
f 958 968 1800
f 958 1800 1808
f 968 970 1286
f 968 1286 1360
f 8128 8240 8448
f 8128 8448 8418
f 8002 7996 8096
f 8002 8096 8128
f 7260 7254 7558
f 7260 7558 7654
f 3010 2984 3098
f 3010 3098 3108
f 970 990 1208
f 970 1208 1286
f 5734 5684 5872
f 5734 5872 5928
f 1360 1514 1762
f 1360 1762 1800
f 990 1012 1134
f 990 1134 1208
f 1012 1014 1136
f 1012 1136 1134
f 1514 1550 1738
f 1514 1738 1762
f 1550 1554 1732
f 1550 1732 1738
f 8240 8276 8470
f 8240 8470 8448
f 5360 5372 5384
f 5360 5384 5532
f 5360 5532 5508
f 5684 5672 5856
f 5684 5856 5872
f 1554 1574 1716
f 1554 1716 1732
f 372 436 444
f 372 444 526
f 372 526 468
f 8682 8654 8794
f 8682 8794 8800
f 1014 1032 1146
f 1014 1146 1136
f 7254 7226 7468
f 7254 7468 7558
f 8276 8316 8538
f 8276 8538 8470
f 2476 2416 2514
f 2476 2514 2562
f 6000 6012 6252
f 6000 6252 6250
f 8654 8548 8790
f 8654 8790 8794
f 8316 8330 8548
f 8316 8548 8538
f 13090 13028 13122
f 13090 13122 13180
f 9412 9468 9480
f 9412 9480 9720
f 9412 9720 9612
f 1574 1562 1664
f 1574 1664 1716
f 7996 7976 8078
f 7996 8078 8096
f 7226 7208 7428
f 7226 7428 7430
f 7226 7430 7468
f 6412 6650 6848
f 6412 6848 6802
f 13592 13550 13612
f 13592 13612 13662
f 12628 12678 12776
f 12628 12776 12708
f 6650 6662 6852
f 6650 6852 6848
f 5672 5614 5798
f 5672 5798 5856
f 1032 1062 1168
f 1032 1168 1146
f 1062 1076 1170
f 1062 1170 1168
f 1562 1544 1644
f 1562 1644 1664
f 5614 5576 5768
f 5614 5768 5798
f 5384 5396 5576
f 5384 5576 5532
f 11166 11222 11316
f 11166 11316 11282
f 12678 12700 12788
f 12678 12788 12776
f 11750 11870 11976
f 11750 11976 11952
f 11750 11952 11904
f 11750 11904 11896
f 5396 5400 5402
f 5396 5402 5700
f 5396 5700 5768
f 9480 9556 9652
f 9480 9652 9946
f 9480 9946 9720
f 13028 12986 13084
f 13028 13084 13122
f 2416 2376 2470
f 2416 2470 2514
f 4672 4360 4590
f 4672 4590 4608
f 4672 4608 4704
f 4672 4704 4822
f 4672 4822 4832
f 6662 6752 6906
f 6662 6906 6852
f 7208 7148 7342
f 7208 7342 7376
f 7208 7376 7428
f 1544 1524 1622
f 1544 1622 1644
f 9652 9678 10016
f 9652 10016 9946
f 2984 2972 2924
f 2984 2924 3040
f 2984 3040 3098
f 444 490 596
f 444 596 526
f 13550 13494 13588
f 13550 13588 13612
f 1524 1512 1598
f 1524 1598 1622
f 1076 1122 1222
f 1076 1222 1170
f 7976 7948 8064
f 7976 8064 8078
f 11870 11914 12010
f 11870 12010 11976
f 11914 11916 12012
f 11914 12012 12010
f 9678 9760 10224
f 9678 10224 10016
f 12986 12952 13058
f 12986 13058 13084
f 11222 11252 11354
f 11222 11354 11336
f 11222 11336 11316
f 8330 8390 8578
f 8330 8578 8666
f 8330 8666 8730
f 8330 8730 8774
f 8330 8774 8778
f 8330 8778 8782
f 8330 8782 8790
f 7948 7946 8062
f 7948 8062 8064
f 4360 4206 4484
f 4360 4484 4590
f 6752 6804 6934
f 6752 6934 6906
f 6012 6018 6042
f 6012 6042 6254
f 6012 6254 6252
f 1512 1488 1590
f 1512 1590 1598
f 9760 9784 10280
f 9760 10280 10224
f 12700 12764 12840
f 12700 12840 12836
f 12700 12836 12808
f 12700 12808 12788
f 4206 4120 4452
f 4206 4452 4484
f 4120 4118 4450
f 4120 4450 4452
f 2376 2322 2408
f 2376 2408 2470
f 1122 1160 1264
f 1122 1264 1222
f 5402 5416 5436
f 5402 5436 5538
f 5402 5538 5606
f 5402 5606 5700
f 12952 12910 13022
f 12952 13022 13058
f 1488 1470 1556
f 1488 1556 1590
f 9784 9824 10450
f 9784 10450 10280
f 12910 12894 13004
f 12910 13004 13022
f 4118 3928 4382
f 4118 4382 4450
f 7148 7004 7176
f 7148 7176 7248
f 7148 7248 7342
f 6804 6832 6894
f 6804 6894 7004
f 6804 7004 6934
f 9824 9876 10704
f 9824 10704 10450
f 3928 3876 4376
f 3928 4376 4382
f 9876 9880 10720
f 9876 10720 10704
f 1160 1200 1306
f 1160 1306 1264
f 9880 9888 10148
f 9880 10148 10210
f 3876 3850 4372
f 3876 4372 4376
f 10210 10340 10794
f 10210 10794 10720
f 6042 6060 6070
f 6042 6070 6268
f 6042 6268 6254
f 12894 12860 12994
f 12894 12994 13004
f 12764 12810 12860
f 12764 12860 12864
f 12764 12864 12840
f 2322 2272 2362
f 2322 2362 2408
f 9888 9906 10124
f 9888 10124 10148
f 1470 1434 1520
f 1470 1520 1556
f 3850 3762 4100
f 3850 4100 4172
f 11916 11986 12090
f 11916 12090 12012
f 4172 4174 4362
f 4172 4362 4372
f 13494 13406 13504
f 13494 13504 13582
f 13494 13582 13588
f 10340 10428 10872
f 10340 10872 10794
f 12810 12820 12978
f 12810 12978 12994
f 1434 1426 1518
f 1434 1518 1520
f 11252 11294 11390
f 11252 11390 11380
f 11252 11380 11362
f 11252 11362 11354
f 10428 10508 10942
f 10428 10942 10872
f 1200 1218 1238
f 1200 1238 1344
f 1200 1344 1306
f 11986 12002 12104
f 11986 12104 12090
f 490 494 582
f 490 582 640
f 490 640 738
f 490 738 596
f 1426 1410 1506
f 1426 1506 1518
f 4174 4154 4334
f 4174 4334 4362
f 9906 9956 10132
f 9906 10132 10124
f 1410 1386 1485
f 1410 1485 1506
f 1238 1262 1386
f 1238 1386 1344
f 10508 10538 10724
f 10508 10724 11110
f 10508 11110 10942
f 12820 12848 12948
f 12820 12948 12978
f 11294 11310 11406
f 11294 11406 11390
f 13406 13352 13470
f 13406 13470 13490
f 13406 13490 13504
f 6894 6938 6978
f 6894 6978 7002
f 6894 7002 7114
f 6894 7114 7168
f 6894 7168 7176
f 3762 3384 3814
f 3762 3814 3908
f 3762 3908 4030
f 3762 4030 4100
f 2272 2218 2312
f 2272 2312 2362
f 9956 9984 10156
f 9956 10156 10132
f 10724 10824 11230
f 10724 11230 11110
f 11310 11320 11410
f 11310 11410 11412
f 11310 11412 11406
f 10824 10830 10870
f 10824 10870 11320
f 10824 11320 11230
f 640 688 788
f 640 788 738
f 9984 9992 10180
f 9984 10180 10156
f 6070 6076 6102
f 6070 6102 6294
f 6070 6294 6268
f 1262 1268 1294
f 1262 1294 1462
f 1262 1462 1485
f 12002 12056 12158
f 12002 12158 12104
f 3384 3198 3668
f 3384 3668 3814
f 7946 7856 8024
f 7946 8024 8038
f 7946 8038 8056
f 7946 8056 8062
f 2218 2194 2284
f 2218 2284 2312
f 12056 12062 12166
f 12056 12166 12158
f 13352 13328 13446
f 13352 13446 13470
f 4154 4108 4284
f 4154 4284 4334
f 3198 3078 3572
f 3198 3572 3668
f 9992 10028 10234
f 9992 10234 10180
f 4108 4094 4272
f 4108 4272 4284
f 3078 2910 3428
f 3078 3428 3552
f 3078 3552 3572
f 2924 2916 2886
f 2924 2886 2858
f 2924 2858 2828
f 2924 2828 2826
f 2924 2826 2910
f 2924 2910 2942
f 2924 2942 3002
f 2924 3002 3028
f 2924 3028 3040
f 688 746 842
f 688 842 788
f 12062 12088 12214
f 12062 12214 12166
f 2194 2146 2256
f 2194 2256 2284
f 10870 10986 11108
f 10870 11108 11292
f 10870 11292 11352
f 10870 11352 11376
f 10870 11376 11402
f 10870 11402 11408
f 10870 11408 11410
f 7856 7834 8006
f 7856 8006 8024
f 1294 1330 1428
f 1294 1428 1462
f 1330 1334 1422
f 1330 1422 1428
f 2146 2136 2246
f 2146 2246 2256
f 4094 4044 4238
f 4094 4238 4272
f 12088 12112 12308
f 12088 12308 12214
f 1334 1318 1394
f 1334 1394 1422
f 4044 4034 4212
f 4044 4212 4238
f 12112 12120 12392
f 12112 12392 12308
f 2136 2102 2226
f 2136 2226 2246
f 7834 7808 7972
f 7834 7972 8006
f 2826 2818 2816
f 2826 2816 2848
f 2826 2848 2904
f 2826 2904 2962
f 2826 2962 3154
f 2826 3154 3336
f 2826 3336 3428
f 12120 12126 12486
f 12120 12486 12392
f 10028 10096 10312
f 10028 10312 10234
f 12126 12132 12688
f 12126 12688 12486
f 4034 4026 4190
f 4034 4190 4212
f 13328 13206 13316
f 13328 13316 13378
f 13328 13378 13446
f 12848 12974 13052
f 12848 13052 13040
f 12848 13040 13014
f 12848 13014 13002
f 12848 13002 12948
f 12132 12136 12974
f 12132 12974 12688
f 746 812 840
f 746 840 930
f 746 930 842
f 7808 7780 7958
f 7808 7958 7972
f 10096 10128 10362
f 10096 10362 10312
f 12136 12142 13062
f 12136 13062 13052
f 12292 12314 13066
f 12292 13066 13062
f 12142 12144 12270
f 12142 12270 12292
f 2102 1996 2200
f 2102 2200 2226
f 12314 12412 13064
f 12314 13064 13068
f 12314 13068 13066
f 12144 12150 12258
f 12144 12258 12270
f 12412 12462 13060
f 12412 13060 13064
f 12462 12522 13056
f 12462 13056 13060
f 6102 6130 6226
f 6102 6226 6378
f 6102 6378 6294
f 840 878 976
f 840 976 930
f 12150 12168 12260
f 12150 12260 12258
f 1996 1922 2186
f 1996 2186 2200
f 12522 12590 13046
f 12522 13046 13050
f 12522 13050 13056
f 10128 10170 10432
f 10128 10432 10362
f 6226 6232 6384
f 6226 6384 6378
f 12590 12612 13030
f 12590 13030 13046
f 12612 12634 12954
f 12612 12954 13018
f 12612 13018 13030
f 1922 1794 2174
f 1922 2174 2186
f 7780 7744 7984
f 7780 7984 7958
f 12634 12630 12892
f 12634 12892 12954
f 12738 12886 12892
f 7744 7740 7990
f 7744 7990 7984
f 12168 12192 12274
f 12168 12274 12260
f 4026 3906 4130
f 4026 4130 4190
f 1794 1632 2160
f 1794 2160 2174
f 1318 1290 1250
f 1318 1250 1248
f 1318 1248 1316
f 1318 1316 1394
f 12192 12194 12280
f 12192 12280 12274
f 878 920 924
f 878 924 1028
f 878 1028 976
f 1632 1596 2156
f 1632 2156 2160
f 13206 13128 13238
f 13206 13238 13316
f 1248 1246 1440
f 1248 1440 1316
f 1596 1508 2152
f 1596 2152 2156
f 1508 1500 2008
f 1508 2008 2026
f 1246 1242 1500
f 1246 1500 1440
f 1242 1240 1982
f 1242 1982 2008
f 2026 2056 2150
f 2026 2150 2152
f 3906 3884 4124
f 3906 4124 4130
f 10170 10230 10614
f 10170 10614 10432
f 1240 1236 1850
f 1240 1850 1982
f 12630 12614 12694
f 12630 12694 12738
f 1236 1234 1232
f 1236 1232 1760
f 1236 1760 1850
f 1232 1224 1230
f 1232 1230 1704
f 1232 1704 1760
f 6232 6160 6476
f 6232 6476 6384
f 1230 1276 1634
f 1230 1634 1704
f 12614 12588 12662
f 12614 12662 12694
f 3884 3748 4090
f 3884 4090 4124
f 1276 1284 1338
f 1276 1338 1392
f 1276 1392 1636
f 1276 1636 1634
f 2056 2018 2112
f 2056 2112 2150
f 10230 10258 10808
f 10230 10808 10742
f 10230 10742 10672
f 10230 10672 10614
f 1392 1432 1640
f 1392 1640 1636
f 2018 2012 2108
f 2018 2108 2112
f 10258 10264 10838
f 10258 10838 10808
f 6160 6104 6536
f 6160 6536 6476
f 1432 1542 1648
f 1432 1648 1640
f 924 1018 1104
f 924 1104 1028
f 10500 10582 10858
f 10500 10858 10838
f 10582 10592 10860
f 10582 10860 10858
f 12194 12240 12354
f 12194 12354 12280
f 10264 10278 10494
f 10264 10494 10500
f 7740 7660 8084
f 7740 8084 7990
f 10592 10634 10900
f 10592 10900 10860
f 10278 10290 10492
f 10278 10492 10494
f 1542 1582 1656
f 1542 1656 1648
f 7904 7960 8100
f 7904 8100 8084
f 12588 12564 12624
f 12588 12624 12662
f 13128 13042 13140
f 13128 13140 13178
f 13128 13178 13238
f 7660 7640 7858
f 7660 7858 7904
f 12240 12252 12370
f 12240 12370 12354
f 1582 1602 1668
f 1582 1668 1656
f 10634 10716 10730
f 10634 10730 10976
f 10634 10976 10900
f 2012 1994 2086
f 2012 2086 2108
f 3748 3550 4050
f 3748 4050 4090
f 7960 7992 8120
f 7960 8120 8100
f 3550 3528 4046
f 3550 4046 4050
f 1018 1026 1066
f 1018 1066 1164
f 1018 1164 1104
f 6302 6356 6598
f 6302 6598 6536
f 7640 7608 7798
f 7640 7798 7858
f 6104 6046 6218
f 6104 6218 6302
f 10290 10324 10530
f 10290 10530 10492
f 7992 8000 8022
f 7992 8022 8156
f 7992 8156 8120
f 1994 1978 2070
f 1994 2070 2086
f 1602 1650 1730
f 1602 1730 1668
f 1978 1970 2064
f 1978 2064 2070
f 7608 7568 7754
f 7608 7754 7798
f 1066 1142 1252
f 1066 1252 1164
f 1650 1680 1752
f 1650 1752 1730
f 3528 3250 3512
f 3528 3512 3846
f 10730 10928 11048
f 10730 11048 11258
f 10730 11258 10976
f 10324 10352 10544
f 10324 10544 10530
f 12252 12296 12422
f 12252 12422 12370
f 12564 12428 12536
f 12564 12536 12602
f 12564 12602 12624
f 12296 12302 12428
f 12296 12428 12422
f 3250 3118 3378
f 3250 3378 3492
f 3250 3492 3512
f 3846 3826 4016
f 3846 4016 4046
f 6046 5936 6100
f 6046 6100 6218
f 3118 3066 3294
f 3118 3294 3328
f 3118 3328 3378
f 11048 11062 11200
f 11048 11200 11424
f 11048 11424 11258
f 11200 11202 11426
f 11200 11426 11424
f 8022 8034 8072
f 8022 8072 8104
f 8022 8104 8266
f 8022 8266 8156
f 8104 8126 8280
f 8104 8280 8266
f 3066 2980 3168
f 3066 3168 3178
f 3066 3178 3294
f 7568 7478 7656
f 7568 7656 7754
f 7478 7474 7648
f 7478 7648 7656
f 12302 12360 12452
f 12302 12452 12536
f 2980 2926 3114
f 2980 3114 3168
f 11202 11332 11598
f 11202 11598 11426
f 2926 2878 3074
f 2926 3074 3114
f 5936 5876 6024
f 5936 6024 6100
f 1970 1910 1984
f 1970 1984 2064
f 1680 1746 1798
f 1680 1798 1824
f 1680 1824 1852
f 1680 1852 1910
f 1680 1910 1752
f 6356 6466 6646
f 6356 6646 6812
f 6356 6812 6598
f 2878 2794 2978
f 2878 2978 3074
f 2794 2792 2974
f 2794 2974 2978
f 11332 11468 11798
f 11332 11798 11598
f 8126 8204 8366
f 8126 8366 8280
f 1142 1220 1308
f 1142 1308 1322
f 1142 1322 1424
f 1142 1424 1252
f 8204 8218 8376
f 8204 8376 8366
f 2792 2728 2918
f 2792 2918 2974
f 7474 7334 7552
f 7474 7552 7556
f 7474 7556 7648
f 10352 10418 10612
f 10352 10612 10544
f 12360 12386 12464
f 12360 12464 12452
f 13042 12770 12868
f 13042 12868 12976
f 13042 12976 13092
f 13042 13092 13140
f 1852 1918 1964
f 1852 1964 1984
f 2728 2690 2874
f 2728 2874 2918
f 3826 3798 3980
f 3826 3980 4016
f 11468 11496 11926
f 11468 11926 11798
f 2690 2658 2860
f 2690 2860 2874
f 11636 11660 11954
f 11636 11954 11926
f 8218 8236 8400
f 8218 8400 8376
f 11496 11520 11628
f 11496 11628 11636
f 11520 11526 11630
f 11520 11630 11628
f 11660 11702 11984
f 11660 11984 11954
f 3798 3796 3970
f 3798 3970 3980
f 2658 2560 2820
f 2658 2820 2860
f 11702 11786 12054
f 11702 12054 11984
f 5876 5804 5940
f 5876 5940 6024
f 11786 11810 12078
f 11786 12078 12054
f 8236 8248 8426
f 8236 8426 8400
f 5804 5802 5930
f 5804 5930 5940
f 6646 6684 6756
f 6646 6756 6896
f 6646 6896 6812
f 11526 11536 11632
f 11526 11632 11630
f 12386 12406 12476
f 12386 12476 12472
f 12386 12472 12464
f 11810 11888 12134
f 11810 12134 12078
f 2560 2474 2810
f 2560 2810 2820
f 11888 11922 12182
f 11888 12182 12134
f 12406 12416 12482
f 12406 12482 12476
f 1322 1358 1416
f 1322 1416 1516
f 1322 1516 1424
f 11536 11552 11640
f 11536 11640 11632
f 12416 12390 12484
f 12416 12484 12482
f 12390 12374 12488
f 12390 12488 12484
f 2474 2360 2804
f 2474 2804 2810
f 12374 12312 12490
f 12374 12490 12488
f 11922 12000 12312
f 11922 12312 12182
f 2360 2342 2610
f 2360 2610 2646
f 12000 12016 12492
f 12000 12492 12490
f 2342 2334 2596
f 2342 2596 2610
f 2334 2286 2564
f 2334 2564 2596
f 12016 12060 12498
f 12016 12498 12494
f 12016 12494 12492
f 6756 6778 6830
f 6756 6830 6954
f 6756 6954 6896
f 12060 12076 12500
f 12060 12500 12498
f 5802 5706 5974
f 5802 5974 5930
f 10418 10470 10642
f 10418 10642 10612
f 7334 7162 7362
f 7334 7362 7454
f 7334 7454 7552
f 2646 2684 2786
f 2646 2786 2804
f 2286 2202 2498
f 2286 2498 2564
f 8248 8220 8544
f 8248 8544 8426
f 2684 2686 2780
f 2684 2780 2786
f 2202 2110 2422
f 2202 2422 2498
f 8220 8208 8342
f 8220 8342 8356
f 3796 3760 3930
f 3796 3930 3970
f 12770 12610 12710
f 12770 12710 12742
f 12770 12742 12868
f 5706 5660 5990
f 5706 5990 5974
f 11552 11564 11648
f 11552 11648 11640
f 8208 8206 8336
f 8208 8336 8342
f 12076 12030 12128
f 12076 12128 12186
f 1918 1886 1862
f 1918 1862 1914
f 1918 1914 1950
f 1918 1950 1954
f 1918 1954 1964
f 7162 7098 7308
f 7162 7308 7362
f 2110 1980 2352
f 2110 2352 2422
f 1416 1526 1616
f 1416 1616 1516
f 1980 1932 2340
f 1980 2340 2352
f 1862 1858 1932
f 1862 1932 1914
f 2686 2688 2776
f 2686 2776 2780
f 5660 5638 5812
f 5660 5812 5850
f 7098 7062 7292
f 7098 7292 7308
f 6830 6856 6912
f 6830 6912 7062
f 6830 7062 6954
f 12186 12294 12408
f 12186 12408 12448
f 12186 12448 12468
f 12186 12468 12504
f 12186 12504 12500
f 5850 5898 6010
f 5850 6010 5990
f 8356 8438 8624
f 8356 8624 8544
f 12030 11974 12084
f 12030 12084 12128
f 1858 1842 2258
f 1858 2258 2340
f 8206 8190 8312
f 8206 8312 8336
f 8438 8450 8650
f 8438 8650 8624
f 2688 2682 2768
f 2688 2768 2776
f 5898 5920 6028
f 5898 6028 6010
f 1842 1836 2276
f 1842 2276 2258
f 1836 1834 2114
f 1836 2114 2148
f 1834 1828 2076
f 1834 2076 2114
f 11564 11576 11658
f 11564 11658 11648
f 11576 11578 11662
f 11576 11662 11658
f 5638 5598 5740
f 5638 5740 5812
f 11974 11912 12032
f 11974 12032 12084
f 1828 1826 1818
f 1828 1818 1958
f 1828 1958 2076
f 8190 8174 8294
f 8190 8294 8312
f 2682 2672 2762
f 2682 2762 2768
f 2148 2230 2356
f 2148 2356 2276
f 8450 8546 8768
f 8450 8768 8650
f 3760 3734 3932
f 3760 3932 3930
f 1818 1816 1814
f 1818 1814 1890
f 1818 1890 1924
f 1818 1924 1958
f 11912 11840 11970
f 11912 11970 12032
f 11578 11586 11670
f 11578 11670 11662
f 5598 5544 5658
f 5598 5658 5740
f 2672 2666 2760
f 2672 2760 2762
f 10470 10490 10706
f 10470 10706 10642
f 8546 8616 8838
f 8546 8838 8768
f 2230 2302 2420
f 2230 2420 2356
f 11840 11766 11936
f 11840 11936 11970
f 5920 5924 5956
f 5920 5956 6078
f 5920 6078 6028
f 6912 6974 7032
f 6912 7032 7078
f 6912 7078 7150
f 6912 7150 7204
f 6912 7204 7268
f 6912 7268 7292
f 12610 12454 12576
f 12610 12576 12632
f 12610 12632 12710
f 10490 10498 10714
f 10490 10714 10706
f 2302 2330 2440
f 2302 2440 2420
f 11586 11590 11690
f 11586 11690 11670
f 1526 1528 1638
f 1526 1638 1690
f 1526 1690 1772
f 1526 1772 1616
f 11766 11728 11906
f 11766 11906 11936
f 11728 11700 11900
f 11728 11900 11906
f 11590 11592 11700
f 11590 11700 11690
f 3734 3704 3936
f 3734 3936 3932
f 8174 8134 8254
f 8174 8254 8294
f 8134 8124 8252
f 8134 8252 8254
f 2330 2394 2400
f 2330 2400 2524
f 2330 2524 2440
f 11592 11594 11854
f 11592 11854 11900
f 2666 2652 2750
f 2666 2750 2760
f 5544 5406 5572
f 5544 5572 5658
f 10498 10510 10936
f 10498 10936 10714
f 3704 3664 3938
f 3704 3938 3936
f 8616 8728 8828
f 8616 8828 9016
f 8616 9016 8838
f 2400 2444 2584
f 2400 2584 2524
f 10510 10512 11028
f 10510 11028 10936
f 5406 5338 5540
f 5406 5540 5572
f 10744 10772 11042
f 10744 11042 11028
f 2652 2644 2740
f 2652 2740 2750
f 11594 11602 11784
f 11594 11784 11854
f 10512 10516 10734
f 10512 10734 10744
f 2644 2638 2734
f 2644 2734 2740
f 2444 2508 2638
f 2444 2638 2584
f 10772 10844 11072
f 10772 11072 11042
f 11602 11610 11756
f 11602 11756 11784
f 5956 5986 6034
f 5956 6034 6180
f 5956 6180 6078
f 10844 10886 11122
f 10844 11122 11072
f 5338 5238 5456
f 5338 5456 5540
f 10886 10918 11140
f 10886 11140 11122
f 10516 10524 10728
f 10516 10728 10734
f 3664 3414 3940
f 3664 3940 3938
f 3414 3374 3942
f 3414 3942 3940
f 3742 3766 3944
f 3742 3944 3942
f 3374 3338 3680
f 3374 3680 3742
f 10524 10528 10712
f 10524 10712 10728
f 2508 2544 2586
f 2508 2586 2710
f 2508 2710 2734
f 2586 2594 2622
f 2586 2622 2706
f 2586 2706 2710
f 3338 3270 3578
f 3338 3578 3680
f 10918 11022 11070
f 10918 11070 11278
f 10918 11278 11140
f 1690 1754 1946
f 1690 1946 2014
f 1690 2014 1926
f 1690 1926 1854
f 1690 1854 1772
f 3766 3776 3946
f 3766 3946 3944
f 11070 11138 11342
f 11070 11342 11278
f 5238 5072 5316
f 5238 5316 5456
f 3270 3130 3410
f 3270 3410 3578
f 2622 2650 2704
f 2622 2704 2706
f 3130 3110 3380
f 3130 3380 3410
f 1946 1974 2074
f 1946 2074 2014
f 8828 9022 9124
f 8828 9124 9274
f 8828 9274 9016
f 11138 11154 11210
f 11138 11210 11228
f 11138 11228 11422
f 11138 11422 11342
f 11610 11626 11722
f 11610 11722 11756
f 11228 11246 11436
f 11228 11436 11422
f 8124 8010 8154
f 8124 8154 8178
f 8124 8178 8222
f 8124 8222 8252
f 10528 10502 10688
f 10528 10688 10712
f 9124 9126 9176
f 9124 9176 9312
f 9124 9312 9274
f 11246 11244 11492
f 11246 11492 11436
f 2650 2660 2702
f 2650 2702 2704
f 3110 3004 3254
f 3110 3254 3380
f 12454 12086 12206
f 12454 12206 12508
f 12454 12508 12576
f 1974 2038 2140
f 1974 2140 2074
f 11244 11220 11546
f 11244 11546 11492
f 5072 4928 5216
f 5072 5216 5316
f 11220 11206 11562
f 11220 11562 11546
f 6034 6056 6110
f 6034 6110 6168
f 6034 6168 6338
f 6034 6338 6180
f 9176 9222 9366
f 9176 9366 9312
f 9222 9220 9378
f 9222 9378 9366
f 4928 4892 5190
f 4928 5190 5216
f 11626 11634 11714
f 11626 11714 11716
f 11626 11716 11722
f 11206 11152 11634
f 11206 11634 11562
f 3004 2902 3150
f 3004 3150 3254
f 11152 11144 11708
f 11152 11708 11714
f 2902 2894 3152
f 2902 3152 3150
f 11144 11128 11704
f 11144 11704 11708
f 11128 11120 11328
f 11128 11328 11392
f 2660 2668 2696
f 2660 2696 2702
f 9220 9212 9420
f 9220 9420 9378
f 8010 7934 8122
f 8010 8122 8154
f 11392 11482 11698
f 11392 11698 11704
f 2894 2812 3180
f 2894 3180 3152
f 7934 7922 8114
f 7934 8114 8122
f 2812 2784 3202
f 2812 3202 3180
f 4892 4800 5174
f 4892 5174 5190
f 2784 2772 3218
f 2784 3218 3202
f 11120 10994 11196
f 11120 11196 11328
f 9212 9198 9496
f 9212 9496 9420
f 11482 11588 11638
f 11482 11638 11656
f 11482 11656 11696
f 11482 11696 11698
f 2772 2752 3258
f 2772 3258 3218
f 3776 3782 3800
f 3776 3800 3822
f 3776 3822 3830
f 3776 3830 3966
f 3776 3966 3946
f 4800 4776 5170
f 4800 5170 5174
f 2038 2050 2190
f 2038 2190 2298
f 2038 2298 2140
f 2976 2988 3262
f 2976 3262 3258
f 2752 2736 2938
f 2752 2938 2976
f 9342 9350 9504
f 9342 9504 9496
f 9198 9194 9328
f 9198 9328 9342
f 9194 9192 9326
f 9194 9326 9328
f 2736 2698 2906
f 2736 2906 2938
f 10994 10924 11142
f 10994 11142 11196
f 9350 9382 9514
f 9350 9514 9504
f 2698 2692 2892
f 2698 2892 2906
f 2668 2674 2692
f 2668 2692 2696
f 7922 7878 8088
f 7922 8088 8114
f 10924 10892 11132
f 10924 11132 11142
f 2988 3076 3334
f 2988 3334 3262
f 12086 11902 12036
f 12086 12036 12082
f 12086 12082 12198
f 12086 12198 12206
f 3076 3090 3348
f 3076 3348 3334
f 9382 9414 9548
f 9382 9548 9514
f 10892 10826 11086
f 10892 11086 11132
f 9192 9180 9310
f 9192 9310 9326
f 2674 2676 2806
f 2674 2806 2892
f 7878 7854 8092
f 7878 8092 8088
f 2190 2192 2262
f 2190 2262 2390
f 2190 2390 2298
f 4776 4702 4852
f 4776 4852 4954
f 6168 6282 6470
f 6168 6470 6338
f 3090 3214 3498
f 3090 3498 3348
f 10826 10664 11018
f 10826 11018 11058
f 10826 11058 11086
f 10502 10484 10664
f 10502 10664 10688
f 7854 7844 8094
f 7854 8094 8092
f 4954 4980 5152
f 4954 5152 5170
f 3214 3286 3596
f 3214 3596 3498
f 10484 10482 10934
f 10484 10934 10946
f 10484 10946 11018
f 2262 2304 2348
f 2262 2348 2488
f 2262 2488 2390
f 3286 3358 3684
f 3286 3684 3596
f 2676 2680 2806
f 11902 11720 11866
f 11902 11866 11968
f 11902 11968 12036
f 4980 5022 5178
f 4980 5178 5152
f 10482 10478 10790
f 10482 10790 10934
f 7844 7770 8158
f 7844 8158 8094
f 11720 11680 11802
f 11720 11802 11834
f 11720 11834 11866
f 11680 11666 11780
f 11680 11780 11802
f 9180 9138 9254
f 9180 9254 9310
f 3830 3874 3996
f 3830 3996 3966
f 3358 3584 3874
f 3358 3874 3684
f 10478 10476 10738
f 10478 10738 10790
f 4702 4582 4716
f 4702 4716 4852
f 3584 3632 4000
f 3584 4000 3996
f 6282 6128 6590
f 6282 6590 6470
f 11666 11642 11764
f 11666 11764 11780
f 9414 9438 9518
f 9414 9518 9560
f 9414 9560 9622
f 9414 9622 9830
f 9414 9830 9548
f 9622 9642 9848
f 9622 9848 9830
f 2348 2480 2592
f 2348 2592 2488
f 10476 10472 10684
f 10476 10684 10738
f 7950 8026 8194
f 7950 8194 8158
f 2480 2502 2612
f 2480 2612 2592
f 6128 6082 6280
f 6128 6280 6308
f 6308 6364 6618
f 6308 6618 6590
f 4582 4516 4674
f 4582 4674 4716
f 5022 5046 5212
f 5022 5212 5178
f 3632 3808 4008
f 3632 4008 4000
f 2502 2520 2648
f 2502 2648 2612
f 9642 9692 9952
f 9642 9952 9848
f 5046 5050 5218
f 5046 5218 5212
f 9138 9132 9116
f 9138 9116 9230
f 9138 9230 9254
f 10472 10466 10650
f 10472 10650 10684
f 2520 2548 2694
f 2520 2694 2648
f 6082 6036 6212
f 6082 6212 6280
f 7770 7710 7862
f 7770 7862 7950
f 9692 9706 10008
f 9692 10008 9952
f 8026 8082 8258
f 8026 8258 8194
f 6364 6410 6656
f 6364 6656 6618
f 2548 2574 2580
f 2548 2580 2746
f 2548 2746 2694
f 10466 10456 10624
f 10466 10624 10650
f 9706 9712 10058
f 9706 10058 10008
f 4516 4408 4586
f 4516 4586 4674
f 11642 11452 11614
f 11642 11614 11618
f 11642 11618 11726
f 11642 11726 11748
f 11642 11748 11764
f 9116 9102 9100
f 9116 9100 9200
f 9116 9200 9230
f 10456 10446 10610
f 10456 10610 10624
f 8082 8144 8302
f 8082 8302 8258
f 9712 9640 10168
f 9712 10168 10058
f 6410 6504 6712
f 6410 6712 6656
f 11452 11386 11554
f 11452 11554 11614
f 8144 8170 8332
f 8144 8332 8302
f 4408 4344 4532
f 4408 4532 4586
f 7710 7620 7800
f 7710 7800 7842
f 7710 7842 7862
f 9640 9536 10246
f 9640 10246 10168
f 6504 6530 6724
f 6504 6724 6712
f 11386 11344 11502
f 11386 11502 11554
f 4344 4316 4588
f 4344 4588 4532
f 9536 9510 10260
f 9536 10260 10246
f 6036 5922 6084
f 6036 6084 6212
f 9510 9440 9796
f 9510 9796 9916
f 11344 11298 11454
f 11344 11454 11502
f 9916 10024 10314
f 9916 10314 10260
f 5922 5910 6068
f 5922 6068 6084
f 2580 2620 2670
f 2580 2670 2726
f 2580 2726 2754
f 2580 2754 2914
f 2580 2914 2746
f 9100 9068 9196
f 9100 9196 9200
f 8170 8212 8378
f 8170 8378 8332
f 9440 9360 9710
f 9440 9710 9796
f 7620 7576 7758
f 7620 7758 7800
f 3808 3856 4024
f 3808 4024 4008
f 11298 11276 11434
f 11298 11434 11454
f 5050 5098 5292
f 5050 5292 5218
f 9068 9060 9226
f 9068 9226 9196
f 9360 9288 9666
f 9360 9666 9710
f 9060 9056 9288
f 9060 9288 9226
f 7576 7566 7750
f 7576 7750 7758
f 10446 10374 10546
f 10446 10546 10572
f 10446 10572 10608
f 10446 10608 10610
f 10024 10100 10374
f 10024 10374 10314
f 4316 4236 4756
f 4316 4756 4588
f 4396 4416 4766
f 4396 4766 4756
f 9056 9050 9644
f 9056 9644 9646
f 9056 9646 9666
f 5098 5102 5310
f 5098 5310 5292
f 10100 10186 10532
f 10100 10532 10546
f 4416 4544 4874
f 4416 4874 4766
f 2754 2838 3034
f 2754 3034 2914
f 5102 5108 5330
f 5102 5330 5310
f 4544 4630 4988
f 4544 4988 4874
f 6530 6626 6810
f 6530 6810 6724
f 5108 5106 5352
f 5108 5352 5330
f 4630 4684 5106
f 4630 5106 4988
f 11276 11174 11134
f 11276 11134 11100
f 11276 11100 11268
f 11276 11268 11434
f 4236 4064 4264
f 4236 4264 4396
f 3856 3860 3896
f 3856 3896 4064
f 3856 4064 4024
f 8212 8296 8456
f 8212 8456 8436
f 8212 8436 8394
f 8212 8394 8378
f 4684 4750 5364
f 4684 5364 5352
f 9050 9006 9266
f 9050 9266 9372
f 9050 9372 9532
f 9050 9532 9644
f 2838 2908 2966
f 2838 2966 3164
f 2838 3164 3034
f 7566 7490 7692
f 7566 7692 7750
f 4750 4840 5392
f 4750 5392 5364
f 7490 7456 7680
f 7490 7680 7692
f 6626 6670 6846
f 6626 6846 6810
f 9006 8994 9182
f 9006 9182 9266
f 8296 8306 8514
f 8296 8514 8456
f 11100 10982 11170
f 11100 11170 11256
f 11100 11256 11268
f 10186 10452 10496
f 10186 10496 10532
f 8306 8292 8536
f 8306 8536 8514
f 6670 6688 6858
f 6670 6858 6846
f 5910 5772 5902
f 5910 5902 6068
f 4840 5084 5414
f 4840 5414 5392
f 6688 6696 6870
f 6688 6870 6858
f 10982 10876 11114
f 10982 11114 11156
f 10982 11156 11170
f 8292 8164 8556
f 8292 8556 8536
f 8164 8136 8558
f 8164 8558 8556
f 3896 3924 3968
f 3896 3968 4002
f 3896 4002 4066
f 3896 4066 4152
f 3896 4152 4252
f 3896 4252 4264
f 8136 8068 8576
f 8136 8576 8558
f 5084 5196 5422
f 5084 5422 5414
f 5772 5746 6038
f 5772 6038 5902
f 8068 7938 8584
f 8068 8584 8576
f 5196 5244 5428
f 5196 5428 5422
f 5746 5724 6106
f 5746 6106 6038
f 5724 5722 6114
f 5724 6114 6106
f 5244 5248 5430
f 5244 5430 5428
f 7938 7626 8602
f 7938 8602 8584
f 7456 7370 7626
f 7456 7626 7680
f 10876 10780 11056
f 10876 11056 11114
f 5722 5712 6228
f 5722 6228 6114
f 6696 6644 6904
f 6696 6904 6870
f 6644 6576 6914
f 6644 6914 6904
f 6576 6418 6916
f 6576 6916 6914
f 5712 5702 6418
f 5712 6418 6228
f 2966 3052 3244
f 2966 3244 3548
f 2966 3548 3164
f 8994 8946 9118
f 8994 9118 9182
f 7370 7344 8642
f 7370 8642 8602
f 5248 5260 5448
f 5248 5448 5430
f 3244 3246 3372
f 3244 3372 3722
f 3244 3722 3548
f 5702 5656 6930
f 5702 6930 6916
f 7344 7302 8734
f 7344 8734 8642
f 7302 7300 7884
f 7302 7884 8150
f 8150 8260 8736
f 8150 8736 8734
f 5656 5652 5912
f 5656 5912 6040
f 8946 8906 9086
f 8946 9086 9118
f 6040 6330 6932
f 6040 6932 6930
f 5260 5282 5466
f 5260 5466 5448
f 5652 5644 5862
f 5652 5862 5912
f 8260 8504 8770
f 8260 8770 8736
f 7300 7280 7712
f 7300 7712 7884
f 10780 10424 10846
f 10780 10846 11052
f 10780 11052 11056
f 6330 6486 6940
f 6330 6940 6932
f 8906 8892 9076
f 8906 9076 9086
f 5644 5636 5822
f 5644 5822 5862
f 6486 6632 6944
f 6486 6944 6940
f 3372 3540 3892
f 3372 3892 3722
f 8504 8586 8846
f 8504 8846 8770
f 8892 8858 9046
f 8892 9046 9076
f 8586 8590 8858
f 8586 8858 8846
f 5282 5312 5480
f 5282 5480 5466
f 6632 6720 6960
f 6632 6960 6944
f 10424 10248 10702
f 10424 10702 10806
f 10424 10806 10846
f 5636 5618 5770
f 5636 5770 5822
f 5312 5322 5334
f 5312 5334 5536
f 5312 5536 5480
f 7280 7234 7492
f 7280 7492 7712
f 5618 5558 5710
f 5618 5710 5770
f 5334 5350 5558
f 5334 5558 5536
f 6720 6828 6990
f 6720 6990 6960
f 7234 7218 7436
f 7234 7436 7492
f 10248 10050 10520
f 10248 10520 10668
f 10248 10668 10702
f 3540 3758 3792
f 3540 3792 4146
f 3540 4146 3892
f 5350 5386 5670
f 5350 5670 5710
f 7218 7202 7406
f 7218 7406 7436
f 3792 3926 4290
f 3792 4290 4146
f 6828 6910 7048
f 6828 7048 6990
f 7202 7158 7332
f 7202 7332 7406
f 7158 7144 7322
f 7158 7322 7332
f 8590 8658 8764
f 8590 8764 8814
f 8590 8814 8872
f 8590 8872 8970
f 8590 8970 9026
f 8590 9026 9046
f 3926 4020 4076
f 3926 4076 4470
f 3926 4470 4290
f 10050 9588 10080
f 10050 10080 10460
f 10050 10460 10520
f 7144 7104 7296
f 7144 7296 7322
f 6910 6946 7104
f 6910 7104 7048
f 5386 5418 5450
f 5386 5450 5468
f 5386 5468 5584
f 5386 5584 5624
f 5386 5624 5670
f 6946 6956 7294
f 6946 7294 7296
f 9588 9394 9800
f 9588 9800 10014
f 9588 10014 10080
f 6956 6992 7256
f 6956 7256 7294
f 4076 4228 4524
f 4076 4524 4858
f 4076 4858 4470
f 9394 9184 9550
f 9394 9550 9748
f 9394 9748 9800
f 6992 7072 7108
f 6992 7108 7136
f 6992 7136 7194
f 6992 7194 7228
f 6992 7228 7256
f 4524 4628 4856
f 4524 4856 5138
f 4524 5138 5590
f 4524 5590 4858
f 9184 8524 8980
f 9184 8980 9498
f 9184 9498 9550
f 5138 5148 8524
f 5138 8524 5590
f 5148 5180 5906
f 5148 5906 6366
f 5148 6366 6984
f 5148 6984 8180
f 5148 8180 8492
f 5148 8492 8950
f 5148 8950 8980
f 5516 5790 5789
f 5516 5789 5515
f 5200 5516 5515
f 5200 5515 5199
f 4720 5200 5199
f 4720 5199 4719
f 4542 4720 4719
f 4542 4719 4541
f 4352 4542 4541
f 4352 4541 4351
f 3740 4352 4351
f 3740 4351 3739
f 3354 3740 3739
f 3354 3739 3353
f 3070 3354 3353
f 3070 3353 3069
f 2640 3070 3069
f 2640 3069 2639
f 2464 2640 2639
f 2464 2639 2463
f 2310 2464 2463
f 2310 2463 2309
f 2004 2310 2309
f 2004 2309 2003
f 1880 2004 2003
f 1880 2003 1879
f 1724 1880 1879
f 1724 1879 1723
f 1460 1724 1723
f 1460 1723 1459
f 1332 1460 1459
f 1332 1459 1331
f 1204 1332 1331
f 1204 1331 1203
f 972 1204 1203
f 972 1203 971
f 874 972 971
f 874 971 873
f 804 874 873
f 804 873 803
f 666 804 803
f 666 803 665
f 594 666 665
f 594 665 593
f 552 594 593
f 552 593 551
f 460 552 551
f 460 551 459
f 418 460 459
f 418 459 417
f 370 418 417
f 370 417 369
f 324 370 369
f 324 369 323
f 292 324 323
f 292 323 291
f 264 292 291
f 264 291 263
f 222 264 263
f 222 263 221
f 208 222 221
f 208 221 207
f 196 208 207
f 196 207 195
f 186 196 195
f 186 195 185
f 180 186 185
f 180 185 179
f 176 180 179
f 176 179 175
f 184 176 175
f 184 175 183
f 190 184 183
f 190 183 189
f 192 190 189
f 192 189 191
f 214 192 191
f 214 191 213
f 224 214 213
f 224 213 223
f 242 224 223
f 242 223 241
f 282 242 241
f 282 241 281
f 316 282 281
f 316 281 315
f 338 316 315
f 338 315 337
f 436 338 337
f 436 337 435
f 494 436 435
f 494 435 493
f 582 494 493
f 582 493 581
f 812 582 581
f 812 581 811
f 920 812 811
f 920 811 919
f 1026 920 919
f 1026 919 1025
f 1220 1026 1025
f 1220 1025 1219
f 1308 1220 1219
f 1308 1219 1307
f 1358 1308 1307
f 1358 1307 1357
f 1528 1358 1357
f 1528 1357 1527
f 1638 1528 1527
f 1638 1527 1637
f 1754 1638 1637
f 1754 1637 1753
f 2050 1754 1753
f 2050 1753 2049
f 2192 2050 2049
f 2192 2049 2191
f 2304 2192 2191
f 2304 2191 2303
f 2502 2304 2303
f 2502 2303 2501
f 2548 2502 2501
f 2548 2501 2547
f 2574 2548 2547
f 2574 2547 2573
f 2620 2574 2573
f 2620 2573 2619
f 2670 2620 2619
f 2670 2619 2669
f 2726 2670 2669
f 2726 2669 2725
f 2908 2726 2725
f 2908 2725 2907
f 3052 2908 2907
f 3052 2907 3051
f 3246 3052 3051
f 3246 3051 3245
f 3758 3246 3245
f 3758 3245 3757
f 4020 3758 3757
f 4020 3757 4019
f 4228 4020 4019
f 4228 4019 4227
f 4628 4228 4227
f 4628 4227 4627
f 4856 4628 4627
f 4856 4627 4855
f 5180 4856 4855
f 5180 4855 5179
f 5906 5180 5179
f 5906 5179 5905
f 6366 5906 5905
f 6366 5905 6365
f 6984 6366 6365
f 6984 6365 6983
f 8180 6984 6983
f 8180 6983 8179
f 8492 8180 8179
f 8492 8179 8491
f 8950 8492 8491
f 8950 8491 8949
f 9498 8950 8949
f 9498 8949 9497
f 9748 9498 9497
f 9748 9497 9747
f 10014 9748 9747
f 10014 9747 10013
f 10460 10014 10013
f 10460 10013 10459
f 10668 10460 10459
f 10668 10459 10667
f 10806 10668 10667
f 10806 10667 10805
f 11052 10806 10805
f 11052 10805 11051
f 11156 11052 11051
f 11156 11051 11155
f 11256 11156 11155
f 11256 11155 11255
f 11454 11256 11255
f 11454 11255 11453
f 11554 11454 11453
f 11554 11453 11553
f 11618 11554 11553
f 11618 11553 11617
f 11726 11618 11617
f 11726 11617 11725
f 11748 11726 11725
f 11748 11725 11747
f 11764 11748 11747
f 11764 11747 11763
f 11780 11764 11763
f 11780 11763 11779
f 11802 11780 11779
f 11802 11779 11801
f 11834 11802 11801
f 11834 11801 11833
f 11968 11834 11833
f 11968 11833 11967
f 12082 11968 11967
f 12082 11967 12081
f 12198 12082 12081
f 12198 12081 12197
f 12508 12198 12197
f 12508 12197 12507
f 12632 12508 12507
f 12632 12507 12631
f 12742 12632 12631
f 12742 12631 12741
f 12976 12742 12741
f 12976 12741 12975
f 13092 12976 12975
f 13092 12975 13091
f 13178 13092 13091
f 13178 13091 13177
f 13378 13178 13177
f 13378 13177 13377
f 13490 13378 13377
f 13490 13377 13489
f 13582 13490 13489
f 13582 13489 13581
f 13690 13582 13581
f 13690 13581 13689
f 13728 13690 13689
f 13728 13689 13727
f 13750 13728 13727
f 13750 13727 13749
f 13776 13750 13749
f 13776 13749 13775
f 13788 13776 13775
f 13788 13775 13787
f 13794 13788 13787
f 13794 13787 13793
f 13802 13794 13793
f 13802 13793 13801
f 13806 13802 13801
f 13806 13801 13805
f 13808 13806 13805
f 13808 13805 13807
f 13814 13808 13807
f 13814 13807 13813
f 13804 13814 13813
f 13804 13813 13803
f 13798 13804 13803
f 13798 13803 13797
f 13778 13798 13797
f 13778 13797 13777
f 13766 13778 13777
f 13766 13777 13765
f 13752 13766 13765
f 13752 13765 13751
f 13676 13752 13751
f 13676 13751 13675
f 13618 13676 13675
f 13618 13675 13617
f 13556 13618 13617
f 13556 13617 13555
f 13310 13556 13555
f 13310 13555 13309
f 13192 13310 13309
f 13192 13309 13191
f 13098 13192 13191
f 13098 13191 13097
f 12834 13098 13097
f 12834 13097 12833
f 12674 12834 12833
f 12674 12833 12673
f 12560 12674 12673
f 12560 12673 12559
f 12256 12560 12559
f 12256 12559 12255
f 12156 12256 12255
f 12156 12255 12155
f 12108 12156 12155
f 12108 12155 12107
f 11996 12108 12107
f 11996 12107 11995
f 11908 11996 11995
f 11908 11995 11907
f 11794 11908 11907
f 11794 11907 11793
f 11476 11794 11793
f 11476 11793 11475
f 11272 11476 11475
f 11272 11475 11271
f 11068 11272 11271
f 11068 11271 11067
f 10416 11068 11067
f 10416 11067 10415
f 10042 10416 10415
f 10042 10415 10041
f 9742 10042 10041
f 9742 10041 9741
f 9300 9742 9741
f 9300 9741 9299
f 9008 9300 9299
f 9008 9299 9007
f 8678 9008 9007
f 8678 9007 8677
f 8232 8678 8677
f 8232 8677 8231
f 8046 8232 8231
f 8046 8231 8045
f 7908 8046 8045
f 7908 8045 7907
f 7420 7908 7907
f 7420 7907 7419
f 7006 7420 7419
f 7006 7419 7005
f 6682 7006 7005
f 6682 7005 6681
f 5790 6682 6681
f 5790 6681 5789
f 7604 6988 6987
f 7604 6987 7603
f 6988 6798 6797
f 6988 6797 6987
f 6798 6390 6389
f 6798 6389 6797
f 6390 5760 5759
f 6390 5759 6389
f 5760 5484 5483
f 5760 5483 5759
f 5484 5110 5109
f 5484 5109 5483
f 5110 4644 4643
f 5110 4643 5109
f 4644 4500 4499
f 4644 4499 4643
f 4500 4312 4311
f 4500 4311 4499
f 4312 3916 3915
f 4312 3915 4311
f 3916 3718 3717
f 3916 3717 3915
f 3718 3490 3489
f 3718 3489 3717
f 3490 3094 3093
f 3490 3093 3489
f 3094 2956 2955
f 3094 2955 3093
f 2956 2814 2813
f 2956 2813 2955
f 2814 2578 2577
f 2814 2577 2813
f 2578 2478 2477
f 2578 2477 2577
f 2478 2344 2343
f 2478 2343 2477
f 2344 2104 2103
f 2344 2103 2343
f 2104 1986 1985
f 2104 1985 2103
f 1986 1878 1877
f 1986 1877 1985
f 1878 1620 1619
f 1878 1619 1877
f 1620 1504 1503
f 1620 1503 1619
f 1504 1382 1381
f 1504 1381 1503
f 1382 1172 1171
f 1382 1171 1381
f 1172 1092 1091
f 1172 1091 1171
f 1092 1020 1019
f 1092 1019 1091
f 1020 922 921
f 1020 921 1019
f 922 888 887
f 922 887 921
f 888 838 837
f 888 837 887
f 838 716 715
f 838 715 837
f 716 650 649
f 716 649 715
f 650 588 587
f 650 587 649
f 588 544 543
f 588 543 587
f 544 536 535
f 544 535 543
f 536 514 513
f 536 513 535
f 514 470 469
f 514 469 513
f 470 450 449
f 470 449 469
f 450 424 423
f 450 423 449
f 424 376 375
f 424 375 423
f 376 366 365
f 376 365 375
f 366 350 349
f 366 349 365
f 350 310 309
f 350 309 349
f 310 284 283
f 310 283 309
f 284 260 259
f 284 259 283
f 260 228 227
f 260 227 259
f 228 218 217
f 228 217 227
f 218 210 209
f 218 209 217
f 210 202 201
f 210 201 209
f 202 198 197
f 202 197 201
f 198 204 203
f 198 203 197
f 204 220 219
f 204 219 203
f 220 238 237
f 220 237 219
f 238 256 255
f 238 255 237
f 256 308 307
f 256 307 255
f 308 332 331
f 308 331 307
f 332 362 361
f 332 361 331
f 362 468 467
f 362 467 361
f 468 526 525
f 468 525 467
f 526 596 595
f 526 595 525
f 596 738 737
f 596 737 595
f 738 788 787
f 738 787 737
f 788 842 841
f 788 841 787
f 842 930 929
f 842 929 841
f 930 976 975
f 930 975 929
f 976 1028 1027
f 976 1027 975
f 1028 1104 1103
f 1028 1103 1027
f 1104 1164 1163
f 1104 1163 1103
f 1164 1252 1251
f 1164 1251 1163
f 1252 1424 1423
f 1252 1423 1251
f 1424 1516 1515
f 1424 1515 1423
f 1516 1616 1615
f 1516 1615 1515
f 1616 1772 1771
f 1616 1771 1615
f 1772 1854 1853
f 1772 1853 1771
f 1854 1926 1925
f 1854 1925 1853
f 1926 2014 2013
f 1926 2013 1925
f 2014 2074 2073
f 2014 2073 2013
f 2074 2140 2139
f 2074 2139 2073
f 2140 2298 2297
f 2140 2297 2139
f 2298 2390 2389
f 2298 2389 2297
f 2390 2488 2487
f 2390 2487 2389
f 2488 2592 2591
f 2488 2591 2487
f 2592 2648 2647
f 2592 2647 2591
f 2648 2746 2745
f 2648 2745 2647
f 2746 2914 2913
f 2746 2913 2745
f 2914 3034 3033
f 2914 3033 2913
f 3034 3164 3163
f 3034 3163 3033
f 3164 3548 3547
f 3164 3547 3163
f 3548 3722 3721
f 3548 3721 3547
f 3722 3892 3891
f 3722 3891 3721
f 3892 4146 4145
f 3892 4145 3891
f 4146 4290 4289
f 4146 4289 4145
f 4290 4470 4469
f 4290 4469 4289
f 4470 4858 4857
f 4470 4857 4469
f 4858 5590 5589
f 4858 5589 4857
f 5590 8524 8523
f 5590 8523 5589
f 8524 9184 9183
f 8524 9183 8523
f 9184 9394 9393
f 9184 9393 9183
f 9394 9588 9587
f 9394 9587 9393
f 9588 10050 10049
f 9588 10049 9587
f 10050 10248 10247
f 10050 10247 10049
f 10248 10424 10423
f 10248 10423 10247
f 10424 10780 10779
f 10424 10779 10423
f 10780 10876 10875
f 10780 10875 10779
f 10876 10982 10981
f 10876 10981 10875
f 10982 11100 11099
f 10982 11099 10981
f 11100 11134 11133
f 11100 11133 11099
f 11134 11174 11173
f 11134 11173 11133
f 11174 11276 11275
f 11174 11275 11173
f 11276 11344 11343
f 11276 11343 11275
f 11344 11452 11451
f 11344 11451 11343
f 11452 11720 11719
f 11452 11719 11451
f 11720 11902 11901
f 11720 11901 11719
f 11902 12086 12085
f 11902 12085 11901
f 12086 12454 12453
f 12086 12453 12085
f 12454 12610 12609
f 12454 12609 12453
f 12610 12770 12769
f 12610 12769 12609
f 12770 13042 13041
f 12770 13041 12769
f 13042 13128 13127
f 13042 13127 13041
f 13128 13206 13205
f 13128 13205 13127
f 13206 13328 13327
f 13206 13327 13205
f 13328 13352 13351
f 13328 13351 13327
f 13352 13406 13405
f 13352 13405 13351
f 13406 13494 13493
f 13406 13493 13405
f 13494 13550 13549
f 13494 13549 13493
f 13550 13592 13591
f 13550 13591 13549
f 13592 13666 13665
f 13592 13665 13591
f 13666 13678 13677
f 13666 13677 13665
f 13678 13714 13713
f 13678 13713 13677
f 13714 13754 13753
f 13714 13753 13713
f 13754 13790 13789
f 13754 13789 13753
f 13789 13790 13792
f 13789 13792 13791
f 13792 13786 13785
f 13792 13785 13791
f 13786 13784 13783
f 13786 13783 13785
f 13784 13764 13763
f 13784 13763 13783
f 13764 13746 13745
f 13764 13745 13763
f 13746 13726 13725
f 13746 13725 13745
f 13726 13672 13671
f 13726 13671 13725
f 13672 13628 13627
f 13672 13627 13671
f 13628 13578 13577
f 13628 13577 13627
f 13578 13420 13419
f 13578 13419 13577
f 13420 13318 13317
f 13420 13317 13419
f 13318 13214 13213
f 13318 13213 13317
f 13214 13020 13019
f 13214 13019 13213
f 13020 12906 12905
f 13020 12905 13019
f 12906 12772 12771
f 12906 12771 12905
f 12772 12502 12501
f 12772 12501 12771
f 12502 12318 12317
f 12502 12317 12501
f 12318 12162 12161
f 12318 12161 12317
f 12162 11884 11883
f 12162 11883 12161
f 11884 11746 11745
f 11884 11745 11883
f 11746 11652 11651
f 11746 11651 11745
f 11652 11558 11557
f 11652 11557 11651
f 11558 11548 11547
f 11558 11547 11557
f 11548 11532 11531
f 11548 11531 11547
f 11532 11458 11457
f 11532 11457 11531
f 11458 11398 11397
f 11458 11397 11457
f 11398 11306 11305
f 11398 11305 11397
f 11306 11054 11053
f 11306 11053 11305
f 11054 10852 10851
f 11054 10851 11053
f 10852 10556 10555
f 10852 10555 10851
f 10556 9974 9973
f 10556 9973 10555
f 9974 9728 9727
f 9974 9727 9973
f 9728 9512 9511
f 9728 9511 9727
f 9512 9190 9189
f 9512 9189 9511
f 9190 8992 8991
f 9190 8991 9189
f 8992 8706 8705
f 8992 8705 8991
f 8706 8216 8215
f 8706 8215 8705
f 8216 7944 7943
f 8216 7943 8215
f 7944 7604 7603
f 7944 7603 7943
f 6642 6704 6703
f 6642 6703 6641
f 6584 6642 6641
f 6584 6641 6583
f 6392 6584 6583
f 6392 6583 6391
f 6332 6392 6391
f 6332 6391 6331
f 6246 6332 6331
f 6246 6331 6245
f 5998 6246 6245
f 5998 6245 5997
f 5886 5998 5997
f 5886 5997 5885
f 5792 5886 5885
f 5792 5885 5791
f 5542 5792 5791
f 5542 5791 5541
f 5362 5542 5541
f 5362 5541 5361
f 5194 5362 5361
f 5194 5361 5193
f 5132 5194 5193
f 5132 5193 5131
f 5092 5132 5131
f 5092 5131 5091
f 5028 5092 5091
f 5028 5091 5027
f 5002 5028 5027
f 5002 5027 5001
f 4964 5002 5001
f 4964 5001 4963
f 4914 4964 4963
f 4914 4963 4913
f 4888 4914 4913
f 4888 4913 4887
f 4872 4888 4887
f 4872 4887 4871
f 4742 4872 4871
f 4742 4871 4741
f 4642 4742 4741
f 4642 4741 4641
f 4514 4642 4641
f 4514 4641 4513
f 4116 4514 4513
f 4116 4513 4115
f 3914 4116 4115
f 3914 4115 3913
f 3746 3914 3913
f 3746 3913 3745
f 3692 3746 3745
f 3692 3745 3691
f 3666 3692 3691
f 3666 3691 3665
f 3600 3666 3665
f 3600 3665 3599
f 3576 3600 3599
f 3576 3599 3575
f 3532 3576 3575
f 3532 3575 3531
f 3406 3532 3531
f 3406 3531 3405
f 3278 3406 3405
f 3278 3405 3277
f 3072 3278 3277
f 3072 3277 3071
f 2788 3072 3071
f 2788 3071 2787
f 2634 2788 2787
f 2634 2787 2633
f 2530 2634 2633
f 2530 2633 2529
f 2504 2530 2529
f 2504 2529 2503
f 2492 2504 2503
f 2492 2503 2491
f 2466 2492 2491
f 2466 2491 2465
f 2460 2466 2465
f 2460 2465 2459
f 2448 2460 2459
f 2448 2459 2447
f 2462 2448 2447
f 2462 2447 2461
f 2236 2462 2461
f 2236 2461 2235
f 2022 2236 2235
f 2022 2235 2021
f 1846 2022 2021
f 1846 2021 1845
f 1718 1846 1845
f 1718 1845 1717
f 1676 1718 1717
f 1676 1717 1675
f 1660 1676 1675
f 1660 1675 1659
f 1674 1660 1659
f 1674 1659 1673
f 1692 1674 1673
f 1692 1673 1691
f 1706 1692 1691
f 1706 1691 1705
f 1744 1706 1705
f 1744 1705 1743
f 1610 1744 1743
f 1610 1743 1609
f 1498 1610 1609
f 1498 1609 1497
f 1468 1498 1497
f 1468 1497 1467
f 1456 1468 1467
f 1456 1467 1455
f 1404 1456 1455
f 1404 1455 1403
f 1346 1404 1403
f 1346 1403 1345
f 1278 1346 1345
f 1278 1345 1277
f 1106 1278 1277
f 1106 1277 1105
f 1068 1106 1105
f 1068 1105 1067
f 1042 1068 1067
f 1042 1067 1041
f 1078 1042 1041
f 1078 1041 1077
f 1090 1078 1077
f 1090 1077 1089
f 1112 1090 1089
f 1112 1089 1111
f 1162 1112 1111
f 1162 1111 1161
f 1174 1162 1161
f 1174 1161 1173
f 1182 1174 1173
f 1182 1173 1181
f 1140 1182 1181
f 1140 1181 1139
f 1094 1140 1139
f 1094 1139 1093
f 1036 1094 1093
f 1036 1093 1035
f 908 1036 1035
f 908 1035 907
f 710 908 907
f 710 907 709
f 556 710 709
f 556 709 555
f 504 556 555
f 504 555 503
f 492 504 503
f 492 503 491
f 538 492 491
f 538 491 537
f 564 538 537
f 564 537 563
f 592 564 563
f 592 563 591
f 668 592 591
f 668 591 667
f 704 668 667
f 704 667 703
f 728 704 703
f 728 703 727
f 736 728 727
f 736 727 735
f 732 736 735
f 732 735 731
f 708 732 731
f 708 731 707
f 652 708 707
f 652 707 651
f 612 652 651
f 612 651 611
f 584 612 611
f 584 611 583
f 520 584 583
f 520 583 519
f 474 520 519
f 474 519 473
f 456 474 473
f 456 473 455
f 368 456 455
f 368 455 367
f 352 368 367
f 352 367 351
f 328 352 351
f 328 351 327
f 294 328 327
f 294 327 293
f 276 294 293
f 276 293 275
f 270 276 275
f 270 275 269
f 298 270 269
f 298 269 297
f 318 298 297
f 318 297 317
f 346 318 317
f 346 317 345
f 440 346 345
f 440 345 439
f 414 440 439
f 414 439 413
f 386 414 413
f 386 413 385
f 296 386 385
f 296 385 295
f 246 296 295
f 246 295 245
f 234 246 245
f 234 245 233
f 232 234 233
f 232 233 231
f 252 232 231
f 252 231 251
f 266 252 251
f 266 251 265
f 300 266 265
f 300 265 299
f 378 300 299
f 378 299 377
f 438 378 377
f 438 377 437
f 472 438 437
f 472 437 471
f 360 472 471
f 360 471 359
f 304 360 359
f 304 359 303
f 288 304 303
f 288 303 287
f 272 288 287
f 272 287 271
f 314 272 271
f 314 271 313
f 344 314 313
f 344 313 343
f 382 344 343
f 382 343 381
f 566 382 381
f 566 381 565
f 696 566 565
f 696 565 695
f 776 696 695
f 776 695 775
f 808 776 775
f 808 775 807
f 822 808 807
f 822 807 821
f 780 822 821
f 780 821 779
f 744 780 779
f 744 779 743
f 702 744 743
f 702 743 701
f 614 702 701
f 614 701 613
f 598 614 613
f 598 613 597
f 626 598 597
f 626 597 625
f 724 626 625
f 724 625 723
f 790 724 723
f 790 723 789
f 854 790 789
f 854 789 853
f 1014 854 853
f 1014 853 1013
f 1062 1014 1013
f 1062 1013 1061
f 1122 1062 1061
f 1122 1061 1121
f 1218 1122 1121
f 1218 1121 1217
f 1268 1218 1217
f 1268 1217 1267
f 1294 1268 1267
f 1294 1267 1293
f 1334 1294 1293
f 1334 1293 1333
f 1318 1334 1333
f 1318 1333 1317
f 1290 1318 1317
f 1290 1317 1289
f 1250 1290 1289
f 1250 1289 1249
f 1234 1250 1249
f 1234 1249 1233
f 1224 1234 1233
f 1224 1233 1223
f 1284 1224 1223
f 1284 1223 1283
f 1338 1284 1283
f 1338 1283 1337
f 1392 1338 1337
f 1392 1337 1391
f 1542 1392 1391
f 1542 1391 1541
f 1602 1542 1541
f 1602 1541 1601
f 1650 1602 1601
f 1650 1601 1649
f 1746 1650 1649
f 1746 1649 1745
f 1798 1746 1745
f 1798 1745 1797
f 1824 1798 1797
f 1824 1797 1823
f 1918 1824 1823
f 1918 1823 1917
f 1886 1918 1917
f 1886 1917 1885
f 1826 1886 1885
f 1826 1885 1825
f 1816 1826 1825
f 1816 1825 1815
f 1814 1816 1815
f 1814 1815 1813
f 1890 1814 1813
f 1890 1813 1889
f 1924 1890 1889
f 1924 1889 1923
f 1958 1924 1923
f 1958 1923 1957
f 2076 1958 1957
f 2076 1957 2075
f 2114 2076 2075
f 2114 2075 2113
f 2148 2114 2113
f 2148 2113 2147
f 2230 2148 2147
f 2230 2147 2229
f 2302 2230 2229
f 2302 2229 2301
f 2394 2302 2301
f 2394 2301 2393
f 2544 2394 2393
f 2544 2393 2543
f 2594 2544 2543
f 2594 2543 2593
f 2622 2594 2593
f 2622 2593 2621
f 2650 2622 2621
f 2650 2621 2649
f 2660 2650 2649
f 2660 2649 2659
f 2668 2660 2659
f 2668 2659 2667
f 2680 2668 2667
f 2680 2667 2679
f 2806 2680 2679
f 2806 2679 2805
f 2906 2806 2805
f 2906 2805 2905
f 2938 2906 2905
f 2938 2905 2937
f 2976 2938 2937
f 2976 2937 2975
f 3090 2976 2975
f 3090 2975 3089
f 3214 3090 3089
f 3214 3089 3213
f 3358 3214 3213
f 3358 3213 3357
f 3808 3358 3357
f 3808 3357 3807
f 3860 3808 3807
f 3860 3807 3859
f 3924 3860 3859
f 3924 3859 3923
f 3968 3924 3923
f 3968 3923 3967
f 4002 3968 3967
f 4002 3967 4001
f 4066 4002 4001
f 4066 4001 4065
f 4152 4066 4065
f 4152 4065 4151
f 4252 4152 4151
f 4252 4151 4251
f 4396 4252 4251
f 4396 4251 4395
f 4750 4396 4395
f 4750 4395 4749
f 5084 4750 4749
f 5084 4749 5083
f 5196 5084 5083
f 5196 5083 5195
f 5244 5196 5195
f 5244 5195 5243
f 5260 5244 5243
f 5260 5243 5259
f 5282 5260 5259
f 5282 5259 5281
f 5322 5282 5281
f 5322 5281 5321
f 5418 5322 5321
f 5418 5321 5417
f 5450 5418 5417
f 5450 5417 5449
f 5468 5450 5449
f 5468 5449 5467
f 5584 5468 5467
f 5584 5467 5583
f 5624 5584 5583
f 5624 5583 5623
f 5670 5624 5623
f 5670 5623 5669
f 5822 5670 5669
f 5822 5669 5821
f 5912 5822 5821
f 5912 5821 5911
f 6040 5912 5911
f 6040 5911 6039
f 6330 6040 6039
f 6330 6039 6329
f 6486 6330 6329
f 6486 6329 6485
f 6632 6486 6485
f 6632 6485 6631
f 6828 6632 6631
f 6828 6631 6827
f 6910 6828 6827
f 6910 6827 6909
f 6956 6910 6909
f 6956 6909 6955
f 7072 6956 6955
f 7072 6955 7071
f 7108 7072 7071
f 7108 7071 7107
f 7136 7108 7107
f 7136 7107 7135
f 7194 7136 7135
f 7194 7135 7193
f 7228 7194 7193
f 7228 7193 7227
f 7256 7228 7227
f 7256 7227 7255
f 7332 7256 7255
f 7332 7255 7331
f 7406 7332 7331
f 7406 7331 7405
f 7492 7406 7405
f 7492 7405 7491
f 7712 7492 7491
f 7712 7491 7711
f 7884 7712 7711
f 7884 7711 7883
f 8150 7884 7883
f 8150 7883 8149
f 8504 8150 8149
f 8504 8149 8503
f 8586 8504 8503
f 8586 8503 8585
f 8658 8586 8585
f 8658 8585 8657
f 8764 8658 8657
f 8764 8657 8763
f 8814 8764 8763
f 8814 8763 8813
f 8872 8814 8813
f 8872 8813 8871
f 8970 8872 8871
f 8970 8871 8969
f 9026 8970 8969
f 9026 8969 9025
f 9086 9026 9025
f 9086 9025 9085
f 9182 9086 9085
f 9182 9085 9181
f 9266 9182 9181
f 9266 9181 9265
f 9372 9266 9265
f 9372 9265 9371
f 9532 9372 9371
f 9532 9371 9531
f 9646 9532 9531
f 9646 9531 9645
f 9710 9646 9645
f 9710 9645 9709
f 9916 9710 9709
f 9916 9709 9915
f 10024 9916 9915
f 10024 9915 10023
f 10186 10024 10023
f 10186 10023 10185
f 10452 10186 10185
f 10452 10185 10451
f 10496 10452 10451
f 10496 10451 10495
f 10572 10496 10495
f 10572 10495 10571
f 10608 10572 10571
f 10608 10571 10607
f 10624 10608 10607
f 10624 10607 10623
f 10684 10624 10623
f 10684 10623 10683
f 10738 10684 10683
f 10738 10683 10737
f 10790 10738 10737
f 10790 10737 10789
f 10946 10790 10789
f 10946 10789 10945
f 11058 10946 10945
f 11058 10945 11057
f 11142 11058 11057
f 11142 11057 11141
f 11328 11142 11141
f 11328 11141 11327
f 11392 11328 11327
f 11392 11327 11391
f 11482 11392 11391
f 11482 11391 11481
f 11588 11482 11481
f 11588 11481 11587
f 11638 11588 11587
f 11638 11587 11637
f 11656 11638 11637
f 11656 11637 11655
f 11696 11656 11655
f 11696 11655 11695
f 11716 11696 11695
f 11716 11695 11715
f 11722 11716 11715
f 11722 11715 11721
f 11756 11722 11721
f 11756 11721 11755
f 11854 11756 11755
f 11854 11755 11853
f 11970 11854 11853
f 11970 11853 11969
f 12186 11970 11969
f 12186 11969 12185
f 12294 12186 12185
f 12294 12185 12293
f 12408 12294 12293
f 12408 12293 12407
f 12448 12408 12407
f 12448 12407 12447
f 12468 12448 12447
f 12468 12447 12467
f 12504 12468 12467
f 12504 12467 12503
f 12494 12504 12503
f 12494 12503 12493
f 12472 12494 12493
f 12472 12493 12471
f 12452 12472 12471
f 12452 12471 12451
f 12602 12452 12451
f 12602 12451 12601
f 12738 12602 12601
f 12738 12601 12737
f 12886 12738 12737
f 12886 12737 12885
f 13018 12886 12885
f 13018 12885 13017
f 13050 13018 13017
f 13050 13017 13049
f 13068 13050 13049
f 13068 13049 13067
f 13040 13068 13067
f 13040 13067 13039
f 13014 13040 13039
f 13014 13039 13013
f 13002 13014 13013
f 13002 13013 13001
f 12948 13002 13001
f 12948 13001 12947
f 13084 12948 12947
f 13084 12947 13083
f 13180 13084 13083
f 13180 13083 13179
f 13230 13180 13179
f 13230 13179 13229
f 13260 13230 13229
f 13260 13229 13259
f 13330 13260 13259
f 13330 13259 13329
f 13376 13330 13329
f 13376 13329 13375
f 13448 13376 13375
f 13448 13375 13447
f 13526 13448 13447
f 13526 13447 13525
f 13552 13526 13525
f 13552 13525 13551
f 13570 13552 13551
f 13570 13551 13569
f 13532 13570 13569
f 13532 13569 13531
f 13500 13532 13531
f 13500 13531 13499
f 13472 13500 13499
f 13472 13499 13471
f 13364 13472 13471
f 13364 13471 13363
f 13464 13364 13363
f 13464 13363 13463
f 13538 13464 13463
f 13538 13463 13537
f 13664 13538 13537
f 13664 13537 13663
f 13720 13664 13663
f 13720 13663 13719
f 13736 13720 13719
f 13736 13719 13735
f 13742 13736 13735
f 13742 13735 13741
f 13734 13742 13741
f 13734 13741 13733
f 13718 13734 13733
f 13718 13733 13717
f 13696 13718 13717
f 13696 13717 13695
f 13598 13696 13695
f 13598 13695 13597
f 13616 13598 13597
f 13616 13597 13615
f 13648 13616 13615
f 13648 13615 13647
f 13722 13648 13647
f 13722 13647 13721
f 13760 13722 13721
f 13760 13721 13759
f 13770 13760 13759
f 13770 13759 13769
f 13772 13770 13769
f 13772 13769 13771
f 13762 13772 13771
f 13762 13771 13761
f 13744 13762 13761
f 13744 13761 13743
f 13724 13744 13743
f 13724 13743 13723
f 13650 13724 13723
f 13650 13723 13649
f 13600 13650 13649
f 13600 13649 13599
f 13576 13600 13599
f 13576 13599 13575
f 13652 13576 13575
f 13652 13575 13651
f 13692 13652 13651
f 13692 13651 13691
f 13702 13692 13691
f 13702 13691 13701
f 13712 13702 13701
f 13712 13701 13711
f 13684 13712 13711
f 13684 13711 13683
f 13668 13684 13683
f 13668 13683 13667
f 13626 13668 13667
f 13626 13667 13625
f 13546 13626 13625
f 13546 13625 13545
f 13502 13546 13545
f 13502 13545 13501
f 13482 13502 13501
f 13482 13501 13481
f 13444 13482 13481
f 13444 13481 13443
f 13394 13444 13443
f 13394 13443 13393
f 13344 13394 13393
f 13344 13393 13343
f 13248 13344 13343
f 13248 13343 13247
f 13350 13248 13247
f 13350 13247 13349
f 13436 13350 13349
f 13436 13349 13435
f 13442 13436 13435
f 13442 13435 13441
f 13416 13442 13441
f 13416 13441 13415
f 13332 13416 13415
f 13332 13415 13331
f 13280 13332 13331
f 13280 13331 13279
f 13222 13280 13279
f 13222 13279 13221
f 13104 13222 13221
f 13104 13221 13103
f 13044 13104 13103
f 13044 13103 13043
f 12966 13044 13043
f 12966 13043 12965
f 12818 12966 12965
f 12818 12965 12817
f 12872 12818 12817
f 12872 12817 12871
f 12914 12872 12871
f 12914 12871 12913
f 12928 12914 12913
f 12928 12913 12927
f 12942 12928 12927
f 12942 12927 12941
f 12890 12942 12941
f 12890 12941 12889
f 12846 12890 12889
f 12846 12889 12845
f 12792 12846 12845
f 12792 12845 12791
f 12672 12792 12791
f 12672 12791 12671
f 12642 12672 12671
f 12642 12671 12641
f 12616 12642 12641
f 12616 12641 12615
f 12568 12616 12615
f 12568 12615 12567
f 12512 12568 12567
f 12512 12567 12511
f 12446 12512 12511
f 12446 12511 12445
f 12290 12446 12445
f 12290 12445 12289
f 12316 12290 12289
f 12316 12289 12315
f 12352 12316 12315
f 12352 12315 12351
f 12324 12352 12351
f 12324 12351 12323
f 12304 12324 12323
f 12304 12323 12303
f 12248 12304 12303
f 12248 12303 12247
f 12202 12248 12247
f 12202 12247 12201
f 12148 12202 12201
f 12148 12201 12147
f 12038 12148 12147
f 12038 12147 12037
f 11514 12038 12037
f 11514 12037 11513
f 11508 11514 11513
f 11508 11513 11507
f 11486 11508 11507
f 11486 11507 11485
f 11478 11486 11485
f 11478 11485 11477
f 11456 11478 11477
f 11456 11477 11455
f 11374 11456 11455
f 11374 11455 11373
f 11330 11374 11373
f 11330 11373 11329
f 11280 11330 11329
f 11280 11329 11279
f 11146 11280 11279
f 11146 11279 11145
f 10746 11146 11145
f 10746 11145 10745
f 10286 10746 10745
f 10286 10745 10285
f 10208 10286 10285
f 10208 10285 10207
f 10184 10208 10207
f 10184 10207 10183
f 10138 10184 10183
f 10138 10183 10137
f 10110 10138 10137
f 10110 10137 10109
f 10078 10110 10109
f 10078 10109 10077
f 10012 10078 10077
f 10012 10077 10011
f 9990 10012 10011
f 9990 10011 9989
f 9966 9990 9989
f 9966 9989 9965
f 9926 9966 9965
f 9926 9965 9925
f 9874 9926 9925
f 9874 9925 9873
f 9832 9874 9873
f 9832 9873 9831
f 9740 9832 9831
f 9740 9831 9739
f 9704 9740 9739
f 9704 9739 9703
f 9670 9704 9703
f 9670 9703 9669
f 9558 9670 9669
f 9558 9669 9557
f 9506 9558 9557
f 9506 9557 9505
f 9400 9506 9505
f 9400 9505 9399
f 9218 9400 9399
f 9218 9399 9217
f 9110 9218 9217
f 9110 9217 9109
f 8986 9110 9109
f 8986 9109 8985
f 8758 8986 8985
f 8758 8985 8757
f 8692 8758 8757
f 8692 8757 8691
f 8636 8692 8691
f 8636 8691 8635
f 8568 8636 8635
f 8568 8635 8567
f 8534 8568 8567
f 8534 8567 8533
f 8516 8534 8533
f 8516 8533 8515
f 8430 8516 8515
f 8430 8515 8429
f 8386 8430 8429
f 8386 8429 8385
f 8328 8386 8385
f 8328 8385 8327
f 8152 8328 8327
f 8152 8327 8151
f 7064 8152 8151
f 7064 8151 7063
f 6936 7064 7063
f 6936 7063 6935
f 6854 6936 6935
f 6854 6935 6853
f 6814 6854 6853
f 6814 6853 6813
f 6784 6814 6813
f 6784 6813 6783
f 6704 6784 6783
f 6704 6783 6703
f 6808 6702 6701
f 6808 6701 6807
f 6702 6630 6629
f 6702 6629 6701
f 6630 6510 6509
f 6630 6509 6629
f 6510 6262 6261
f 6510 6261 6509
f 6262 6126 6125
f 6262 6125 6261
f 6126 5992 5991
f 6126 5991 6125
f 5992 5844 5843
f 5992 5843 5991
f 5844 5744 5743
f 5844 5743 5843
f 5744 5882 5881
f 5744 5881 5743
f 5882 6052 6051
f 5882 6051 5881
f 6052 6154 6153
f 6052 6153 6051
f 6154 6202 6201
f 6154 6201 6153
f 6202 6306 6305
f 6202 6305 6201
f 6306 6552 6551
f 6306 6551 6305
f 6552 6806 6805
f 6552 6805 6551
f 6806 6918 6917
f 6806 6917 6805
f 6918 6952 6951
f 6918 6951 6917
f 6952 7036 7035
f 6952 7035 6951
f 7036 7298 7297
f 7036 7297 7035
f 7298 7460 7459
f 7298 7459 7297
f 7460 7572 7571
f 7460 7571 7459
f 7572 7684 7683
f 7572 7683 7571
f 7684 7706 7705
f 7684 7705 7683
f 7706 7718 7717
f 7706 7717 7705
f 7718 7838 7837
f 7718 7837 7717
f 7838 7882 7881
f 7838 7881 7837
f 7882 7942 7941
f 7882 7941 7881
f 7942 8004 8003
f 7942 8003 7941
f 8004 7974 7973
f 8004 7973 8003
f 7974 7932 7931
f 7974 7931 7973
f 7932 7806 7805
f 7932 7805 7931
f 7806 7716 7715
f 7806 7715 7805
f 7716 7636 7635
f 7716 7635 7715
f 7636 7504 7503
f 7636 7503 7635
f 7504 7380 7379
f 7504 7379 7503
f 7380 7266 7265
f 7380 7265 7379
f 7266 7016 7015
f 7266 7015 7265
f 7016 6808 6807
f 7016 6807 7015
f 8510 8440 8439
f 8510 8439 8509
f 8440 8406 8405
f 8440 8405 8439
f 8406 8362 8361
f 8406 8361 8405
f 8362 8192 8191
f 8362 8191 8361
f 8192 8086 8085
f 8192 8085 8191
f 8086 7994 7993
f 8086 7993 8085
f 7994 7794 7793
f 7994 7793 7993
f 7794 7666 7665
f 7794 7665 7793
f 7666 7762 7761
f 7666 7761 7665
f 7762 7830 7829
f 7762 7829 7761
f 7830 7880 7879
f 7830 7879 7829
f 7880 8016 8015
f 7880 8015 7879
f 8016 8042 8041
f 8016 8041 8015
f 8042 8076 8075
f 8042 8075 8041
f 8076 8132 8131
f 8076 8131 8075
f 8132 8146 8145
f 8132 8145 8131
f 8146 8200 8199
f 8146 8199 8145
f 8200 8340 8339
f 8200 8339 8199
f 8340 8402 8401
f 8340 8401 8339
f 8402 8474 8473
f 8402 8473 8401
f 8474 8674 8673
f 8474 8673 8473
f 8674 8754 8753
f 8674 8753 8673
f 8754 8810 8809
f 8754 8809 8753
f 8810 8876 8875
f 8810 8875 8809
f 8876 8864 8863
f 8876 8863 8875
f 8864 8840 8839
f 8864 8839 8863
f 8840 8766 8765
f 8840 8765 8839
f 8766 8724 8723
f 8766 8723 8765
f 8724 8660 8659
f 8724 8659 8723
f 8660 8570 8569
f 8660 8569 8659
f 8570 8530 8529
f 8570 8529 8569
f 8530 8510 8509
f 8530 8509 8529
f 5242 5104 5103
f 5242 5103 5241
f 5104 5074 5073
f 5104 5073 5103
f 5074 5026 5025
f 5074 5025 5073
f 5026 4880 4879
f 5026 4879 5025
f 4880 4754 4753
f 4880 4753 4879
f 4754 4994 4993
f 4754 4993 4753
f 4994 5114 5113
f 4994 5113 4993
f 5114 5254 5253
f 5114 5253 5113
f 5254 5476 5475
f 5254 5475 5253
f 5476 5556 5555
f 5476 5555 5475
f 5556 5608 5607
f 5556 5607 5555
f 5608 5654 5653
f 5608 5653 5607
f 5654 5676 5675
f 5654 5675 5653
f 5676 5688 5687
f 5676 5687 5675
f 5688 5728 5727
f 5688 5727 5687
f 5728 5758 5757
f 5728 5757 5727
f 5758 5794 5793
f 5758 5793 5757
f 5794 5842 5841
f 5794 5841 5793
f 5842 5932 5931
f 5842 5931 5841
f 5932 5830 5829
f 5932 5829 5931
f 5830 5786 5785
f 5830 5785 5829
f 5786 5682 5681
f 5786 5681 5785
f 5682 5490 5489
f 5682 5489 5681
f 5490 5394 5393
f 5490 5393 5489
f 5394 5242 5241
f 5394 5241 5393
f 7804 7550 7549
f 7804 7549 7803
f 7550 7398 7397
f 7550 7397 7549
f 7398 7278 7277
f 7398 7277 7397
f 7278 7196 7195
f 7278 7195 7277
f 7196 7212 7211
f 7196 7211 7195
f 7212 7246 7245
f 7212 7245 7211
f 7246 7366 7365
f 7246 7365 7245
f 7366 7564 7563
f 7366 7563 7365
f 7564 7820 7819
f 7564 7819 7563
f 7820 7920 7919
f 7820 7919 7819
f 7920 7986 7985
f 7920 7985 7919
f 7986 7966 7965
f 7986 7965 7985
f 7966 7900 7899
f 7966 7899 7965
f 7900 7804 7803
f 7900 7803 7899
f 6206 6148 6147
f 6206 6147 6205
f 6148 6080 6079
f 6148 6079 6147
f 6080 5996 5995
f 6080 5995 6079
f 5996 5834 5833
f 5996 5833 5995
f 5834 5776 5775
f 5834 5775 5833
f 5776 5698 5697
f 5776 5697 5775
f 5698 5640 5639
f 5698 5639 5697
f 5640 5650 5649
f 5640 5649 5639
f 5650 5686 5685
f 5650 5685 5649
f 5686 5806 5805
f 5686 5805 5685
f 5806 5954 5953
f 5806 5953 5805
f 5954 6088 6087
f 5954 6087 5953
f 6088 6150 6149
f 6088 6149 6087
f 6150 6186 6185
f 6150 6185 6149
f 6186 6244 6243
f 6186 6243 6185
f 6244 6234 6233
f 6244 6233 6243
f 6234 6206 6205
f 6234 6205 6233
f 10030 9972 9971
f 10030 9971 10029
f 9972 9950 9949
f 9972 9949 9971
f 9950 9924 9923
f 9950 9923 9949
f 9924 9818 9817
f 9924 9817 9923
f 9818 9750 9749
f 9818 9749 9817
f 9750 9664 9663
f 9750 9663 9749
f 9664 9426 9425
f 9664 9425 9663
f 9426 9316 9315
f 9426 9315 9425
f 9316 9164 9163
f 9316 9163 9315
f 9164 8792 8791
f 9164 8791 9163
f 8792 8610 8609
f 8792 8609 8791
f 8610 8458 8457
f 8610 8457 8609
f 8458 8326 8325
f 8458 8325 8457
f 8326 8284 8283
f 8326 8283 8325
f 8284 8228 8227
f 8284 8227 8283
f 8228 8102 8101
f 8228 8101 8227
f 8102 8054 8053
f 8102 8053 8101
f 8054 7982 7981
f 8054 7981 8053
f 7982 7832 7831
f 7982 7831 7981
f 7832 7698 7697
f 7832 7697 7831
f 7698 7796 7795
f 7698 7795 7697
f 7796 7840 7839
f 7796 7839 7795
f 7840 7872 7871
f 7840 7871 7839
f 7872 7910 7909
f 7872 7909 7871
f 7910 7914 7913
f 7910 7913 7909
f 7914 7928 7927
f 7914 7927 7913
f 7928 7964 7963
f 7928 7963 7927
f 7964 8014 8013
f 7964 8013 7963
f 8014 8044 8043
f 8014 8043 8013
f 8044 8130 8129
f 8044 8129 8043
f 8130 8176 8175
f 8130 8175 8129
f 8176 8242 8241
f 8176 8241 8175
f 8242 8372 8371
f 8242 8371 8241
f 8372 8432 8431
f 8372 8431 8371
f 8432 8494 8493
f 8432 8493 8431
f 8494 8572 8571
f 8494 8571 8493
f 8572 8592 8591
f 8572 8591 8571
f 8592 8608 8607
f 8592 8607 8591
f 8608 8628 8627
f 8608 8627 8607
f 8628 8644 8643
f 8628 8643 8627
f 8644 8664 8663
f 8644 8663 8643
f 8664 8732 8731
f 8664 8731 8663
f 8732 8762 8761
f 8732 8761 8731
f 8762 8818 8817
f 8762 8817 8761
f 8818 8954 8953
f 8818 8953 8817
f 8954 9040 9039
f 8954 9039 8953
f 9040 9146 9145
f 9040 9145 9039
f 9146 9374 9373
f 9146 9373 9145
f 9374 9486 9485
f 9374 9485 9373
f 9486 9564 9563
f 9486 9563 9485
f 9564 9734 9733
f 9564 9733 9563
f 9734 9790 9789
f 9734 9789 9733
f 9790 9872 9871
f 9790 9871 9789
f 9872 10026 10025
f 9872 10025 9871
f 10026 10070 10069
f 10026 10069 10025
f 10070 10116 10115
f 10070 10115 10069
f 10116 10178 10177
f 10116 10177 10115
f 10178 10164 10163
f 10178 10163 10177
f 10164 10142 10141
f 10164 10141 10163
f 10142 10086 10085
f 10142 10085 10141
f 10086 10060 10059
f 10086 10059 10085
f 10060 10030 10029
f 10060 10029 10059
f 9034 8884 8883
f 9034 8883 9033
f 8884 8850 8849
f 8884 8849 8883
f 8850 8834 8833
f 8850 8833 8849
f 8834 8878 8877
f 8834 8877 8833
f 8878 8894 8893
f 8878 8893 8877
f 8894 8914 8913
f 8894 8913 8893
f 8914 8936 8935
f 8914 8935 8913
f 8936 8944 8943
f 8936 8943 8935
f 8944 8948 8947
f 8944 8947 8943
f 8948 8984 8983
f 8948 8983 8947
f 8984 9030 9029
f 8984 9029 8983
f 9030 9106 9105
f 9030 9105 9029
f 9106 9280 9279
f 9106 9279 9105
f 9280 9458 9457
f 9280 9457 9279
f 9458 9248 9247
f 9458 9247 9457
f 9248 9140 9139
f 9248 9139 9247
f 9140 9034 9033
f 9140 9033 9139
f 4780 4744 4743
f 4780 4743 4779
f 4744 4706 4705
f 4744 4705 4743
f 4706 4650 4649
f 4706 4649 4705
f 4650 4488 4487
f 4650 4487 4649
f 4488 4230 4229
f 4488 4229 4487
f 4230 4486 4485
f 4230 4485 4229
f 4486 4584 4583
f 4486 4583 4485
f 4584 4656 4655
f 4584 4655 4583
f 4656 4712 4711
f 4656 4711 4655
f 4712 4724 4723
f 4712 4723 4711
f 4724 4740 4739
f 4724 4739 4723
f 4740 4768 4767
f 4740 4767 4739
f 4768 4782 4781
f 4768 4781 4767
f 4782 4780 4779
f 4782 4779 4781
f 3790 3678 3677
f 3790 3677 3789
f 3678 3662 3661
f 3678 3661 3677
f 3662 3640 3639
f 3662 3639 3661
f 3640 3602 3601
f 3640 3601 3639
f 3602 3626 3625
f 3602 3625 3601
f 3626 3658 3657
f 3626 3657 3625
f 3658 3720 3719
f 3658 3719 3657
f 3720 3786 3785
f 3720 3785 3719
f 3786 3868 3867
f 3786 3867 3785
f 3868 4028 4027
f 3868 4027 3867
f 4028 4136 4135
f 4028 4135 4027
f 4136 4242 4241
f 4136 4241 4135
f 4242 4444 4443
f 4242 4443 4241
f 4444 4510 4509
f 4444 4509 4443
f 4510 4610 4609
f 4510 4609 4509
f 4610 4804 4803
f 4610 4803 4609
f 4804 4920 4919
f 4804 4919 4803
f 4920 5032 5031
f 4920 5031 4919
f 5032 5140 5139
f 5032 5139 5031
f 5140 5160 5159
f 5140 5159 5139
f 5160 5182 5181
f 5160 5181 5159
f 5182 5198 5197
f 5182 5197 5181
f 5198 5204 5203
f 5198 5203 5197
f 5204 5226 5225
f 5204 5225 5203
f 5226 5268 5267
f 5226 5267 5225
f 5268 5332 5331
f 5268 5331 5267
f 5332 5434 5433
f 5332 5433 5331
f 5434 5612 5611
f 5434 5611 5433
f 5612 5680 5679
f 5612 5679 5611
f 5680 5766 5765
f 5680 5765 5679
f 5766 5848 5847
f 5766 5847 5765
f 5848 5870 5869
f 5848 5869 5847
f 5870 5896 5895
f 5870 5895 5869
f 5896 5926 5925
f 5896 5925 5895
f 5926 5968 5967
f 5926 5967 5925
f 5968 5832 5831
f 5968 5831 5967
f 5832 5782 5781
f 5832 5781 5831
f 5782 5674 5673
f 5782 5673 5781
f 5674 5458 5457
f 5674 5457 5673
f 5458 5264 5263
f 5458 5263 5457
f 5264 5058 5057
f 5264 5057 5263
f 5058 4694 4693
f 5058 4693 5057
f 4694 4558 4557
f 4694 4557 4693
f 4558 4380 4379
f 4558 4379 4557
f 4380 4040 4039
f 4380 4039 4379
f 4040 3900 3899
f 4040 3899 4039
f 3900 3790 3789
f 3900 3789 3899
f 10306 10284 10283
f 10306 10283 10305
f 10284 10270 10269
f 10284 10269 10283
f 10270 10276 10275
f 10270 10275 10269
f 10276 10298 10297
f 10276 10297 10275
f 10298 10320 10319
f 10298 10319 10297
f 10320 10344 10343
f 10320 10343 10319
f 10344 10390 10389
f 10344 10389 10343
f 10390 10434 10433
f 10390 10433 10389
f 10434 10534 10533
f 10434 10533 10433
f 10534 10766 10765
f 10534 10765 10533
f 10766 10854 10853
f 10766 10853 10765
f 10854 10914 10913
f 10854 10913 10853
f 10914 10962 10961
f 10914 10961 10913
f 10962 10930 10929
f 10962 10929 10961
f 10930 10862 10861
f 10930 10861 10929
f 10862 10644 10643
f 10862 10643 10861
f 10644 10306 10305
f 10644 10305 10643
f 3442 3434 3433
f 3442 3433 3441
f 3434 3402 3401
f 3434 3401 3433
f 3402 3332 3331
f 3402 3331 3401
f 3332 3182 3181
f 3332 3181 3331
f 3182 3106 3105
f 3182 3105 3181
f 3106 3050 3049
f 3106 3049 3105
f 3050 2964 2963
f 3050 2963 3049
f 2964 2934 2933
f 2964 2933 2963
f 2934 2958 2957
f 2934 2957 2933
f 2958 3096 3095
f 2958 3095 2957
f 3096 3166 3165
f 3096 3165 3095
f 3166 3268 3267
f 3166 3267 3165
f 3268 3346 3345
f 3268 3345 3267
f 3346 3366 3365
f 3346 3365 3345
f 3366 3386 3385
f 3366 3385 3365
f 3386 3420 3419
f 3386 3419 3385
f 3420 3436 3435
f 3420 3435 3419
f 3436 3442 3441
f 3436 3441 3435
f 11420 11378 11377
f 11420 11377 11419
f 11378 11340 11339
f 11378 11339 11377
f 11340 11266 11265
f 11340 11265 11339
f 11266 11016 11015
f 11266 11015 11265
f 11016 10822 10821
f 11016 10821 11015
f 10822 10636 10635
f 10822 10635 10821
f 10636 10412 10411
f 10636 10411 10635
f 10412 10386 10385
f 10412 10385 10411
f 10386 10354 10353
f 10386 10353 10385
f 10354 10282 10281
f 10354 10281 10353
f 10282 10244 10243
f 10282 10243 10281
f 10244 10218 10217
f 10244 10217 10243
f 10218 10190 10189
f 10218 10189 10217
f 10190 10196 10195
f 10190 10195 10189
f 10196 10222 10221
f 10196 10221 10195
f 10222 10322 10321
f 10222 10321 10221
f 10322 10388 10387
f 10322 10387 10321
f 10388 10474 10473
f 10388 10473 10387
f 10474 10718 10717
f 10474 10717 10473
f 10718 10814 10813
f 10718 10813 10717
f 10814 10926 10925
f 10814 10925 10813
f 10926 11136 11135
f 10926 11135 10925
f 11136 11214 11213
f 11136 11213 11135
f 11214 11274 11273
f 11214 11273 11213
f 11274 11348 11347
f 11274 11347 11273
f 11348 11356 11355
f 11348 11355 11347
f 11356 11366 11365
f 11356 11365 11355
f 11366 11396 11395
f 11366 11395 11365
f 11396 11418 11417
f 11396 11417 11395
f 11418 11420 11419
f 11418 11419 11417
f 13818 13816 13815
f 13818 13815 13817
f 13820 13818 13817
f 13820 13817 13819
f 13826 13820 13819
f 13826 13819 13825
f 13830 13826 13825
f 13830 13825 13829
f 13832 13830 13829
f 13832 13829 13831
f 13828 13832 13831
f 13828 13831 13827
f 13824 13828 13827
f 13824 13827 13823
f 13822 13824 13823
f 13822 13823 13821
f 13816 13822 13821
f 13816 13821 13815
f 2628 2566 2565
f 2628 2565 2627
f 2566 2554 2553
f 2566 2553 2565
f 2554 2542 2541
f 2554 2541 2553
f 2542 2534 2533
f 2542 2533 2541
f 2534 2538 2537
f 2534 2537 2533
f 2538 2552 2551
f 2538 2551 2537
f 2552 2588 2587
f 2552 2587 2551
f 2588 2642 2641
f 2588 2641 2587
f 2642 2884 2883
f 2642 2883 2641
f 2884 3016 3015
f 2884 3015 2883
f 3016 3112 3111
f 3016 3111 3015
f 3112 3344 3343
f 3112 3343 3111
f 3344 3422 3421
f 3344 3421 3343
f 3422 3502 3501
f 3422 3501 3421
f 3502 3592 3591
f 3502 3591 3501
f 3592 3604 3603
f 3592 3603 3591
f 3604 3586 3585
f 3604 3585 3603
f 3586 3520 3519
f 3586 3519 3585
f 3520 3432 3431
f 3520 3431 3519
f 3432 3134 3133
f 3432 3133 3431
f 3134 3044 3043
f 3134 3043 3133
f 3044 2930 2929
f 3044 2929 3043
f 2930 2770 2769
f 2930 2769 2929
f 2770 2700 2699
f 2770 2699 2769
f 2700 2628 2627
f 2700 2627 2699
f 11570 11528 11527
f 11570 11527 11569
f 11528 11516 11515
f 11528 11515 11527
f 11516 11498 11497
f 11516 11497 11515
f 11498 11474 11473
f 11498 11473 11497
f 11474 11462 11461
f 11474 11461 11473
f 11462 11450 11449
f 11462 11449 11461
f 11450 11484 11483
f 11450 11483 11449
f 11484 11524 11523
f 11484 11523 11483
f 11524 11560 11559
f 11524 11559 11523
f 11560 11678 11677
f 11560 11677 11559
f 11678 11744 11743
f 11678 11743 11677
f 11744 11812 11811
f 11744 11811 11743
f 11812 11872 11871
f 11812 11871 11811
f 11872 11860 11859
f 11872 11859 11871
f 11860 11808 11807
f 11860 11807 11859
f 11808 11674 11673
f 11808 11673 11807
f 11674 11622 11621
f 11674 11621 11673
f 11622 11570 11569
f 11622 11569 11621
f 2500 2446 2445
f 2500 2445 2499
f 2446 2418 2417
f 2446 2417 2445
f 2418 2382 2381
f 2418 2381 2417
f 2382 2264 2263
f 2382 2263 2381
f 2264 2214 2213
f 2264 2213 2263
f 2214 2176 2175
f 2214 2175 2213
f 2176 2118 2117
f 2176 2117 2175
f 2118 2130 2129
f 2118 2129 2117
f 2130 2154 2153
f 2130 2153 2129
f 2154 2210 2209
f 2154 2209 2153
f 2210 2240 2239
f 2210 2239 2209
f 2240 2290 2289
f 2240 2289 2239
f 2290 2392 2391
f 2290 2391 2289
f 2392 2434 2433
f 2392 2433 2391
f 2434 2482 2481
f 2434 2481 2433
f 2482 2516 2515
f 2482 2515 2481
f 2516 2526 2525
f 2516 2525 2515
f 2526 2528 2527
f 2526 2527 2525
f 2528 2518 2517
f 2528 2517 2527
f 2518 2510 2509
f 2518 2509 2517
f 2510 2500 2499
f 2510 2499 2509
f 12242 12210 12209
f 12242 12209 12241
f 12210 12180 12179
f 12210 12179 12209
f 12180 12116 12115
f 12180 12115 12179
f 12116 11958 11957
f 12116 11957 12115
f 11958 11852 11851
f 11958 11851 11957
f 11852 11706 11705
f 11852 11705 11851
f 11706 11506 11505
f 11706 11505 11705
f 11506 11404 11403
f 11506 11403 11505
f 11404 11300 11299
f 11404 11299 11403
f 11300 11126 11125
f 11300 11125 11299
f 11126 11038 11037
f 11126 11037 11125
f 11038 10874 10873
f 11038 10873 11037
f 10874 10506 10505
f 10874 10505 10873
f 10506 10334 10333
f 10506 10333 10505
f 10334 10198 10197
f 10334 10197 10333
f 10198 10048 10047
f 10198 10047 10197
f 10048 10036 10035
f 10048 10035 10047
f 10036 9998 9997
f 10036 9997 10035
f 9998 9940 9939
f 9998 9939 9997
f 9940 9910 9909
f 9940 9909 9939
f 9910 9878 9877
f 9910 9877 9909
f 9878 9856 9855
f 9878 9855 9877
f 9856 9882 9881
f 9856 9881 9855
f 9882 9970 9969
f 9882 9969 9881
f 9970 10548 10547
f 9970 10547 9969
f 10548 10816 10815
f 10548 10815 10547
f 10816 11020 11019
f 10816 11019 10815
f 11020 11216 11215
f 11020 11215 11019
f 11216 11254 11253
f 11216 11253 11215
f 11254 11288 11287
f 11254 11287 11253
f 11288 11324 11323
f 11288 11323 11287
f 11324 11314 11313
f 11324 11313 11323
f 11314 11296 11295
f 11314 11295 11313
f 11296 11262 11261
f 11296 11261 11295
f 11262 11232 11231
f 11262 11231 11261
f 11232 11186 11185
f 11232 11185 11231
f 11186 11098 11097
f 11186 11097 11185
f 11098 10980 10979
f 11098 10979 11097
f 10980 11076 11075
f 10980 11075 10979
f 11076 11130 11129
f 11076 11129 11075
f 11130 11188 11187
f 11130 11187 11129
f 11188 11308 11307
f 11188 11307 11187
f 11308 11368 11367
f 11308 11367 11307
f 11368 11448 11447
f 11368 11447 11367
f 11448 11582 11581
f 11448 11581 11447
f 11582 11644 11643
f 11582 11643 11581
f 11644 11710 11709
f 11644 11709 11643
f 11710 11868 11867
f 11710 11867 11709
f 11868 11924 11923
f 11868 11923 11867
f 11924 11964 11963
f 11924 11963 11923
f 11964 12034 12033
f 11964 12033 11963
f 12034 12050 12049
f 12034 12049 12033
f 12050 12080 12079
f 12050 12079 12049
f 12080 12154 12153
f 12080 12153 12079
f 12154 12196 12195
f 12154 12195 12153
f 12196 12224 12223
f 12196 12223 12195
f 12224 12254 12253
f 12224 12253 12223
f 12254 12250 12249
f 12254 12249 12253
f 12250 12242 12241
f 12250 12241 12249
f 6866 6794 6793
f 6866 6793 6865
f 6794 6740 6739
f 6794 6739 6793
f 6740 6676 6675
f 6740 6675 6739
f 6676 6492 6491
f 6676 6491 6675
f 6492 6382 6381
f 6492 6381 6491
f 6382 6314 6313
f 6382 6313 6381
f 6314 6162 6161
f 6314 6161 6313
f 6162 6096 6095
f 6162 6095 6161
f 6096 6066 6065
f 6096 6065 6095
f 6066 6020 6019
f 6066 6019 6065
f 6020 6014 6013
f 6020 6013 6019
f 6013 6014 6242
f 6013 6242 6241
f 6242 6348 6347
f 6242 6347 6241
f 6348 6414 6413
f 6348 6413 6347
f 6414 6570 6569
f 6414 6569 6413
f 6570 6608 6607
f 6570 6607 6569
f 6608 6666 6665
f 6608 6665 6607
f 6666 6772 6771
f 6666 6771 6665
f 6772 6874 6873
f 6772 6873 6771
f 6874 6968 6967
f 6874 6967 6873
f 6968 7014 7013
f 6968 7013 6967
f 7014 7100 7099
f 7014 7099 7013
f 7100 7252 7251
f 7100 7251 7099
f 7252 7314 7313
f 7252 7313 7251
f 7314 7422 7421
f 7314 7421 7313
f 7422 7584 7583
f 7422 7583 7421
f 7584 7664 7663
f 7584 7663 7583
f 7664 7702 7701
f 7664 7701 7663
f 7702 7672 7671
f 7702 7671 7701
f 7672 7634 7633
f 7672 7633 7671
f 7634 7574 7573
f 7634 7573 7633
f 7574 7434 7433
f 7574 7433 7573
f 7434 7328 7327
f 7434 7327 7433
f 7328 7232 7231
f 7328 7231 7327
f 7232 7022 7021
f 7232 7021 7231
f 7022 6866 6865
f 7022 6865 7021
f 1806 1766 1765
f 1806 1765 1805
f 1766 1758 1757
f 1766 1757 1765
f 1758 1774 1773
f 1758 1773 1757
f 1774 1830 1829
f 1774 1829 1773
f 1830 1894 1893
f 1830 1893 1829
f 1894 1934 1933
f 1894 1933 1893
f 1934 2002 2001
f 1934 2001 1933
f 2002 2060 2059
f 2002 2059 2001
f 2060 2092 2091
f 2060 2091 2059
f 2092 2184 2183
f 2092 2183 2091
f 2184 2216 2215
f 2184 2215 2183
f 2216 2248 2247
f 2216 2247 2215
f 2248 2316 2315
f 2248 2315 2247
f 2316 2338 2337
f 2316 2337 2315
f 2338 2354 2353
f 2338 2353 2337
f 2354 2370 2369
f 2354 2369 2353
f 2370 2378 2377
f 2370 2377 2369
f 2378 2404 2403
f 2378 2403 2377
f 2404 2494 2493
f 2404 2493 2403
f 2494 2532 2531
f 2494 2531 2493
f 2532 2598 2597
f 2532 2597 2531
f 2598 2782 2781
f 2598 2781 2597
f 2782 2840 2839
f 2782 2839 2781
f 2840 2922 2921
f 2840 2921 2839
f 2922 3022 3021
f 2922 3021 2921
f 3022 3024 3023
f 3022 3023 3021
f 3024 2994 2993
f 3024 2993 3023
f 2994 2888 2887
f 2994 2887 2993
f 2888 2824 2823
f 2888 2823 2887
f 2824 2790 2789
f 2824 2789 2823
f 2790 2738 2737
f 2790 2737 2789
f 2738 2712 2711
f 2738 2711 2737
f 2712 2718 2717
f 2712 2717 2711
f 2718 2764 2763
f 2718 2763 2717
f 2764 2796 2795
f 2764 2795 2763
f 2796 2842 2841
f 2796 2841 2795
f 2842 3046 3045
f 2842 3045 2841
f 3046 3146 3145
f 3046 3145 3045
f 3146 3290 3289
f 3146 3289 3145
f 3290 3510 3509
f 3290 3509 3289
f 3510 3594 3593
f 3510 3593 3509
f 3594 3686 3685
f 3594 3685 3593
f 3686 3862 3861
f 3686 3861 3685
f 3862 4038 4037
f 3862 4037 3861
f 4038 3978 3977
f 4038 3977 4037
f 3978 3920 3919
f 3978 3919 3977
f 3920 3870 3869
f 3920 3869 3919
f 3870 3816 3815
f 3870 3815 3869
f 3816 3764 3763
f 3816 3763 3815
f 3764 3672 3671
f 3764 3671 3763
f 3672 3142 3141
f 3672 3141 3671
f 3142 2982 2981
f 3142 2981 3141
f 2982 2822 2821
f 2982 2821 2981
f 2822 2632 2631
f 2822 2631 2821
f 2632 2568 2567
f 2632 2567 2631
f 2568 2486 2485
f 2568 2485 2567
f 2486 2244 2243
f 2486 2243 2485
f 2244 2138 2137
f 2244 2137 2243
f 2138 2032 2031
f 2138 2031 2137
f 2032 1902 1901
f 2032 1901 2031
f 1902 1860 1859
f 1902 1859 1901
f 1860 1806 1805
f 1860 1805 1859
f 12332 12276 12275
f 12332 12275 12331
f 12276 12266 12265
f 12276 12265 12275
f 12266 12246 12245
f 12266 12245 12265
f 12246 12190 12189
f 12246 12189 12245
f 12190 12100 12099
f 12190 12099 12189
f 12100 12268 12267
f 12100 12267 12099
f 12268 12364 12363
f 12268 12363 12267
f 12364 12424 12423
f 12364 12423 12363
f 12424 12520 12519
f 12424 12519 12423
f 12520 12546 12545
f 12520 12545 12519
f 12546 12538 12537
f 12546 12537 12545
f 12538 12438 12437
f 12538 12437 12537
f 12438 12382 12381
f 12438 12381 12437
f 12382 12332 12331
f 12382 12331 12381
f 1770 1700 1699
f 1770 1699 1769
f 1700 1654 1653
f 1700 1653 1699
f 1654 1628 1627
f 1654 1627 1653
f 1628 1588 1587
f 1628 1587 1627
f 1588 1534 1533
f 1588 1533 1587
f 1534 1586 1585
f 1534 1585 1533
f 1586 1614 1613
f 1586 1613 1585
f 1614 1646 1645
f 1614 1645 1613
f 1646 1764 1763
f 1646 1763 1645
f 1764 1820 1819
f 1764 1819 1763
f 1820 1896 1895
f 1820 1895 1819
f 1896 1940 1939
f 1896 1939 1895
f 1940 1928 1927
f 1940 1927 1939
f 1928 1912 1911
f 1928 1911 1927
f 1912 1856 1855
f 1912 1855 1911
f 1856 1770 1769
f 1856 1769 1855
f 12728 12668 12667
f 12728 12667 12727
f 12668 12638 12637
f 12668 12637 12667
f 12638 12596 12595
f 12638 12595 12637
f 12596 12496 12495
f 12596 12495 12595
f 12496 12434 12433
f 12496 12433 12495
f 12434 12372 12371
f 12434 12371 12433
f 12372 12218 12217
f 12372 12217 12371
f 12218 12140 12139
f 12218 12139 12217
f 12140 12094 12093
f 12140 12093 12139
f 12094 11978 11977
f 12094 11977 12093
f 11978 11928 11927
f 11978 11927 11977
f 11928 11878 11877
f 11928 11877 11927
f 11878 11754 11753
f 11878 11753 11877
f 11754 11732 11731
f 11754 11731 11753
f 11732 11692 11691
f 11732 11691 11731
f 11692 11672 11671
f 11692 11671 11691
f 11672 11730 11729
f 11672 11729 11671
f 11730 11838 11837
f 11730 11837 11729
f 11838 12124 12123
f 11838 12123 11837
f 12124 12514 12513
f 12124 12513 12123
f 12514 12580 12579
f 12514 12579 12513
f 12580 12608 12607
f 12580 12607 12579
f 12608 12650 12649
f 12608 12649 12607
f 12650 12744 12743
f 12650 12743 12649
f 12744 12798 12797
f 12744 12797 12743
f 12798 12816 12815
f 12798 12815 12797
f 12816 12790 12789
f 12816 12789 12815
f 12790 12768 12767
f 12790 12767 12789
f 12768 12728 12727
f 12768 12727 12767
f 1502 1352 1351
f 1502 1351 1501
f 1352 1188 1187
f 1352 1187 1351
f 1188 1266 1265
f 1188 1265 1187
f 1266 1302 1301
f 1266 1301 1265
f 1302 1348 1347
f 1302 1347 1301
f 1348 1458 1457
f 1348 1457 1347
f 1458 1594 1593
f 1458 1593 1457
f 1594 1868 1867
f 1594 1867 1593
f 1868 1972 1971
f 1868 1971 1867
f 1972 2096 2095
f 1972 2095 1971
f 2096 2282 2281
f 2096 2281 2095
f 2282 2432 2431
f 2282 2431 2281
f 2432 2364 2363
f 2432 2363 2431
f 2364 2320 2319
f 2364 2319 2363
f 2320 2260 2259
f 2320 2259 2319
f 2260 2124 2123
f 2260 2123 2259
f 2124 2040 2039
f 2124 2039 2123
f 2040 1968 1967
f 2040 1967 2039
f 1968 1844 1843
f 1968 1843 1967
f 1844 1784 1783
f 1844 1783 1843
f 1784 1726 1725
f 1784 1725 1783
f 1726 1624 1623
f 1726 1623 1725
f 1624 1576 1575
f 1624 1575 1623
f 1576 1502 1501
f 1576 1501 1575
f 11238 11084 11083
f 11238 11083 11237
f 11084 10988 10987
f 11084 10987 11083
f 10988 10800 10799
f 10988 10799 10987
f 10800 10262 10261
f 10800 10261 10799
f 10262 9964 9963
f 10262 9963 10261
f 9964 9702 9701
f 9964 9701 9963
f 9702 9416 9415
f 9702 9415 9701
f 9416 9330 9329
f 9416 9329 9415
f 9330 9238 9237
f 9330 9237 9329
f 9238 9090 9089
f 9238 9089 9237
f 9090 8904 8903
f 9090 8903 9089
f 8904 9216 9215
f 8904 9215 8903
f 9216 9472 9471
f 9216 9471 9215
f 9472 9570 9569
f 9472 9569 9471
f 9570 9698 9697
f 9570 9697 9569
f 9698 9828 9827
f 9698 9827 9697
f 9828 9840 9839
f 9828 9839 9827
f 9840 9834 9833
f 9840 9833 9839
f 9834 9770 9769
f 9834 9769 9833
f 9770 9668 9667
f 9770 9667 9769
f 9668 9768 9767
f 9668 9767 9667
f 9768 9898 9897
f 9768 9897 9767
f 9898 10202 10201
f 9898 10201 9897
f 10202 10330 10329
f 10202 10329 10201
f 10330 10468 10467
f 10330 10467 10329
f 10468 10770 10769
f 10468 10769 10467
f 10770 10866 10865
f 10770 10865 10769
f 10866 10968 10967
f 10866 10967 10865
f 10968 11118 11117
f 10968 11117 10967
f 11118 11238 11237
f 11118 11237 11117
f 12822 12784 12783
f 12822 12783 12821
f 12784 12774 12773
f 12784 12773 12783
f 12774 12750 12749
f 12774 12749 12773
f 12750 12680 12679
f 12750 12679 12749
f 12680 12654 12653
f 12680 12653 12679
f 12654 12644 12643
f 12654 12643 12653
f 12644 12660 12659
f 12644 12659 12643
f 12660 12682 12681
f 12660 12681 12659
f 12682 12730 12729
f 12682 12729 12681
f 12730 12854 12853
f 12730 12853 12729
f 12854 12936 12935
f 12854 12935 12853
f 12936 12984 12983
f 12936 12983 12935
f 12984 12992 12991
f 12984 12991 12983
f 12992 12970 12969
f 12992 12969 12991
f 12970 12944 12943
f 12970 12943 12969
f 12944 12874 12873
f 12944 12873 12943
f 12874 12850 12849
f 12874 12849 12873
f 12850 12822 12821
f 12850 12821 12849
f 2960 2846 2845
f 2960 2845 2959
f 2846 2836 2835
f 2846 2835 2845
f 2836 2830 2829
f 2836 2829 2835
f 2830 2834 2833
f 2830 2833 2829
f 2834 2854 2853
f 2834 2853 2833
f 2854 2890 2889
f 2854 2889 2853
f 2890 3000 2999
f 2890 2999 2889
f 3000 3060 3059
f 3000 3059 2999
f 3060 3136 3135
f 3060 3135 3059
f 3136 3360 3359
f 3136 3359 3135
f 3360 3488 3487
f 3360 3487 3359
f 3488 3652 3651
f 3488 3651 3487
f 3652 3834 3833
f 3652 3833 3651
f 3834 3902 3901
f 3834 3901 3833
f 3902 3994 3993
f 3902 3993 3901
f 3994 4036 4035
f 3994 4035 3993
f 4036 4048 4047
f 4036 4047 4035
f 4048 4088 4087
f 4048 4087 4047
f 4088 4162 4161
f 4088 4161 4087
f 4162 4200 4199
f 4162 4199 4161
f 4200 4218 4217
f 4200 4217 4199
f 4218 4198 4197
f 4218 4197 4217
f 4198 4164 4163
f 4198 4163 4197
f 4164 4138 4137
f 4164 4137 4163
f 4138 4082 4081
f 4138 4081 4137
f 4082 4052 4051
f 4082 4051 4081
f 4052 4056 4055
f 4052 4055 4051
f 4056 4166 4165
f 4056 4165 4055
f 4166 4250 4249
f 4166 4249 4165
f 4250 4326 4325
f 4250 4325 4249
f 4326 4508 4507
f 4326 4507 4325
f 4508 4606 4605
f 4508 4605 4507
f 4606 4678 4677
f 4606 4677 4605
f 4678 4752 4751
f 4678 4751 4677
f 4752 4786 4785
f 4752 4785 4751
f 4786 4836 4835
f 4786 4835 4785
f 4836 4896 4895
f 4836 4895 4835
f 4896 4910 4909
f 4896 4909 4895
f 4910 4898 4897
f 4910 4897 4909
f 4898 4810 4809
f 4898 4809 4897
f 4810 4746 4745
f 4810 4745 4809
f 4746 4688 4687
f 4746 4687 4745
f 4688 4592 4591
f 4688 4591 4687
f 4592 4554 4553
f 4592 4553 4591
f 4554 4490 4489
f 4554 4489 4553
f 4490 4318 4317
f 4490 4317 4489
f 4318 4222 4221
f 4318 4221 4317
f 4222 4084 4083
f 4222 4083 4221
f 4084 3878 3877
f 4084 3877 4083
f 3878 3752 3751
f 3878 3751 3877
f 3752 3590 3589
f 3752 3589 3751
f 3590 3208 3207
f 3590 3207 3589
f 3208 3064 3063
f 3208 3063 3207
f 3064 2960 2959
f 3064 2959 3063
f 6864 6764 6763
f 6864 6763 6863
f 6764 6706 6705
f 6764 6705 6763
f 6706 6636 6635
f 6706 6635 6705
f 6636 6508 6507
f 6636 6507 6635
f 6508 6442 6441
f 6508 6441 6507
f 6442 6402 6401
f 6442 6401 6441
f 6402 6374 6373
f 6402 6373 6401
f 6374 6400 6399
f 6374 6399 6373
f 6400 6534 6533
f 6400 6533 6399
f 6534 6900 6899
f 6534 6899 6533
f 6899 6900 7348
f 6899 7348 7347
f 7348 7338 7337
f 7348 7337 7347
f 7338 7318 7317
f 7338 7317 7337
f 7318 7288 7287
f 7318 7287 7317
f 7288 7180 7179
f 7288 7179 7287
f 7180 7132 7131
f 7180 7131 7179
f 7132 7094 7093
f 7132 7093 7131
f 7094 7056 7055
f 7094 7055 7093
f 7056 7046 7045
f 7056 7045 7055
f 7046 7000 6999
f 7046 6999 7045
f 7000 6950 6949
f 7000 6949 6999
f 6950 6864 6863
f 6950 6863 6949
f 1304 1258 1257
f 1304 1257 1303
f 1258 1244 1243
f 1258 1243 1257
f 1244 1214 1213
f 1244 1213 1243
f 1214 1144 1143
f 1214 1143 1213
f 1144 1096 1095
f 1144 1095 1143
f 1096 1086 1085
f 1096 1085 1095
f 1086 1040 1039
f 1086 1039 1085
f 1040 1074 1073
f 1040 1073 1039
f 1074 1114 1113
f 1074 1113 1073
f 1114 1292 1291
f 1114 1291 1113
f 1292 1364 1363
f 1292 1363 1291
f 1364 1442 1441
f 1364 1441 1363
f 1442 1490 1489
f 1442 1489 1441
f 1490 1483 1482
f 1490 1482 1489
f 1483 1464 1463
f 1483 1463 1482
f 1464 1384 1383
f 1464 1383 1463
f 1384 1340 1339
f 1384 1339 1383
f 1340 1304 1303
f 1340 1303 1339
f 8428 8166 8165
f 8428 8165 8427
f 8166 8028 8027
f 8166 8027 8165
f 8028 7848 7847
f 8028 7847 8027
f 7848 7600 7599
f 7848 7599 7847
f 7600 7522 7521
f 7600 7521 7599
f 7522 7400 7399
f 7522 7399 7521
f 7400 7244 7243
f 7400 7243 7399
f 7244 7190 7189
f 7244 7189 7243
f 7190 7160 7159
f 7190 7159 7189
f 7160 7120 7119
f 7160 7119 7159
f 7120 7126 7125
f 7120 7125 7119
f 7126 7142 7141
f 7126 7141 7125
f 7142 7174 7173
f 7142 7173 7141
f 7174 7220 7219
f 7174 7219 7173
f 7220 7282 7281
f 7220 7281 7219
f 7282 7678 7677
f 7282 7677 7281
f 7678 7850 7849
f 7678 7849 7677
f 7850 8040 8039
f 7850 8039 7849
f 8040 8286 8285
f 8040 8285 8039
f 8286 8368 8367
f 8286 8367 8285
f 8368 8416 8415
f 8368 8415 8367
f 8416 8468 8467
f 8416 8467 8415
f 8468 8488 8487
f 8468 8487 8467
f 8488 8506 8505
f 8488 8505 8487
f 8506 8462 8461
f 8506 8461 8505
f 8462 8428 8427
f 8462 8427 8461
f 5412 5318 5317
f 5412 5317 5411
f 5318 5284 5283
f 5318 5283 5317
f 5284 5298 5297
f 5284 5297 5283
f 5298 5440 5439
f 5298 5439 5297
f 5440 5524 5523
f 5440 5523 5439
f 5524 5596 5595
f 5524 5595 5523
f 5596 5774 5773
f 5596 5773 5595
f 5774 5846 5845
f 5774 5845 5773
f 5846 5938 5937
f 5846 5937 5845
f 5938 6118 6117
f 5938 6117 5937
f 6118 6184 6183
f 6118 6183 6117
f 6184 6292 6291
f 6184 6291 6183
f 6292 6460 6459
f 6292 6459 6291
f 6460 6678 6677
f 6460 6677 6459
f 6678 6708 6707
f 6678 6707 6677
f 6708 6710 6709
f 6708 6709 6707
f 6710 6700 6699
f 6710 6699 6709
f 6700 6640 6639
f 6700 6639 6699
f 6640 6588 6587
f 6640 6587 6639
f 6588 6522 6521
f 6588 6521 6587
f 6522 6350 6349
f 6522 6349 6521
f 6350 6296 6295
f 6350 6295 6349
f 6296 6188 6187
f 6296 6187 6295
f 6188 6022 6021
f 6188 6021 6187
f 6022 5946 5945
f 6022 5945 6021
f 5946 5888 5887
f 5946 5887 5945
f 5888 5796 5795
f 5888 5795 5887
f 5796 5730 5729
f 5796 5729 5795
f 5730 5664 5663
f 5730 5663 5729
f 5664 5566 5565
f 5664 5565 5663
f 5566 5412 5411
f 5566 5411 5565
f 12802 12558 12557
f 12802 12557 12801
f 12558 12396 12395
f 12558 12395 12557
f 12396 12216 12215
f 12396 12215 12395
f 12216 11910 11909
f 12216 11909 12215
f 11910 11734 11733
f 11910 11733 11909
f 11734 11572 11571
f 11734 11571 11733
f 11572 11260 11259
f 11572 11259 11571
f 11260 11112 11111
f 11260 11111 11259
f 11112 10984 10983
f 11112 10983 11111
f 10984 10796 10795
f 10984 10795 10983
f 10796 10748 10747
f 10796 10747 10795
f 10748 10674 10673
f 10748 10673 10747
f 10674 10570 10569
f 10674 10569 10673
f 10570 10486 10485
f 10570 10485 10569
f 10486 10414 10413
f 10486 10413 10485
f 10414 10254 10253
f 10414 10253 10413
f 10254 10152 10151
f 10254 10151 10253
f 10152 10090 10089
f 10152 10089 10151
f 10090 10046 10045
f 10090 10045 10089
f 10046 10088 10087
f 10046 10087 10045
f 10088 10214 10213
f 10088 10213 10087
f 10214 10488 10487
f 10214 10487 10213
f 10488 10682 10681
f 10488 10681 10487
f 10682 10804 10803
f 10682 10803 10681
f 10804 10916 10915
f 10804 10915 10803
f 10916 10908 10907
f 10916 10907 10915
f 10908 10884 10883
f 10908 10883 10907
f 10884 10812 10811
f 10884 10811 10883
f 10812 10760 10759
f 10812 10759 10811
f 10760 10694 10693
f 10760 10693 10759
f 10694 10596 10595
f 10694 10595 10693
f 10596 10552 10551
f 10596 10551 10595
f 10552 10526 10525
f 10552 10525 10551
f 10526 10480 10479
f 10526 10479 10525
f 10480 10518 10517
f 10480 10517 10479
f 10518 10600 10599
f 10518 10599 10517
f 10600 10828 10827
f 10600 10827 10599
f 10828 10948 10947
f 10828 10947 10827
f 10948 11094 11093
f 10948 11093 10947
f 11094 11322 11321
f 11094 11321 11093
f 11322 11466 11465
f 11322 11465 11321
f 11466 11568 11567
f 11466 11567 11465
f 11568 11820 11819
f 11568 11819 11567
f 11820 11938 11937
f 11820 11937 11819
f 11938 12066 12065
f 11938 12065 11937
f 12066 12288 12287
f 12066 12287 12065
f 12288 12414 12413
f 12288 12413 12287
f 12414 12552 12551
f 12414 12551 12413
f 12552 12732 12731
f 12552 12731 12551
f 12732 12828 12827
f 12732 12827 12731
f 12828 12930 12929
f 12828 12929 12827
f 12930 13124 13123
f 12930 13123 12929
f 13124 13188 13187
f 13124 13187 13123
f 13188 13246 13245
f 13188 13245 13187
f 13246 13270 13269
f 13246 13269 13245
f 13270 13236 13235
f 13270 13235 13269
f 13236 13170 13169
f 13236 13169 13235
f 13170 13036 13035
f 13170 13035 13169
f 13036 12924 12923
f 13036 12923 13035
f 12924 12802 12801
f 12924 12801 12923
f 7528 7418 7417
f 7528 7417 7527
f 7418 7384 7383
f 7418 7383 7417
f 7384 7358 7357
f 7384 7357 7383
f 7358 7340 7339
f 7358 7339 7357
f 7340 7352 7351
f 7340 7351 7339
f 7352 7360 7359
f 7352 7359 7351
f 7360 7432 7431
f 7360 7431 7359
f 7432 7538 7537
f 7432 7537 7431
f 7538 7690 7689
f 7538 7689 7537
f 7690 7728 7727
f 7690 7727 7689
f 7728 7778 7777
f 7728 7777 7727
f 7778 7836 7835
f 7778 7835 7777
f 7836 7824 7823
f 7836 7823 7835
f 7824 7772 7771
f 7824 7771 7823
f 7772 7668 7667
f 7772 7667 7771
f 7668 7594 7593
f 7668 7593 7667
f 7594 7528 7527
f 7594 7527 7593
f 6372 6222 6221
f 6372 6221 6371
f 6222 6152 6151
f 6222 6151 6221
f 6152 6074 6073
f 6152 6073 6151
f 6074 5972 5971
f 6074 5971 6073
f 5972 5948 5947
f 5972 5947 5971
f 5948 5958 5957
f 5948 5957 5947
f 5958 6064 6063
f 5958 6063 5957
f 6064 6136 6135
f 6064 6135 6063
f 6136 6178 6177
f 6136 6177 6135
f 6178 6240 6239
f 6178 6239 6177
f 6240 6258 6257
f 6240 6257 6239
f 6258 6270 6269
f 6258 6269 6257
f 6270 6316 6315
f 6270 6315 6269
f 6316 6372 6371
f 6316 6371 6315
f 1722 1612 1611
f 1722 1611 1721
f 1612 1530 1529
f 1612 1529 1611
f 1530 1418 1417
f 1530 1417 1529
f 1418 1110 1109
f 1418 1109 1417
f 1110 954 953
f 1110 953 1109
f 954 816 815
f 954 815 953
f 816 658 657
f 816 657 815
f 658 660 659
f 658 659 657
f 660 674 673
f 660 673 659
f 674 764 763
f 674 763 673
f 764 844 843
f 764 843 763
f 844 946 945
f 844 945 843
f 946 1194 1193
f 946 1193 945
f 1194 1312 1311
f 1194 1311 1193
f 1312 1454 1453
f 1312 1453 1311
f 1454 1688 1687
f 1454 1687 1453
f 1688 1804 1803
f 1688 1803 1687
f 1804 1956 1955
f 1804 1955 1803
f 1956 2270 2269
f 1956 2269 1955
f 2270 2590 2589
f 2270 2589 2269
f 2590 2808 2807
f 2590 2807 2589
f 2808 2900 2899
f 2808 2899 2807
f 2900 3026 3025
f 2900 3025 2899
f 3026 3260 3259
f 3026 3259 3025
f 3260 3352 3351
f 3260 3351 3259
f 3352 3452 3451
f 3352 3451 3351
f 3452 3566 3565
f 3452 3565 3451
f 3566 3530 3529
f 3566 3529 3565
f 3530 3484 3483
f 3530 3483 3529
f 3484 3320 3319
f 3484 3319 3483
f 3320 3264 3263
f 3320 3263 3319
f 3264 3210 3209
f 3264 3209 3263
f 3210 3158 3157
f 3210 3157 3209
f 3158 3212 3211
f 3158 3211 3157
f 3212 3284 3283
f 3212 3283 3211
f 3284 3568 3567
f 3284 3567 3283
f 3568 3702 3701
f 3568 3701 3567
f 3702 3810 3809
f 3702 3809 3701
f 3810 3912 3911
f 3810 3911 3809
f 3912 3886 3885
f 3912 3885 3911
f 3886 3820 3819
f 3886 3819 3885
f 3820 3620 3619
f 3820 3619 3819
f 3620 3462 3461
f 3620 3461 3619
f 3462 3340 3339
f 3462 3339 3461
f 3340 3222 3221
f 3340 3221 3339
f 3222 3148 3147
f 3222 3147 3221
f 3148 3080 3079
f 3148 3079 3147
f 3080 2866 2865
f 3080 2865 3079
f 2866 2766 2765
f 2866 2765 2865
f 2766 2600 2599
f 2766 2599 2765
f 2600 2308 2307
f 2600 2307 2599
f 2308 2182 2181
f 2308 2181 2307
f 2182 2042 2041
f 2182 2041 2181
f 2042 1864 1863
f 2042 1863 2041
f 1864 1790 1789
f 1864 1789 1863
f 1790 1722 1721
f 1790 1721 1789
f 8788 8702 8701
f 8788 8701 8787
f 8702 8676 8675
f 8702 8675 8701
f 8676 8652 8651
f 8676 8651 8675
f 8652 8634 8633
f 8652 8633 8651
f 8632 8631 8633
f 8632 8633 8634
f 8632 9108 9107
f 8632 9107 8631
f 9108 8934 8933
f 9108 8933 9107
f 8934 8866 8865
f 8934 8865 8933
f 8866 8788 8787
f 8866 8787 8865
f 5188 5144 5143
f 5188 5143 5187
f 5144 5112 5111
f 5144 5111 5143
f 5112 5080 5079
f 5112 5079 5111
f 5080 4986 4985
f 5080 4985 5079
f 4986 4938 4937
f 4986 4937 4985
f 4938 4882 4881
f 4938 4881 4937
f 4882 4802 4801
f 4882 4801 4881
f 4802 4788 4787
f 4802 4787 4801
f 4788 4806 4805
f 4788 4805 4787
f 4806 4930 4929
f 4806 4929 4805
f 4930 5038 5037
f 4930 5037 4929
f 5038 5126 5125
f 5038 5125 5037
f 5126 5228 5227
f 5126 5227 5125
f 5228 5256 5255
f 5228 5255 5227
f 5256 5230 5229
f 5256 5229 5255
f 5230 5210 5209
f 5230 5209 5229
f 5210 5188 5187
f 5210 5187 5209
f 9660 9442 9441
f 9660 9441 9659
f 9442 9368 9367
f 9442 9367 9441
f 9368 9270 9269
f 9368 9269 9367
f 9270 9038 9037
f 9270 9037 9269
f 9038 8922 8921
f 9038 8921 9037
f 8922 8806 8805
f 8922 8805 8921
f 8806 8630 8629
f 8806 8629 8805
f 8630 8526 8525
f 8630 8525 8629
f 8526 8874 8873
f 8526 8873 8525
f 8874 9000 8999
f 8874 8999 8873
f 9000 9112 9111
f 9000 9111 8999
f 9112 9234 9233
f 9112 9233 9111
f 9234 9282 9281
f 9234 9281 9233
f 9282 9320 9319
f 9282 9319 9281
f 9320 9454 9453
f 9320 9453 9319
f 9454 9520 9519
f 9454 9519 9453
f 9520 9578 9577
f 9520 9577 9519
f 9578 9656 9655
f 9578 9655 9577
f 9656 9660 9659
f 9656 9659 9655
f 13202 13076 13075
f 13202 13075 13201
f 13076 13016 13015
f 13076 13015 13075
f 13016 12982 12981
f 13016 12981 13015
f 12982 12938 12937
f 12982 12937 12981
f 12938 12950 12949
f 12938 12949 12937
f 12950 12968 12967
f 12950 12967 12949
f 12968 13026 13025
f 12968 13025 12967
f 13026 13072 13071
f 13026 13071 13025
f 13072 13114 13113
f 13072 13113 13071
f 13114 13212 13211
f 13114 13211 13113
f 13212 13334 13333
f 13212 13333 13211
f 13334 13306 13305
f 13334 13305 13333
f 13306 13290 13289
f 13306 13289 13305
f 13290 13278 13277
f 13290 13277 13289
f 13278 13242 13241
f 13278 13241 13277
f 13242 13202 13201
f 13242 13201 13241
f 4506 4358 4357
f 4506 4357 4505
f 4358 4322 4321
f 4358 4321 4357
f 4322 4296 4295
f 4322 4295 4321
f 4296 4268 4267
f 4296 4267 4295
f 4268 4274 4273
f 4268 4273 4267
f 4274 4286 4285
f 4274 4285 4273
f 4286 4336 4335
f 4286 4335 4285
f 4336 4366 4365
f 4336 4365 4335
f 4366 4422 4421
f 4366 4421 4365
f 4422 4518 4517
f 4422 4517 4421
f 4518 4572 4571
f 4518 4571 4517
f 4572 4612 4611
f 4572 4611 4571
f 4612 4692 4691
f 4612 4691 4611
f 4692 4726 4725
f 4692 4725 4691
f 4726 4790 4789
f 4726 4789 4725
f 4790 5042 5041
f 4790 5041 4789
f 5042 5410 5409
f 5042 5409 5041
f 5410 5172 5171
f 5410 5171 5409
f 5172 5068 5067
f 5172 5067 5171
f 5068 4924 4923
f 5068 4923 5067
f 4924 4698 4697
f 4924 4697 4923
f 4698 4604 4603
f 4698 4603 4697
f 4604 4506 4505
f 4604 4505 4603
f 7146 6964 6963
f 7146 6963 7145
f 6964 6902 6901
f 6964 6901 6963
f 6902 6818 6817
f 6902 6817 6901
f 6818 6680 6679
f 6818 6679 6817
f 6680 6624 6623
f 6680 6623 6679
f 6624 6604 6603
f 6624 6603 6623
f 6604 6698 6697
f 6604 6697 6603
f 6698 6734 6733
f 6698 6733 6697
f 6734 6774 6773
f 6734 6773 6733
f 6774 6834 6833
f 6774 6833 6773
f 6834 6862 6861
f 6834 6861 6833
f 6862 6958 6957
f 6862 6957 6861
f 6958 6998 6997
f 6958 6997 6957
f 6998 7044 7043
f 6998 7043 6997
f 7044 7026 7025
f 7044 7025 7043
f 7026 7008 7007
f 7026 7007 7025
f 7008 7012 7011
f 7008 7011 7007
f 7012 7066 7065
f 7012 7065 7011
f 7066 7086 7085
f 7066 7085 7065
f 7086 7110 7109
f 7086 7109 7085
f 7110 7156 7155
f 7110 7155 7109
f 7156 7164 7163
f 7156 7163 7155
f 7164 7146 7145
f 7164 7145 7163
f 880 820 819
f 880 819 879
f 820 796 795
f 820 795 819
f 796 786 785
f 796 785 795
f 786 754 753
f 786 753 785
f 754 740 739
f 754 739 753
f 740 722 721
f 740 721 739
f 722 686 685
f 722 685 721
f 686 676 675
f 686 675 685
f 676 712 711
f 676 711 675
f 712 890 889
f 712 889 711
f 890 992 991
f 890 991 889
f 992 1058 1057
f 992 1057 991
f 1058 1154 1153
f 1058 1153 1057
f 1154 1152 1151
f 1154 1151 1153
f 1152 1116 1115
f 1152 1115 1151
f 1116 1016 1015
f 1116 1015 1115
f 1016 940 939
f 1016 939 1015
f 940 880 879
f 940 879 939
f 12844 12786 12785
f 12844 12785 12843
f 12786 12760 12759
f 12786 12759 12785
f 12760 12716 12715
f 12760 12715 12759
f 12716 12636 12635
f 12716 12635 12715
f 12636 12594 12593
f 12636 12593 12635
f 12594 12556 12555
f 12594 12555 12593
f 12556 12430 12429
f 12556 12429 12555
f 12430 12380 12379
f 12430 12379 12429
f 12380 12342 12341
f 12380 12341 12379
f 12342 12286 12285
f 12342 12285 12341
f 12286 12300 12299
f 12286 12299 12285
f 12300 12368 12367
f 12300 12367 12299
f 12368 12474 12473
f 12368 12473 12367
f 12474 12574 12573
f 12474 12573 12473
f 12574 12646 12645
f 12574 12645 12573
f 12646 12812 12811
f 12646 12811 12645
f 12812 13008 13007
f 12812 13007 12811
f 13008 13292 13291
f 13008 13291 13007
f 13292 13432 13431
f 13292 13431 13291
f 13432 13536 13535
f 13432 13535 13431
f 13536 13624 13623
f 13536 13623 13535
f 13624 13630 13629
f 13624 13629 13623
f 13630 13622 13621
f 13630 13621 13629
f 13622 13594 13593
f 13622 13593 13621
f 13594 13566 13565
f 13594 13565 13593
f 13566 13460 13459
f 13566 13459 13565
f 13460 13166 13165
f 13460 13165 13459
f 13166 12844 12843
f 13166 12843 13165
f 9658 9624 9623
f 9658 9623 9657
f 9624 9596 9595
f 9624 9595 9623
f 9596 9568 9567
f 9596 9567 9595
f 9568 9508 9507
f 9568 9507 9567
f 9508 9404 9403
f 9508 9403 9507
f 9404 9562 9561
f 9404 9561 9403
f 9562 9662 9661
f 9562 9661 9561
f 9662 9724 9723
f 9662 9723 9661
f 9724 9808 9807
f 9724 9807 9723
f 9808 9816 9815
f 9808 9815 9807
f 9816 9798 9797
f 9816 9797 9815
f 9798 9726 9725
f 9798 9725 9797
f 9726 9694 9693
f 9726 9693 9725
f 9694 9658 9657
f 9694 9657 9693
f 8452 8350 8349
f 8452 8349 8451
f 8350 8270 8269
f 8350 8269 8349
f 8270 8140 8139
f 8270 8139 8269
f 8140 7766 7765
f 8140 7765 8139
f 7766 7592 7591
f 7766 7591 7765
f 7592 7458 7457
f 7592 7457 7591
f 7458 7386 7385
f 7458 7385 7457
f 7386 7488 7487
f 7386 7487 7385
f 7488 7588 7587
f 7488 7587 7487
f 7588 7962 7961
f 7588 7961 7587
f 7962 8142 8141
f 7962 8141 7961
f 8142 8282 8281
f 8142 8281 8141
f 8282 8414 8413
f 8282 8413 8281
f 8414 8454 8453
f 8414 8453 8413
f 8454 8528 8527
f 8454 8527 8453
f 8528 8760 8759
f 8528 8759 8527
f 8760 8862 8861
f 8760 8861 8759
f 8862 8926 8925
f 8862 8925 8861
f 8926 9004 9003
f 8926 9003 8925
f 9004 8996 8995
f 9004 8995 9003
f 8996 8956 8955
f 8996 8955 8995
f 8956 8852 8851
f 8956 8851 8955
f 8852 8776 8775
f 8852 8775 8851
f 8776 8700 8699
f 8776 8699 8775
f 8700 8566 8565
f 8700 8565 8699
f 8566 8518 8517
f 8566 8517 8565
f 8518 8452 8451
f 8518 8451 8517
f 4350 4246 4245
f 4350 4245 4349
f 4246 4184 4183
f 4246 4183 4245
f 4184 4144 4143
f 4184 4143 4183
f 4144 4106 4105
f 4144 4105 4143
f 4106 4132 4131
f 4106 4131 4105
f 4132 4182 4181
f 4132 4181 4131
f 4182 4348 4347
f 4182 4347 4181
f 4347 4348 4528
f 4347 4528 4527
f 4528 4350 4349
f 4528 4349 4527
f 5460 5408 5407
f 5460 5407 5459
f 5408 5378 5377
f 5408 5377 5407
f 5378 5280 5279
f 5378 5279 5377
f 5280 5122 5121
f 5280 5121 5279
f 5122 5048 5047
f 5122 5047 5121
f 5048 4972 4971
f 5048 4971 5047
f 4972 4908 4907
f 4972 4907 4971
f 4908 4926 4925
f 4908 4925 4907
f 4926 4958 4957
f 4926 4957 4925
f 4958 5076 5075
f 4958 5075 4957
f 5076 5168 5167
f 5076 5167 5075
f 5168 5320 5319
f 5168 5319 5167
f 5320 5628 5627
f 5320 5627 5319
f 5628 5764 5763
f 5628 5763 5627
f 5764 5884 5883
f 5764 5883 5763
f 5884 6134 6133
f 5884 6133 5883
f 6134 6260 6259
f 6134 6259 6133
f 6260 6324 6323
f 6260 6323 6259
f 6324 6422 6421
f 6324 6421 6323
f 6422 6480 6479
f 6422 6479 6421
f 6480 6406 6405
f 6480 6405 6479
f 6406 6030 6029
f 6406 6029 6405
f 6030 5864 5863
f 6030 5863 6029
f 5864 5738 5737
f 5864 5737 5863
f 5738 5570 5569
f 5738 5569 5737
f 5570 5530 5529
f 5570 5529 5569
f 5530 5460 5459
f 5530 5459 5529
f 1324 1256 1255
f 1324 1255 1323
f 1256 1206 1205
f 1256 1205 1255
f 1206 1130 1129
f 1206 1129 1205
f 1130 906 905
f 1130 905 1129
f 906 768 767
f 906 767 905
f 768 632 631
f 768 631 767
f 632 426 425
f 632 425 631
f 426 322 321
f 426 321 425
f 322 400 399
f 322 399 321
f 400 466 465
f 400 465 399
f 466 570 569
f 466 569 465
f 570 836 835
f 570 835 569
f 836 1108 1107
f 836 1107 835
f 1108 1362 1361
f 1108 1361 1107
f 1362 1466 1465
f 1362 1465 1361
f 1466 1578 1577
f 1466 1577 1465
f 1578 1742 1741
f 1578 1741 1577
f 1742 1920 1919
f 1742 1919 1741
f 1920 1782 1781
f 1920 1781 1919
f 1782 1736 1735
f 1782 1735 1781
f 1736 1694 1693
f 1736 1693 1735
f 1694 1626 1625
f 1694 1625 1693
f 1626 1608 1607
f 1626 1607 1625
f 1608 1558 1557
f 1608 1557 1607
f 1558 1446 1445
f 1558 1445 1557
f 1446 1376 1375
f 1446 1375 1445
f 1376 1324 1323
f 1376 1323 1375
f 10536 10212 10211
f 10536 10211 10535
f 10212 9976 9975
f 10212 9975 10211
f 9976 9730 9729
f 9976 9729 9975
f 9730 9390 9389
f 9730 9389 9729
f 9390 9256 9255
f 9390 9255 9389
f 9256 9096 9095
f 9256 9095 9255
f 9096 8744 8743
f 9096 8743 9095
f 8744 8574 8573
f 8744 8573 8743
f 8574 8410 8409
f 8574 8409 8573
f 8410 8108 8107
f 8410 8107 8409
f 8108 7652 7651
f 8108 7651 8107
f 7652 7906 7905
f 7652 7905 7651
f 7906 8058 8057
f 7906 8057 7905
f 8058 8202 8201
f 8058 8201 8057
f 8202 8508 8507
f 8202 8507 8201
f 8508 8710 8709
f 8508 8709 8507
f 8710 8910 8909
f 8710 8909 8709
f 8910 9188 9187
f 8910 9187 8909
f 9188 9294 9293
f 9188 9293 9187
f 9294 9398 9397
f 9294 9397 9293
f 9398 9686 9685
f 9398 9685 9397
f 9686 9858 9857
f 9686 9857 9685
f 9858 10072 10071
f 9858 10071 9857
f 10072 10426 10425
f 10072 10425 10071
f 10426 10554 10553
f 10426 10553 10425
f 10554 10638 10637
f 10554 10637 10553
f 10638 10710 10709
f 10638 10709 10637
f 10710 10652 10651
f 10710 10651 10709
f 10652 10536 10535
f 10652 10535 10651
f 4340 3890 3889
f 4340 3889 4339
f 3890 3688 3687
f 3890 3687 3889
f 3688 3496 3495
f 3688 3495 3687
f 3496 3322 3321
f 3496 3321 3495
f 3322 3330 3329
f 3322 3329 3321
f 3330 3362 3361
f 3330 3361 3329
f 3362 3456 3455
f 3362 3455 3361
f 3456 3536 3535
f 3456 3535 3455
f 3536 3674 3673
f 3536 3673 3535
f 3674 3960 3959
f 3674 3959 3673
f 3960 4086 4085
f 3960 4085 3959
f 4086 4260 4259
f 4086 4259 4085
f 4260 4462 4461
f 4260 4461 4259
f 4462 4538 4537
f 4462 4537 4461
f 4538 4638 4637
f 4538 4637 4537
f 4638 4870 4869
f 4638 4869 4637
f 4870 5062 5061
f 4870 5061 4869
f 5062 5300 5299
f 5062 5299 5061
f 5300 5694 5693
f 5300 5693 5299
f 5694 5854 5853
f 5694 5853 5693
f 5854 5978 5977
f 5854 5977 5853
f 5978 6144 6143
f 5978 6143 5977
f 6144 6132 6131
f 6144 6131 6143
f 6132 6062 6061
f 6132 6061 6131
f 6062 5840 5839
f 6062 5839 6061
f 5840 5708 5707
f 5840 5707 5839
f 5708 5578 5577
f 5708 5577 5707
f 5578 5158 5157
f 5578 5157 5577
f 5158 4974 4973
f 5158 4973 5157
f 4974 4812 4811
f 4974 4811 4973
f 4812 4600 4599
f 4812 4599 4811
f 4600 4498 4497
f 4600 4497 4599
f 4498 4340 4339
f 4498 4339 4497
f 13462 13388 13387
f 13462 13387 13461
f 13388 13342 13341
f 13388 13341 13387
f 13342 13302 13301
f 13342 13301 13341
f 13302 13210 13209
f 13302 13209 13301
f 13210 13174 13173
f 13210 13173 13209
f 13174 13150 13149
f 13174 13149 13173
f 13150 13132 13131
f 13150 13131 13149
f 13132 13134 13133
f 13132 13133 13131
f 13134 13138 13137
f 13134 13137 13133
f 13138 13168 13167
f 13138 13167 13137
f 13168 13204 13203
f 13168 13203 13167
f 13204 13250 13249
f 13204 13249 13203
f 13250 13386 13385
f 13250 13385 13249
f 13386 13572 13571
f 13386 13571 13385
f 13572 13534 13533
f 13572 13533 13571
f 13534 13524 13523
f 13534 13523 13533
f 13524 13508 13507
f 13524 13507 13523
f 13508 13486 13485
f 13508 13485 13507
f 13486 13476 13475
f 13486 13475 13485
f 13476 13462 13461
f 13476 13461 13475
f 12328 12208 12207
f 12328 12207 12327
f 12208 12176 12175
f 12208 12175 12207
f 12176 12106 12105
f 12176 12105 12175
f 12106 11942 11941
f 12106 11941 12105
f 11942 11686 11685
f 11942 11685 11941
f 11686 11850 11849
f 11686 11849 11685
f 11850 11920 11919
f 11850 11919 11849
f 11920 12018 12017
f 11920 12017 11919
f 12018 12232 12231
f 12018 12231 12017
f 12232 12358 12357
f 12232 12357 12231
f 12358 12436 12435
f 12358 12435 12357
f 12436 12528 12527
f 12436 12527 12435
f 12528 12516 12515
f 12528 12515 12527
f 12516 12470 12469
f 12516 12469 12515
f 12470 12362 12361
f 12470 12361 12469
f 12362 12262 12261
f 12362 12261 12361
f 12262 12188 12187
f 12262 12187 12261
f 12188 12052 12051
f 12188 12051 12187
f 12052 11998 11997
f 12052 11997 12051
f 11998 11948 11947
f 11998 11947 11997
f 11948 11862 11861
f 11948 11861 11947
f 11862 11826 11825
f 11862 11825 11861
f 11826 11796 11795
f 11826 11795 11825
f 11796 11758 11757
f 11796 11757 11795
f 11758 11790 11789
f 11758 11789 11757
f 11790 11846 11845
f 11790 11845 11789
f 11846 11988 11987
f 11846 11987 11845
f 11988 12098 12097
f 11988 12097 11987
f 12098 12184 12183
f 12098 12183 12097
f 12184 12376 12375
f 12184 12375 12183
f 12376 12456 12455
f 12376 12455 12375
f 12456 12572 12571
f 12456 12571 12455
f 12572 12740 12739
f 12572 12739 12571
f 12740 12830 12829
f 12740 12829 12739
f 12830 12920 12919
f 12830 12919 12829
f 12920 13094 13093
f 12920 13093 12919
f 13094 13152 13151
f 13094 13151 13093
f 13152 13232 13231
f 13152 13231 13151
f 13232 13402 13401
f 13232 13401 13231
f 13402 13478 13477
f 13402 13477 13401
f 13478 13568 13567
f 13478 13567 13477
f 13568 13660 13659
f 13568 13659 13567
f 13660 13710 13709
f 13660 13709 13659
f 13710 13670 13669
f 13710 13669 13709
f 13670 13632 13631
f 13670 13631 13669
f 13632 13580 13579
f 13632 13579 13631
f 13580 13366 13365
f 13580 13365 13579
f 13366 13264 13263
f 13366 13263 13365
f 13264 13142 13141
f 13264 13141 13263
f 13142 12940 12939
f 13142 12939 13141
f 12940 12838 12837
f 12940 12837 12939
f 12838 12722 12721
f 12838 12721 12837
f 12722 12542 12541
f 12722 12541 12721
f 12542 12432 12431
f 12542 12431 12541
f 12432 12328 12327
f 12432 12327 12431
f 672 578 577
f 672 577 671
f 578 562 561
f 578 561 577
f 562 550 549
f 562 549 561
f 550 508 507
f 550 507 549
f 508 498 497
f 508 497 507
f 498 486 485
f 498 485 497
f 486 478 477
f 486 477 485
f 478 482 481
f 478 481 477
f 482 502 501
f 482 501 481
f 502 630 629
f 502 629 501
f 630 690 689
f 630 689 629
f 690 756 755
f 690 755 689
f 756 882 881
f 756 881 755
f 882 1004 1003
f 882 1003 881
f 1004 830 829
f 1004 829 1003
f 830 748 747
f 830 747 829
f 748 672 671
f 748 671 747
f 10342 10304 10303
f 10342 10303 10341
f 10304 10272 10271
f 10304 10271 10303
f 10272 10220 10219
f 10272 10219 10271
f 10220 10038 10037
f 10220 10037 10219
f 10038 9806 9805
f 10038 9805 10037
f 9806 10084 10083
f 9806 10083 9805
f 10084 10226 10225
f 10084 10225 10083
f 10226 10310 10309
f 10226 10309 10225
f 10310 10398 10397
f 10310 10397 10309
f 10398 10406 10405
f 10398 10405 10397
f 10406 10402 10401
f 10406 10401 10405
f 10402 10382 10381
f 10402 10381 10401
f 10382 10360 10359
f 10382 10359 10381
f 10360 10342 10341
f 10360 10341 10359
f 2088 1960 1959
f 2088 1959 2087
f 1960 1908 1907
f 1960 1907 1959
f 1908 1796 1795
f 1908 1795 1907
f 1796 1532 1531
f 1796 1531 1795
f 1532 1368 1367
f 1532 1367 1531
f 1368 1190 1189
f 1368 1189 1367
f 1190 818 817
f 1190 817 1189
f 818 654 653
f 818 653 817
f 654 488 487
f 654 487 653
f 488 358 357
f 488 357 487
f 358 336 335
f 358 335 357
f 336 326 325
f 336 325 335
f 326 320 319
f 326 319 325
f 320 340 339
f 320 339 319
f 340 384 383
f 340 383 339
f 384 628 627
f 384 627 383
f 628 760 759
f 628 759 627
f 760 868 867
f 760 867 759
f 868 980 979
f 868 979 867
f 980 1006 1005
f 980 1005 979
f 1006 1048 1047
f 1006 1047 1005
f 1048 1196 1195
f 1048 1195 1047
f 1196 1300 1299
f 1196 1299 1195
f 1300 1420 1419
f 1300 1419 1299
f 1420 1686 1685
f 1420 1685 1419
f 1686 2020 2019
f 1686 2019 1685
f 2020 2490 2489
f 2020 2489 2019
f 2490 2374 2373
f 2490 2373 2489
f 2374 2314 2313
f 2374 2313 2373
f 2314 2228 2227
f 2314 2227 2313
f 2228 2036 2035
f 2228 2035 2227
f 2036 1952 1951
f 2036 1951 2035
f 1952 1874 1873
f 1952 1873 1951
f 1874 1734 1733
f 1874 1733 1873
f 1734 1696 1695
f 1734 1695 1733
f 1696 1666 1665
f 1696 1665 1695
f 1666 1708 1707
f 1666 1707 1665
f 1708 1748 1747
f 1708 1747 1707
f 1748 1832 1831
f 1748 1831 1747
f 1832 2080 2079
f 1832 2079 1831
f 2080 2430 2429
f 2080 2429 2079
f 2430 2242 2241
f 2430 2241 2429
f 2242 2180 2179
f 2242 2179 2241
f 2180 2088 2087
f 2180 2087 2179
f 10940 10764 10763
f 10940 10763 10939
f 10764 10640 10639
f 10764 10639 10763
f 10640 10574 10573
f 10640 10573 10639
f 10574 10542 10541
f 10574 10541 10573
f 10542 10562 10561
f 10542 10561 10541
f 10562 10576 10575
f 10562 10575 10561
f 10576 10594 10593
f 10576 10593 10575
f 10594 10622 10621
f 10594 10621 10593
f 10622 10686 10685
f 10622 10685 10621
f 10686 10878 10877
f 10686 10877 10685
f 10878 11006 11005
f 10878 11005 10877
f 11006 11074 11073
f 11006 11073 11005
f 11074 11168 11167
f 11074 11167 11073
f 11168 11198 11197
f 11168 11197 11167
f 11198 11176 11175
f 11198 11175 11197
f 11176 10960 10959
f 11176 10959 11175
f 10960 10792 10791
f 10960 10791 10959
f 10792 10666 10665
f 10792 10665 10791
f 10666 10588 10587
f 10666 10587 10665
f 10588 10584 10583
f 10588 10583 10587
f 10584 11060 11059
f 10584 11059 10583
f 11060 11224 11223
f 11060 11223 11059
f 11224 11384 11383
f 11224 11383 11223
f 11384 11724 11723
f 11384 11723 11383
f 11724 11890 11889
f 11724 11889 11723
f 11890 12022 12021
f 11890 12021 11889
f 12022 12238 12237
f 12022 12237 12021
f 12238 12440 12439
f 12238 12439 12237
f 12440 12348 12347
f 12440 12347 12439
f 12348 12284 12283
f 12348 12283 12347
f 12284 12244 12243
f 12284 12243 12283
f 12244 12164 12163
f 12244 12163 12243
f 12164 12122 12121
f 12164 12121 12163
f 12122 12058 12057
f 12122 12057 12121
f 12058 11894 11893
f 12058 11893 12057
f 11894 11770 11769
f 11894 11769 11893
f 11770 11646 11645
f 11770 11645 11769
f 11646 11414 11413
f 11646 11413 11645
f 11414 11304 11303
f 11414 11303 11413
f 11304 11218 11217
f 11304 11217 11303
f 11218 11066 11065
f 11218 11065 11217
f 11066 11034 11033
f 11066 11033 11065
f 11034 10940 10939
f 11034 10939 11033
f 3730 3676 3675
f 3730 3675 3729
f 3676 3706 3705
f 3676 3705 3675
f 3706 3726 3725
f 3706 3725 3705
f 3726 3784 3783
f 3726 3783 3725
f 3784 3956 3955
f 3784 3955 3783
f 3956 4150 4149
f 3956 4149 3955
f 4150 3958 3957
f 4150 3957 4149
f 3958 3730 3729
f 3958 3729 3957
f 3564 3122 3121
f 3564 3121 3563
f 3122 2998 2997
f 3122 2997 3121
f 2998 2832 2831
f 2998 2831 2997
f 2832 2576 2575
f 2832 2575 2831
f 2576 2442 2441
f 2576 2441 2575
f 2442 2300 2299
f 2442 2299 2441
f 2300 2028 2027
f 2300 2027 2299
f 2028 1768 1767
f 2028 1767 2027
f 1768 1838 1837
f 1768 1837 1767
f 1838 1892 1891
f 1838 1891 1837
f 1892 1938 1937
f 1892 1937 1891
f 1938 2054 2053
f 1938 2053 1937
f 2054 2106 2105
f 2054 2105 2053
f 2106 2188 2187
f 2106 2187 2105
f 2188 2306 2305
f 2188 2305 2187
f 2306 2380 2379
f 2306 2379 2305
f 2380 2496 2495
f 2380 2495 2379
f 2496 2748 2747
f 2496 2747 2495
f 2748 2852 2851
f 2748 2851 2747
f 2852 3012 3011
f 2852 3011 2851
f 3012 3274 3273
f 3012 3273 3011
f 3273 3274 3554
f 3273 3554 3553
f 3553 3554 3562
f 3553 3562 3561
f 3562 3542 3541
f 3562 3541 3561
f 3542 3504 3503
f 3542 3503 3541
f 3504 3312 3311
f 3504 3311 3503
f 3312 3228 3227
f 3312 3227 3311
f 3228 3120 3119
f 3228 3119 3227
f 3120 3008 3007
f 3120 3007 3119
f 3008 2932 2931
f 3008 2931 3007
f 2932 2920 2919
f 2932 2919 2931
f 2920 2954 2953
f 2920 2953 2919
f 2954 3006 3005
f 2954 3005 2953
f 3006 3054 3053
f 3006 3053 3005
f 3054 3248 3247
f 3054 3247 3053
f 3248 3350 3349
f 3248 3349 3247
f 3350 3440 3439
f 3350 3439 3349
f 3440 3524 3523
f 3440 3523 3439
f 3524 3564 3563
f 3524 3563 3523
f 9762 9650 9649
f 9762 9649 9761
f 9650 9630 9629
f 9650 9629 9649
f 9630 9606 9605
f 9630 9605 9629
f 9606 9592 9591
f 9606 9591 9605
f 9592 9632 9631
f 9592 9631 9591
f 9632 9850 9849
f 9632 9849 9631
f 9850 9994 9993
f 9850 9993 9849
f 9994 10174 10173
f 9994 10173 9993
f 10174 10540 10539
f 10174 10539 10173
f 10540 10722 10721
f 10540 10721 10539
f 10722 10850 10849
f 10722 10849 10721
f 10850 11004 11003
f 10850 11003 10849
f 11004 11040 11039
f 11004 11039 11003
f 11040 11026 11025
f 11040 11025 11039
f 11026 10810 10809
f 11026 10809 11025
f 10810 10656 10655
f 10810 10655 10809
f 10656 10438 10437
f 10656 10437 10655
f 10438 10054 10053
f 10438 10053 10437
f 10054 9896 9895
f 10054 9895 10053
f 9896 9762 9761
f 9896 9761 9895
f 7118 6962 6961
f 7118 6961 7117
f 6962 6908 6907
f 6962 6907 6961
f 6908 6826 6825
f 6908 6825 6907
f 6826 6668 6667
f 6826 6667 6825
f 6668 6594 6593
f 6668 6593 6667
f 6594 6546 6545
f 6594 6545 6593
f 6546 6440 6439
f 6546 6439 6545
f 6440 6428 6427
f 6440 6427 6439
f 6428 6438 6437
f 6428 6437 6427
f 6438 6490 6489
f 6438 6489 6437
f 6490 6544 6543
f 6490 6543 6489
f 6544 6596 6595
f 6544 6595 6543
f 6596 6768 6767
f 6596 6767 6595
f 6768 6840 6839
f 6768 6839 6767
f 6840 6924 6923
f 6840 6923 6839
f 6924 7088 7087
f 6924 7087 6923
f 7088 7172 7171
f 7088 7171 7087
f 7172 7264 7263
f 7172 7263 7171
f 7264 7408 7407
f 7264 7407 7263
f 7408 7472 7471
f 7408 7471 7407
f 7472 7508 7507
f 7472 7507 7471
f 7508 7426 7425
f 7508 7425 7507
f 7426 7378 7377
f 7426 7377 7425
f 7378 7320 7319
f 7378 7319 7377
f 7320 7242 7241
f 7320 7241 7319
f 7242 7184 7183
f 7242 7183 7241
f 7184 7118 7117
f 7184 7117 7183
f 9418 9290 9289
f 9418 9289 9417
f 9290 9170 9169
f 9290 9169 9289
f 9170 8976 8975
f 9170 8975 9169
f 8976 8382 8381
f 8976 8381 8975
f 8382 8048 8047
f 8382 8047 8381
f 8048 7784 7783
f 8048 7783 8047
f 7784 7630 7629
f 7784 7629 7783
f 7630 7644 7643
f 7630 7643 7629
f 7644 7734 7733
f 7644 7733 7643
f 7734 8346 8345
f 7734 8345 7733
f 8346 8604 8603
f 8346 8603 8345
f 8604 8916 8915
f 8604 8915 8603
f 8916 9278 9277
f 8916 9277 8915
f 9278 9346 9345
f 9278 9345 9277
f 9346 9406 9405
f 9346 9405 9345
f 9406 9478 9477
f 9406 9477 9405
f 9478 9482 9481
f 9478 9481 9477
f 9482 9488 9487
f 9482 9487 9481
f 9488 9494 9493
f 9488 9493 9487
f 9494 9490 9489
f 9494 9489 9493
f 9490 9484 9483
f 9490 9483 9489
f 9484 9456 9455
f 9484 9455 9483
f 9456 9436 9435
f 9456 9435 9455
f 9436 9418 9417
f 9436 9417 9435
f 4294 4293 4441
f 4294 4441 4442
f 4294 4194 4193
f 4294 4193 4293
f 4194 4042 4041
f 4194 4041 4193
f 4042 3714 3713
f 4042 3713 4041
f 3714 3538 3537
f 3714 3537 3713
f 3538 3368 3367
f 3538 3367 3537
f 3368 3156 3155
f 3368 3155 3367
f 3156 3068 3067
f 3156 3067 3155
f 3068 3296 3295
f 3068 3295 3067
f 3296 3424 3423
f 3296 3423 3295
f 3424 3622 3621
f 3424 3621 3423
f 3622 3910 3909
f 3622 3909 3621
f 3910 4032 4031
f 3910 4031 3909
f 4032 4160 4159
f 4032 4159 4031
f 4160 4332 4331
f 4160 4331 4159
f 4332 4374 4373
f 4332 4373 4331
f 4374 4404 4403
f 4374 4403 4373
f 4404 4430 4429
f 4404 4429 4403
f 4429 4430 4442
f 4429 4442 4441
f 4626 4570 4569
f 4626 4569 4625
f 4570 4560 4559
f 4570 4559 4569
f 4560 4550 4549
f 4560 4549 4559
f 4550 4526 4525
f 4550 4525 4549
f 4526 4534 4533
f 4526 4533 4525
f 4534 4548 4547
f 4534 4547 4533
f 4548 4568 4567
f 4548 4567 4547
f 4568 4598 4597
f 4568 4597 4567
f 4598 4664 4663
f 4598 4663 4597
f 4664 4860 4859
f 4664 4859 4663
f 4860 5056 5055
f 4860 5055 4859
f 5056 5278 5277
f 5056 5277 5055
f 5278 5742 5741
f 5278 5741 5277
f 5742 5960 5959
f 5742 5959 5741
f 5960 6138 6137
f 5960 6137 5959
f 6138 6238 6237
f 6138 6237 6137
f 6238 6208 6207
f 6238 6207 6237
f 6208 6092 6091
f 6208 6091 6207
f 6092 5600 5599
f 6092 5599 6091
f 5600 5274 5273
f 5600 5273 5599
f 5274 4990 4989
f 5274 4989 5273
f 4990 4710 4709
f 4990 4709 4989
f 4710 4668 4667
f 4710 4667 4709
f 4668 4626 4625
f 4668 4625 4667
f 8422 8324 8323
f 8422 8323 8421
f 8324 8274 8273
f 8324 8273 8323
f 8274 8186 8185
f 8274 8185 8273
f 8186 7970 7969
f 8186 7969 8185
f 7970 7704 7703
f 7970 7703 7969
f 7704 7978 7977
f 7704 7977 7703
f 7978 8090 8089
f 7978 8089 7977
f 8090 8214 8213
f 8090 8213 8089
f 8214 8392 8391
f 8214 8391 8213
f 8392 8478 8477
f 8392 8477 8391
f 8478 8612 8611
f 8478 8611 8477
f 8612 8932 8931
f 8612 8931 8611
f 8932 9094 9093
f 8932 9093 8931
f 9094 9232 9231
f 9094 9231 9093
f 9232 9476 9475
f 9232 9475 9231
f 9476 9586 9585
f 9476 9585 9475
f 9586 9758 9757
f 9586 9757 9585
f 9758 10104 10103
f 9758 10103 9757
f 10104 10274 10273
f 10104 10273 10103
f 10274 10408 10407
f 10274 10407 10273
f 10408 10658 10657
f 10408 10657 10407
f 10658 10832 10831
f 10658 10831 10657
f 10832 10394 10393
f 10832 10393 10831
f 10394 10216 10215
f 10394 10215 10393
f 10216 9962 9961
f 10216 9961 10215
f 9962 9576 9575
f 9962 9575 9961
f 9576 9452 9451
f 9576 9451 9575
f 9452 9332 9331
f 9452 9331 9451
f 9332 9088 9087
f 9332 9087 9331
f 9088 8942 8941
f 9088 8941 9087
f 8942 8796 8795
f 8942 8795 8941
f 8796 8560 8559
f 8796 8559 8795
f 8560 8496 8495
f 8560 8495 8559
f 8496 8422 8421
f 8496 8421 8495
f 6108 5860 5859
f 6108 5859 6107
f 5860 5720 5719
f 5860 5719 5859
f 5720 5588 5587
f 5720 5587 5719
f 5588 5156 5155
f 5588 5155 5587
f 5156 4976 4975
f 5156 4975 5155
f 4976 4818 4817
f 4976 4817 4975
f 4818 4622 4621
f 4818 4621 4817
f 4622 4552 4551
f 4622 4551 4621
f 4552 4448 4447
f 4552 4447 4551
f 4448 4148 4147
f 4448 4147 4447
f 4148 4012 4011
f 4148 4011 4147
f 4012 3854 3853
f 4012 3853 4011
f 3854 3636 3635
f 3854 3635 3853
f 3636 3522 3521
f 3636 3521 3635
f 3522 3474 3473
f 3522 3473 3521
f 3474 3438 3437
f 3474 3437 3473
f 3438 3500 3499
f 3438 3499 3437
f 3500 3654 3653
f 3500 3653 3499
f 3654 3990 3989
f 3654 3989 3653
f 3990 4176 4175
f 3990 4175 3989
f 4176 4384 4383
f 4176 4383 4175
f 4384 4690 4689
f 4384 4689 4383
f 4690 4814 4813
f 4690 4813 4689
f 4814 4962 4961
f 4814 4961 4813
f 4962 5266 5265
f 4962 5265 4961
f 5266 5432 5431
f 5266 5431 5265
f 5432 5580 5579
f 5432 5579 5431
f 5580 5836 5835
f 5580 5835 5579
f 5836 5966 5965
f 5836 5965 5835
f 5966 6098 6097
f 5966 6097 5965
f 6098 6256 6255
f 6098 6255 6097
f 6256 6196 6195
f 6256 6195 6255
f 6196 6108 6107
f 6196 6107 6195
f 13554 13528 13527
f 13554 13527 13553
f 13528 13492 13491
f 13528 13491 13527
f 13492 13454 13453
f 13492 13453 13491
f 13454 13298 13297
f 13454 13297 13453
f 13298 13126 13125
f 13298 13125 13297
f 13126 13308 13307
f 13126 13307 13125
f 13308 13514 13513
f 13308 13513 13307
f 13514 13540 13539
f 13514 13539 13513
f 13540 13548 13547
f 13540 13547 13539
f 13548 13560 13559
f 13548 13559 13547
f 13560 13574 13573
f 13560 13573 13559
f 13574 13564 13563
f 13574 13563 13573
f 13564 13554 13553
f 13564 13553 13563
f 10462 10464 10463
f 10462 10463 10461
f 10464 10440 10439
f 10464 10439 10463
f 10440 10372 10371
f 10440 10371 10439
f 10372 10146 10145
f 10372 10145 10371
f 10146 9846 9845
f 10146 9845 10145
f 9846 10082 10081
f 9846 10081 9845
f 10082 10206 10205
f 10082 10205 10081
f 10206 10288 10287
f 10206 10287 10205
f 10288 10364 10363
f 10288 10363 10287
f 10364 10380 10379
f 10364 10379 10363
f 10380 10392 10391
f 10380 10391 10379
f 10392 10442 10441
f 10392 10441 10391
f 10442 10458 10457
f 10442 10457 10441
f 10458 10462 10461
f 10458 10461 10457
f 7670 7628 7627
f 7670 7627 7669
f 7628 7596 7595
f 7628 7595 7627
f 7596 7554 7553
f 7596 7553 7595
f 7554 7484 7483
f 7554 7483 7553
f 7484 7424 7423
f 7484 7423 7483
f 7424 7480 7479
f 7424 7479 7423
f 7480 7722 7721
f 7480 7721 7479
f 7722 7898 7897
f 7722 7897 7721
f 7898 8080 8079
f 7898 8079 7897
f 8080 8354 8353
f 8080 8353 8079
f 8354 8598 8597
f 8354 8597 8353
f 8598 8854 8853
f 8598 8853 8597
f 8854 8924 8923
f 8854 8923 8853
f 8924 9010 9009
f 8924 9009 8923
f 9010 9092 9091
f 9010 9091 9009
f 9092 9052 9051
f 9092 9051 9091
f 9052 8972 8971
f 9052 8971 9051
f 8972 8708 8707
f 8972 8707 8971
f 8708 8520 8519
f 8708 8519 8707
f 8520 8380 8379
f 8520 8379 8519
f 8380 8074 8073
f 8380 8073 8379
f 8074 7924 7923
f 8074 7923 8073
f 7924 7792 7791
f 7924 7791 7923
f 7792 7686 7685
f 7792 7685 7791
f 7686 7682 7681
f 7686 7681 7685
f 7682 7670 7669
f 7682 7669 7681
f 6472 6420 6419
f 6472 6419 6471
f 6420 6376 6375
f 6420 6375 6419
f 6376 6272 6271
f 6376 6271 6375
f 6272 5892 5891
f 6272 5891 6271
f 5892 5714 5713
f 5892 5713 5891
f 5714 5574 5573
f 5714 5573 5713
f 5574 5236 5235
f 5574 5235 5573
f 5236 5136 5135
f 5236 5135 5235
f 5136 5060 5059
f 5136 5059 5135
f 5060 4984 4983
f 5060 4983 5059
f 4984 5014 5013
f 4984 5013 4983
f 5014 5064 5063
f 5014 5063 5013
f 5064 5252 5251
f 5064 5251 5063
f 5252 5426 5425
f 5252 5425 5251
f 5426 5482 5481
f 5426 5481 5425
f 5482 5560 5559
f 5482 5559 5481
f 5560 5586 5585
f 5560 5585 5559
f 5586 5610 5609
f 5586 5609 5585
f 5610 5678 5677
f 5610 5677 5609
f 5678 5752 5751
f 5678 5751 5677
f 5752 5838 5837
f 5752 5837 5751
f 5838 6116 6115
f 5838 6115 5837
f 6116 6288 6287
f 6116 6287 6115
f 6288 6386 6385
f 6288 6385 6287
f 6386 6524 6523
f 6386 6523 6385
f 6524 6496 6495
f 6524 6495 6523
f 6496 6472 6471
f 6496 6471 6495
f 3770 3710 3709
f 3770 3709 3769
f 3710 3708 3707
f 3710 3707 3709
f 3708 3716 3715
f 3708 3715 3707
f 3716 3754 3753
f 3716 3753 3715
f 3754 3804 3803
f 3754 3803 3753
f 3804 3864 3863
f 3804 3863 3803
f 3864 4018 4017
f 3864 4017 3863
f 4018 4180 4179
f 4018 4179 4017
f 4180 3986 3985
f 4180 3985 4179
f 3986 3852 3851
f 3986 3851 3985
f 3852 3770 3769
f 3852 3769 3851
f 586 524 523
f 586 523 585
f 524 506 505
f 524 505 523
f 506 500 499
f 506 499 505
f 500 512 511
f 500 511 499
f 512 534 533
f 512 533 511
f 534 546 545
f 534 545 533
f 546 560 559
f 546 559 545
f 560 576 575
f 560 575 559
f 576 644 643
f 576 643 575
f 644 802 801
f 644 801 643
f 802 1008 1007
f 802 1007 801
f 1008 892 891
f 1008 891 1007
f 892 850 849
f 892 849 891
f 850 792 791
f 850 791 849
f 792 680 679
f 792 679 791
f 680 638 637
f 680 637 679
f 638 586 585
f 638 585 637
f 7028 6948 6947
f 7028 6947 7027
f 6948 6920 6919
f 6948 6919 6947
f 6920 6886 6885
f 6920 6885 6919
f 6886 6876 6875
f 6886 6875 6885
f 6876 6892 6891
f 6876 6891 6875
f 6892 6872 6871
f 6892 6871 6891
f 6872 6844 6843
f 6872 6843 6871
f 6844 6824 6823
f 6844 6823 6843
f 6824 6800 6799
f 6824 6799 6823
f 6800 6754 6753
f 6800 6753 6799
f 6754 6742 6741
f 6754 6741 6753
f 6742 6782 6781
f 6742 6781 6741
f 6782 6986 6985
f 6782 6985 6781
f 6986 7116 7115
f 6986 7115 6985
f 7116 7230 7229
f 7116 7229 7115
f 7230 7336 7335
f 7230 7335 7229
f 7336 7316 7315
f 7336 7315 7335
f 7316 7290 7289
f 7316 7289 7315
f 7290 7188 7187
f 7290 7187 7289
f 7188 7124 7123
f 7188 7123 7187
f 7124 7092 7091
f 7124 7091 7123
f 7092 7068 7067
f 7092 7067 7091
f 7068 7052 7051
f 7068 7051 7067
f 7052 7028 7027
f 7052 7027 7051
f 13080 13024 13023
f 13080 13023 13079
f 13024 13000 12999
f 13024 12999 13023
f 13000 12958 12957
f 13000 12957 12999
f 12958 12852 12851
f 12958 12851 12957
f 12852 12796 12795
f 12852 12795 12851
f 12796 12706 12705
f 12796 12705 12795
f 12706 12566 12565
f 12706 12565 12705
f 12566 12466 12465
f 12566 12465 12565
f 12466 12404 12403
f 12466 12403 12465
f 12404 12346 12345
f 12404 12345 12403
f 12346 12366 12365
f 12346 12365 12345
f 12366 12394 12393
f 12366 12393 12365
f 12394 12532 12531
f 12394 12531 12393
f 12532 12592 12591
f 12532 12591 12531
f 12592 12656 12655
f 12592 12655 12591
f 12656 12782 12781
f 12656 12781 12655
f 12782 12898 12897
f 12782 12897 12781
f 12898 13700 13699
f 12898 13699 12897
f 13700 13512 13511
f 13700 13511 13699
f 13512 13422 13421
f 13512 13421 13511
f 13422 13324 13323
f 13422 13323 13421
f 13324 13220 13219
f 13324 13219 13323
f 13220 13200 13199
f 13220 13199 13219
f 13200 13172 13171
f 13200 13171 13199
f 13172 13130 13129
f 13172 13129 13171
f 13130 13106 13105
f 13130 13105 13129
f 13106 13080 13079
f 13106 13079 13105
f 11664 11504 11503
f 11664 11503 11663
f 11504 11432 11431
f 11504 11431 11503
f 11432 11318 11317
f 11432 11317 11431
f 11318 11046 11045
f 11318 11045 11317
f 11046 10788 10787
f 11046 10787 11045
f 10788 10626 10625
f 10788 10625 10787
f 10626 10578 10577
f 10626 10577 10625
f 10578 10628 10627
f 10578 10627 10577
f 10628 10698 10697
f 10628 10697 10627
f 10698 10840 10839
f 10698 10839 10697
f 10840 10894 10893
f 10840 10893 10839
f 10894 10944 10943
f 10894 10943 10893
f 10944 11010 11009
f 10944 11009 10943
f 11010 10990 10989
f 11010 10989 11009
f 10990 10950 10949
f 10990 10949 10989
f 10950 10856 10855
f 10950 10855 10949
f 10856 10784 10783
f 10856 10783 10855
f 10784 10676 10675
f 10784 10675 10783
f 10676 10430 10429
f 10676 10429 10675
f 10430 10326 10325
f 10430 10325 10429
f 10326 10250 10249
f 10326 10249 10325
f 10250 10188 10187
f 10250 10187 10249
f 10188 10200 10199
f 10188 10199 10187
f 10200 10238 10237
f 10200 10237 10199
f 10238 10328 10327
f 10238 10327 10237
f 10328 10400 10399
f 10328 10399 10327
f 10400 10522 10521
f 10400 10521 10399
f 10522 10786 10785
f 10522 10785 10521
f 10786 10912 10911
f 10786 10911 10785
f 10912 11044 11043
f 10912 11043 10911
f 11044 11240 11239
f 11044 11239 11043
f 11240 11338 11337
f 11240 11337 11239
f 11338 11494 11493
f 11338 11493 11337
f 11494 11848 11847
f 11494 11847 11493
f 11848 12064 12063
f 11848 12063 11847
f 12064 12234 12233
f 12064 12233 12063
f 12234 12718 12717
f 12234 12717 12233
f 12718 12922 12921
f 12718 12921 12717
f 12922 13118 13117
f 12922 13117 12921
f 13118 13340 13339
f 13118 13339 13117
f 13340 13368 13367
f 13340 13367 13339
f 13368 13370 13369
f 13368 13369 13367
f 13370 13254 13253
f 13370 13253 13369
f 13254 13176 13175
f 13254 13175 13253
f 13176 13096 13095
f 13176 13095 13175
f 13096 12912 12911
f 13096 12911 13095
f 12912 12826 12825
f 12912 12825 12911
f 12826 12714 12713
f 12826 12713 12825
f 12714 12524 12523
f 12714 12523 12713
f 12524 12384 12383
f 12524 12383 12523
f 12384 12230 12229
f 12384 12229 12383
f 12230 11956 11955
f 12230 11955 12229
f 11956 11804 11803
f 11956 11803 11955
f 11804 11664 11663
f 11804 11663 11803
f 7502 7272 7271
f 7502 7271 7501
f 7272 7238 7237
f 7272 7237 7271
f 7238 7216 7215
f 7238 7215 7237
f 7216 7186 7185
f 7216 7185 7215
f 7186 7198 7197
f 7186 7197 7185
f 7198 7214 7213
f 7198 7213 7197
f 7214 7270 7269
f 7214 7269 7213
f 7270 7304 7303
f 7270 7303 7269
f 7304 7374 7373
f 7304 7373 7303
f 7374 7544 7543
f 7374 7543 7373
f 7544 7632 7631
f 7544 7631 7543
f 7632 7724 7723
f 7632 7723 7631
f 7724 7998 7997
f 7724 7997 7723
f 7998 8098 8097
f 7998 8097 7997
f 8098 8226 8225
f 8098 8225 8097
f 8226 8396 8395
f 8226 8395 8225
f 8396 8470 8469
f 8396 8469 8395
f 8470 8548 8547
f 8470 8547 8469
f 8548 8654 8653
f 8548 8653 8547
f 8654 8682 8681
f 8654 8681 8653
f 8682 8704 8703
f 8682 8703 8681
f 8704 8726 8725
f 8704 8725 8703
f 8726 8714 8713
f 8726 8713 8725
f 8714 8684 8683
f 8714 8683 8713
f 8684 8594 8593
f 8684 8593 8683
f 8594 8542 8541
f 8594 8541 8593
f 8542 8464 8463
f 8542 8463 8541
f 8464 8364 8363
f 8464 8363 8463
f 8364 8290 8289
f 8364 8289 8363
f 8290 8162 8161
f 8290 8161 8289
f 8162 7818 7817
f 8162 7817 8161
f 7818 7642 7641
f 7818 7641 7817
f 7642 7502 7501
f 7642 7501 7641
f 6686 6622 6621
f 6686 6621 6685
f 6622 6574 6573
f 6622 6573 6621
f 6574 6432 6431
f 6574 6431 6573
f 6432 6176 6175
f 6432 6175 6431
f 6176 6032 6031
f 6176 6031 6175
f 6032 5908 5907
f 6032 5907 6031
f 5908 5732 5731
f 5908 5731 5907
f 5732 5668 5667
f 5732 5667 5731
f 5668 5622 5621
f 5668 5621 5667
f 5622 5554 5553
f 5622 5553 5621
f 5554 5546 5545
f 5554 5545 5553
f 5546 5528 5527
f 5546 5527 5545
f 5528 5486 5485
f 5528 5485 5527
f 5486 5508 5507
f 5486 5507 5485
f 5508 5532 5531
f 5508 5531 5507
f 5532 5576 5575
f 5532 5575 5531
f 5576 5614 5613
f 5576 5613 5575
f 5614 5672 5671
f 5614 5671 5613
f 5672 5866 5865
f 5672 5865 5671
f 5866 5976 5975
f 5866 5975 5865
f 5976 6122 6121
f 5976 6121 5975
f 6122 6342 6341
f 6122 6341 6121
f 6342 6396 6395
f 6342 6395 6341
f 6396 6514 6513
f 6396 6513 6395
f 6514 6664 6663
f 6514 6663 6513
f 6664 6716 6715
f 6664 6715 6663
f 6716 6750 6749
f 6716 6749 6715
f 6750 6786 6785
f 6750 6785 6749
f 6786 6776 6775
f 6786 6775 6785
f 6776 6770 6769
f 6776 6769 6775
f 6770 6732 6731
f 6770 6731 6769
f 6732 6714 6713
f 6732 6713 6731
f 6714 6686 6685
f 6714 6685 6713
f 2744 2556 2555
f 2744 2555 2743
f 2556 2512 2511
f 2556 2511 2555
f 2512 2436 2435
f 2512 2435 2511
f 2436 2250 2249
f 2436 2249 2435
f 2250 2170 2169
f 2250 2169 2249
f 2170 2078 2077
f 2170 2077 2169
f 2078 1966 1965
f 2078 1965 2077
f 1966 1936 1935
f 1966 1935 1965
f 1936 1882 1881
f 1936 1881 1935
f 1882 1682 1681
f 1882 1681 1881
f 1682 1604 1603
f 1682 1603 1681
f 1604 1492 1491
f 1604 1491 1603
f 1492 1328 1327
f 1492 1327 1491
f 1328 1254 1253
f 1328 1253 1327
f 1254 1156 1155
f 1254 1155 1253
f 1156 950 949
f 1156 949 1155
f 950 870 869
f 950 869 949
f 870 826 825
f 870 825 869
f 826 774 773
f 826 773 825
f 774 848 847
f 774 847 773
f 848 996 995
f 848 995 847
f 996 1396 1395
f 996 1395 995
f 1396 1630 1629
f 1396 1629 1395
f 1630 1822 1821
f 1630 1821 1629
f 1822 2208 2207
f 1822 2207 1821
f 2208 2368 2367
f 2208 2367 2207
f 2368 2540 2539
f 2368 2539 2367
f 2540 2850 2849
f 2540 2849 2539
f 2850 2996 2995
f 2850 2995 2849
f 2996 3102 3101
f 2996 3101 2995
f 3102 3276 3275
f 3102 3275 3101
f 3276 3308 3307
f 3276 3307 3275
f 3308 3400 3399
f 3308 3399 3307
f 3400 3696 3695
f 3400 3695 3399
f 3696 3848 3847
f 3696 3847 3695
f 3848 3950 3949
f 3848 3949 3847
f 3950 3984 3983
f 3950 3983 3949
f 3984 3898 3897
f 3984 3897 3983
f 3898 3812 3811
f 3898 3811 3897
f 3812 3574 3573
f 3812 3573 3811
f 3574 3416 3415
f 3574 3415 3573
f 3416 3316 3315
f 3416 3315 3415
f 3316 3232 3231
f 3316 3231 3315
f 3232 3242 3241
f 3232 3241 3231
f 3242 3272 3271
f 3242 3271 3241
f 3272 3394 3393
f 3272 3393 3271
f 3394 3482 3481
f 3394 3481 3393
f 3482 3570 3569
f 3482 3569 3481
f 3570 3656 3655
f 3570 3655 3569
f 3656 3588 3587
f 3656 3587 3655
f 3588 3450 3449
f 3588 3449 3587
f 3450 3038 3037
f 3450 3037 3449
f 3038 2856 2855
f 3038 2855 3037
f 2856 2744 2743
f 2856 2743 2855
f 1272 1202 1201
f 1272 1201 1271
f 1202 1178 1177
f 1202 1177 1201
f 1178 1138 1137
f 1178 1137 1177
f 1138 1038 1037
f 1138 1037 1137
f 1038 986 985
f 1038 985 1037
f 986 884 883
f 986 883 985
f 884 634 633
f 884 633 883
f 634 356 355
f 634 355 633
f 356 452 451
f 356 451 355
f 452 522 521
f 452 521 451
f 522 664 663
f 522 663 521
f 664 978 977
f 664 977 663
f 978 1336 1335
f 978 1335 977
f 1336 1400 1399
f 1336 1399 1335
f 1400 1438 1437
f 1400 1437 1399
f 1438 1474 1473
f 1438 1473 1437
f 1474 1568 1567
f 1474 1567 1473
f 1568 1618 1617
f 1568 1617 1567
f 1618 1658 1657
f 1618 1657 1617
f 1658 1786 1785
f 1658 1785 1657
f 1786 1848 1847
f 1786 1847 1785
f 1848 1900 1899
f 1848 1899 1847
f 1900 1942 1941
f 1900 1941 1899
f 1942 1916 1915
f 1942 1915 1941
f 1916 1870 1869
f 1916 1869 1915
f 1870 1672 1671
f 1870 1671 1869
f 1672 1592 1591
f 1672 1591 1671
f 1592 1481 1480
f 1592 1480 1591
f 1481 1350 1349
f 1481 1349 1480
f 1350 1310 1309
f 1350 1309 1349
f 1310 1272 1271
f 1310 1271 1309
f 9296 9246 9245
f 9296 9245 9295
f 9246 9210 9209
f 9246 9209 9245
f 9210 9148 9147
f 9210 9147 9209
f 9148 8930 8929
f 9148 8929 9147
f 8930 8596 8595
f 8930 8595 8929
f 8596 8784 8783
f 8596 8783 8595
f 8784 8888 8887
f 8784 8887 8783
f 8888 9014 9013
f 8888 9013 8887
f 9014 9244 9243
f 9014 9243 9013
f 9244 9340 9339
f 9244 9339 9243
f 9340 9428 9427
f 9340 9427 9339
f 9428 9600 9599
f 9428 9599 9427
f 9600 9778 9777
f 9600 9777 9599
f 9778 9738 9737
f 9778 9737 9777
f 9738 9718 9717
f 9738 9717 9737
f 9718 9672 9671
f 9718 9671 9717
f 9672 9546 9545
f 9672 9545 9671
f 9546 9502 9501
f 9546 9501 9545
f 9502 9430 9429
f 9502 9429 9501
f 9430 9348 9347
f 9430 9347 9429
f 9348 9318 9317
f 9348 9317 9347
f 9318 9296 9295
f 9318 9295 9317
f 9860 9714 9713
f 9860 9713 9859
f 9714 9654 9653
f 9714 9653 9713
f 9654 9574 9573
f 9654 9573 9653
f 9574 9528 9527
f 9574 9527 9573
f 9528 9538 9537
f 9528 9537 9527
f 9538 9552 9551
f 9538 9551 9537
f 9552 9602 9601
f 9552 9601 9551
f 9602 9684 9683
f 9602 9683 9601
f 9684 9794 9793
f 9684 9793 9683
f 9794 9844 9843
f 9794 9843 9793
f 9844 9904 9903
f 9844 9903 9843
f 9904 9942 9941
f 9904 9941 9903
f 9942 9928 9927
f 9942 9927 9941
f 9928 9860 9859
f 9928 9859 9927
f 4886 4774 4773
f 4886 4773 4885
f 4774 4748 4747
f 4774 4747 4773
f 4748 4722 4721
f 4748 4721 4747
f 4722 4676 4675
f 4722 4675 4721
f 4676 4634 4633
f 4676 4633 4675
f 4634 4594 4593
f 4634 4593 4633
f 4594 4496 4495
f 4594 4495 4593
f 4496 4460 4459
f 4496 4459 4495
f 4460 4402 4401
f 4460 4401 4459
f 4402 4370 4369
f 4402 4369 4401
f 4368 4367 4369
f 4368 4369 4370
f 4368 4620 4619
f 4368 4619 4367
f 4620 4714 4713
f 4620 4713 4619
f 4714 4826 4825
f 4714 4825 4713
f 4826 5040 5039
f 4826 5039 4825
f 5040 5120 5119
f 5040 5119 5039
f 5120 5214 5213
f 5120 5213 5119
f 5214 5398 5397
f 5214 5397 5213
f 5398 5488 5487
f 5398 5487 5397
f 5488 5142 5141
f 5488 5141 5487
f 5142 5020 5019
f 5142 5019 5141
f 5020 4886 4885
f 5020 4885 5019
f 4578 4394 4393
f 4578 4393 4577
f 4394 4324 4323
f 4394 4323 4393
f 4324 4266 4265
f 4324 4265 4323
f 4266 4178 4177
f 4266 4177 4265
f 4178 4196 4195
f 4178 4195 4177
f 4196 4226 4225
f 4196 4225 4195
f 4226 4310 4309
f 4226 4309 4225
f 4310 4414 4413
f 4310 4413 4309
f 4414 4502 4501
f 4414 4501 4413
f 4502 4530 4529
f 4502 4529 4501
f 4530 4562 4561
f 4530 4561 4529
f 4562 4574 4573
f 4562 4573 4561
f 4573 4574 4578
f 4573 4578 4577
f 13410 13400 13399
f 13410 13399 13409
f 13400 13362 13361
f 13400 13361 13399
f 13362 13312 13311
f 13362 13311 13361
f 13312 13164 13163
f 13312 13163 13311
f 13164 12980 12979
f 13164 12979 13163
f 12980 13100 13099
f 12980 13099 12979
f 13100 13144 13143
f 13100 13143 13099
f 13144 13190 13189
f 13144 13189 13143
f 13190 13256 13255
f 13190 13255 13189
f 13256 13276 13275
f 13256 13275 13255
f 13276 13288 13287
f 13276 13287 13275
f 13288 13326 13325
f 13288 13325 13287
f 13326 13338 13337
f 13326 13337 13325
f 13338 13356 13355
f 13338 13355 13337
f 13356 13396 13395
f 13356 13395 13355
f 13396 13404 13403
f 13396 13403 13395
f 13404 13410 13409
f 13404 13409 13403
f 10242 10052 10051
f 10242 10051 10241
f 10052 10018 10017
f 10052 10017 10051
f 10018 9968 9967
f 10018 9967 10017
f 9968 9884 9883
f 9968 9883 9967
f 9884 9838 9837
f 9884 9837 9883
f 9838 9826 9825
f 9838 9825 9837
f 9826 9914 9913
f 9826 9913 9825
f 9914 9948 9947
f 9914 9947 9913
f 9948 9980 9979
f 9948 9979 9947
f 9980 9978 9977
f 9980 9977 9979
f 9978 9930 9929
f 9978 9929 9977
f 9930 9820 9819
f 9930 9819 9929
f 9820 9580 9579
f 9820 9579 9819
f 9580 9344 9343
f 9580 9343 9579
f 9344 9206 9205
f 9344 9205 9343
f 9206 9072 9071
f 9206 9071 9205
f 9072 9258 9257
f 9072 9257 9071
f 9258 9322 9321
f 9258 9321 9257
f 9322 9402 9401
f 9322 9401 9321
f 9402 9526 9525
f 9402 9525 9401
f 9526 9612 9611
f 9526 9611 9525
f 9612 9720 9719
f 9612 9719 9611
f 9720 10016 10015
f 9720 10015 9719
f 10016 10224 10223
f 10016 10223 10015
f 10224 10450 10449
f 10224 10449 10223
f 10450 10942 10941
f 10450 10941 10449
f 10942 11110 11109
f 10942 11109 10941
f 11110 11230 11229
f 11110 11229 11109
f 11230 11320 11319
f 11230 11319 11229
f 11320 11310 11309
f 11320 11309 11319
f 11310 11294 11293
f 11310 11293 11309
f 11294 11252 11251
f 11294 11251 11293
f 11252 11222 11221
f 11252 11221 11251
f 11222 11158 11157
f 11222 11157 11221
f 11158 11050 11049
f 11158 11049 11157
f 11050 10956 10955
f 11050 10955 11049
f 10956 10842 10841
f 10956 10841 10955
f 10842 10504 10503
f 10842 10503 10841
f 10504 10358 10357
f 10504 10357 10503
f 10358 10242 10241
f 10358 10241 10357
f 4170 4114 4113
f 4170 4113 4169
f 4114 4068 4067
f 4114 4067 4113
f 4068 4022 4021
f 4068 4021 4067
f 4022 3838 3837
f 4022 3837 4021
f 3838 3728 3727
f 3838 3727 3837
f 3728 3648 3647
f 3728 3647 3727
f 3648 3430 3429
f 3648 3429 3647
f 3430 3364 3363
f 3430 3363 3429
f 3364 3302 3301
f 3364 3301 3363
f 3302 3174 3173
f 3302 3173 3301
f 3174 3124 3123
f 3174 3123 3173
f 3124 3098 3097
f 3124 3097 3123
f 3098 3040 3039
f 3098 3039 3097
f 3040 3028 3027
f 3040 3027 3039
f 3028 3002 3001
f 3028 3001 3027
f 3002 2942 2941
f 3002 2941 3001
f 2942 2910 2909
f 2942 2909 2941
f 2910 3078 3077
f 2910 3077 2909
f 3078 3198 3197
f 3078 3197 3077
f 3198 3384 3383
f 3198 3383 3197
f 3384 3876 3875
f 3384 3875 3383
f 3876 4120 4119
f 3876 4119 3875
f 4120 4360 4359
f 4120 4359 4119
f 4360 4672 4671
f 4360 4671 4359
f 4672 4764 4763
f 4672 4763 4671
f 4764 4864 4863
f 4764 4863 4763
f 4864 5008 5007
f 4864 5007 4863
f 5008 5018 5017
f 5008 5017 5007
f 5018 4996 4995
f 5018 4995 5017
f 4996 4894 4893
f 4996 4893 4995
f 4894 4830 4829
f 4894 4829 4893
f 4830 4760 4759
f 4830 4759 4829
f 4760 4580 4579
f 4760 4579 4759
f 4580 4494 4493
f 4580 4493 4579
f 4494 4390 4389
f 4494 4389 4493
f 4390 4282 4281
f 4390 4281 4389
f 4282 4254 4253
f 4282 4253 4281
f 4254 4220 4219
f 4254 4219 4253
f 4220 4188 4187
f 4220 4187 4219
f 4188 4204 4203
f 4188 4203 4187
f 4204 4224 4223
f 4204 4223 4203
f 4224 4292 4291
f 4224 4291 4223
f 4292 4328 4327
f 4292 4327 4291
f 4328 4338 4337
f 4328 4337 4327
f 4338 4280 4279
f 4338 4279 4337
f 4280 4234 4233
f 4280 4233 4279
f 4234 4170 4169
f 4234 4169 4233
f 914 828 827
f 914 827 913
f 828 800 799
f 828 799 827
f 800 778 777
f 800 777 799
f 778 758 757
f 778 757 777
f 758 762 761
f 758 761 757
f 762 784 783
f 762 783 761
f 784 834 833
f 784 833 783
f 834 904 903
f 834 903 833
f 904 1080 1079
f 904 1079 903
f 1080 1128 1127
f 1080 1127 1079
f 1128 1186 1185
f 1128 1185 1127
f 1186 1228 1227
f 1186 1227 1185
f 1228 1216 1215
f 1228 1215 1227
f 1216 1176 1175
f 1216 1175 1215
f 1176 1054 1053
f 1176 1053 1175
f 1054 994 993
f 1054 993 1053
f 994 914 913
f 994 913 993
f 8822 8742 8741
f 8822 8741 8821
f 8742 8738 8737
f 8742 8737 8741
f 8738 8746 8745
f 8738 8745 8737
f 8746 8772 8771
f 8746 8771 8745
f 8772 8780 8779
f 8772 8779 8771
f 8780 8802 8801
f 8780 8801 8779
f 8802 8844 8843
f 8802 8843 8801
f 8844 8870 8869
f 8844 8869 8843
f 8870 8912 8911
f 8870 8911 8869
f 8912 9036 9035
f 8912 9035 8911
f 9036 9186 9185
f 9036 9185 9035
f 9186 8982 8981
f 9186 8981 9185
f 8982 8900 8899
f 8982 8899 8981
f 8900 8822 8821
f 8900 8821 8899
f 5380 5224 5223
f 5380 5223 5379
f 5224 5154 5153
f 5224 5153 5223
f 5154 5096 5095
f 5154 5095 5153
f 5096 5000 4999
f 5096 4999 5095
f 5000 4950 4949
f 5000 4949 4999
f 4950 4934 4933
f 4950 4933 4949
f 4934 5024 5023
f 4934 5023 4933
f 5024 5066 5065
f 5024 5065 5023
f 5066 5118 5117
f 5066 5117 5065
f 5118 5234 5233
f 5118 5233 5117
f 5234 5276 5275
f 5234 5275 5233
f 5276 5326 5325
f 5276 5325 5275
f 5326 5370 5369
f 5326 5369 5325
f 5370 5380 5379
f 5370 5379 5369
f 6566 6565 7535
f 6566 7535 7536
f 6562 6561 6565
f 6562 6565 6566
f 6562 6578 6577
f 6562 6577 6561
f 6578 6614 6613
f 6578 6613 6577
f 6614 6728 6727
f 6614 6727 6613
f 6728 6796 6795
f 6728 6795 6727
f 6796 6848 6847
f 6796 6847 6795
f 6848 6934 6933
f 6848 6933 6847
f 6934 7004 7003
f 6934 7003 6933
f 7004 7148 7147
f 7004 7147 7003
f 7148 7208 7207
f 7148 7207 7147
f 7208 7276 7275
f 7208 7275 7207
f 7276 7396 7395
f 7276 7395 7275
f 7396 7450 7449
f 7396 7449 7395
f 7450 7514 7513
f 7450 7513 7449
f 7514 7532 7531
f 7514 7531 7513
f 7532 7536 7535
f 7532 7535 7531
f 11290 11204 11203
f 11290 11203 11289
f 11204 11172 11171
f 11204 11171 11203
f 11172 11160 11159
f 11172 11159 11171
f 11160 11164 11163
f 11160 11163 11159
f 11164 11184 11183
f 11164 11183 11163
f 11184 11208 11207
f 11184 11207 11183
f 11208 11236 11235
f 11208 11235 11207
f 11236 11250 11249
f 11236 11249 11235
f 11250 11282 11281
f 11250 11281 11249
f 11282 11336 11335
f 11282 11335 11281
f 11336 11362 11361
f 11336 11361 11335
f 11362 11380 11379
f 11362 11379 11361
f 11380 11412 11411
f 11380 11411 11379
f 11412 11408 11407
f 11412 11407 11411
f 11408 11402 11401
f 11408 11401 11407
f 11402 11376 11375
f 11402 11375 11401
f 11376 11352 11351
f 11376 11351 11375
f 11352 11292 11291
f 11352 11291 11351
f 11292 11108 11107
f 11292 11107 11291
f 11108 10986 10985
f 11108 10985 11107
f 10986 10830 10829
f 10986 10829 10985
f 10830 10538 10537
f 10830 10537 10829
f 10538 10428 10427
f 10538 10427 10537
f 10428 10340 10339
f 10428 10339 10427
f 10340 10210 10209
f 10340 10209 10339
f 10210 10148 10147
f 10210 10147 10209
f 10148 10124 10123
f 10148 10123 10147
f 10124 10132 10131
f 10124 10131 10123
f 10132 10180 10179
f 10132 10179 10131
f 10180 10234 10233
f 10180 10233 10179
f 10234 10312 10311
f 10234 10311 10233
f 10312 10362 10361
f 10312 10361 10311
f 10362 10432 10431
f 10362 10431 10361
f 10432 10614 10613
f 10432 10613 10431
f 10614 10672 10671
f 10614 10671 10613
f 10672 10742 10741
f 10672 10741 10671
f 10742 10808 10807
f 10742 10807 10741
f 10808 10858 10857
f 10808 10857 10807
f 10858 10976 10975
f 10858 10975 10857
f 10976 11258 11257
f 10976 11257 10975
f 11258 11424 11423
f 11258 11423 11257
f 11424 11598 11597
f 11424 11597 11423
f 11598 11954 11953
f 11598 11953 11597
f 11954 12078 12077
f 11954 12077 11953
f 12078 12182 12181
f 12078 12181 12077
f 12182 12312 12311
f 12182 12311 12181
f 12312 12374 12373
f 12312 12373 12311
f 12374 12390 12389
f 12374 12389 12373
f 12390 12416 12415
f 12390 12415 12389
f 12416 12406 12405
f 12416 12405 12415
f 12406 12386 12385
f 12406 12385 12405
f 12386 12296 12295
f 12386 12295 12385
f 12296 12252 12251
f 12296 12251 12295
f 12252 12194 12193
f 12252 12193 12251
f 12194 12062 12061
f 12194 12061 12193
f 12062 11986 11985
f 12062 11985 12061
f 11986 11916 11915
f 11986 11915 11985
f 11916 11750 11749
f 11916 11749 11915
f 11750 11676 11675
f 11750 11675 11749
f 11676 11616 11615
f 11676 11615 11675
f 11616 11442 11441
f 11616 11441 11615
f 11442 11360 11359
f 11442 11359 11441
f 11360 11290 11289
f 11360 11289 11359
f 7768 7688 7687
f 7768 7687 7767
f 7688 7658 7657
f 7688 7657 7687
f 7658 7622 7621
f 7658 7621 7657
f 7622 7582 7581
f 7622 7581 7621
f 7582 7578 7577
f 7582 7577 7581
f 7578 7598 7597
f 7578 7597 7577
f 7598 7650 7649
f 7598 7649 7597
f 7650 7696 7695
f 7650 7695 7649
f 7696 7746 7745
f 7696 7745 7695
f 7746 7890 7889
f 7746 7889 7745
f 7890 8070 8069
f 7890 8069 7889
f 8070 7918 7917
f 8070 7917 8069
f 7918 7846 7845
f 7918 7845 7917
f 7846 7768 7767
f 7846 7767 7845
f 6452 6388 6387
f 6452 6387 6451
f 6388 6358 6357
f 6388 6357 6387
f 6358 6326 6325
f 6358 6325 6357
f 6326 6220 6219
f 6326 6219 6325
f 6220 6086 6085
f 6220 6085 6219
f 6086 6298 6297
f 6086 6297 6085
f 6298 6360 6359
f 6298 6359 6297
f 6360 6426 6425
f 6360 6425 6359
f 6426 6550 6549
f 6426 6549 6425
f 6550 6558 6557
f 6550 6557 6549
f 6558 6554 6553
f 6558 6553 6557
f 6554 6528 6527
f 6554 6527 6553
f 6528 6494 6493
f 6528 6493 6527
f 6494 6452 6451
f 6494 6451 6493
f 3132 3020 3019
f 3132 3019 3131
f 3020 2950 2949
f 3020 2949 3019
f 2950 2880 2879
f 2950 2879 2949
f 2880 2778 2777
f 2880 2777 2879
f 2778 2724 2723
f 2778 2723 2777
f 2724 2662 2661
f 2724 2661 2723
f 2662 2562 2561
f 2662 2561 2661
f 2562 2514 2513
f 2562 2513 2561
f 2514 2470 2469
f 2514 2469 2513
f 2470 2362 2361
f 2470 2361 2469
f 2362 2312 2311
f 2362 2311 2361
f 2312 2256 2255
f 2312 2255 2311
f 2256 2160 2159
f 2256 2159 2255
f 2160 2108 2107
f 2160 2107 2159
f 2108 2070 2069
f 2108 2069 2107
f 2070 1984 1983
f 2070 1983 2069
f 1984 1954 1953
f 1984 1953 1983
f 1954 1950 1949
f 1954 1949 1953
f 1950 1914 1913
f 1950 1913 1949
f 1914 1932 1931
f 1914 1931 1913
f 1932 1980 1979
f 1932 1979 1931
f 1980 2202 2201
f 1980 2201 1979
f 2202 2334 2333
f 2202 2333 2201
f 2334 2474 2473
f 2334 2473 2333
f 2474 2658 2657
f 2474 2657 2473
f 2658 2728 2727
f 2658 2727 2657
f 2728 2792 2791
f 2728 2791 2727
f 2792 2878 2877
f 2792 2877 2791
f 2878 2926 2925
f 2878 2925 2877
f 2926 2980 2979
f 2926 2979 2925
f 2980 3066 3065
f 2980 3065 2979
f 3066 3118 3117
f 3066 3117 3065
f 3118 3250 3249
f 3118 3249 3117
f 3250 3550 3549
f 3250 3549 3249
f 3550 3748 3747
f 3550 3747 3549
f 3748 3884 3883
f 3748 3883 3747
f 3884 4026 4025
f 3884 4025 3883
f 4026 4044 4043
f 4026 4043 4025
f 4044 4094 4093
f 4044 4093 4043
f 4094 4154 4153
f 4094 4153 4093
f 4154 4174 4173
f 4154 4173 4153
f 4174 4172 4171
f 4174 4171 4173
f 4172 4100 4099
f 4172 4099 4171
f 4100 4030 4029
f 4100 4029 4099
f 4030 3908 3907
f 4030 3907 4029
f 3908 3552 3551
f 3908 3551 3907
f 3552 3336 3335
f 3552 3335 3551
f 3336 3154 3153
f 3336 3153 3335
f 3154 2962 2961
f 3154 2961 3153
f 2962 2904 2903
f 2962 2903 2961
f 2904 2848 2847
f 2904 2847 2903
f 2848 2816 2815
f 2848 2815 2847
f 2816 2818 2817
f 2816 2817 2815
f 2818 2828 2827
f 2818 2827 2817
f 2828 2858 2857
f 2828 2857 2827
f 2858 2886 2885
f 2858 2885 2857
f 2886 2916 2915
f 2886 2915 2885
f 2916 2972 2971
f 2916 2971 2915
f 2972 3010 3009
f 2972 3009 2971
f 3010 3036 3035
f 3010 3035 3009
f 3036 3084 3083
f 3036 3083 3035
f 3084 3132 3131
f 3084 3131 3083
f 9070 8928 8927
f 9070 8927 9069
f 8928 8918 8917
f 8928 8917 8927
f 8918 8896 8895
f 8918 8895 8917
f 8896 8856 8855
f 8896 8855 8895
f 8856 8826 8825
f 8856 8825 8855
f 8826 8804 8803
f 8826 8803 8825
f 8804 8782 8781
f 8804 8781 8803
f 8782 8778 8777
f 8782 8777 8781
f 8778 8774 8773
f 8778 8773 8777
f 8774 8730 8729
f 8774 8729 8773
f 8730 8666 8665
f 8730 8665 8729
f 8666 8578 8577
f 8666 8577 8665
f 8578 8390 8389
f 8578 8389 8577
f 8390 8316 8315
f 8390 8315 8389
f 8316 8240 8239
f 8316 8239 8315
f 8240 8128 8127
f 8240 8127 8239
f 8128 8096 8095
f 8128 8095 8127
f 8096 8078 8077
f 8096 8077 8095
f 8078 8064 8063
f 8078 8063 8077
f 8064 8056 8055
f 8064 8055 8063
f 8056 8038 8037
f 8056 8037 8055
f 8038 8006 8005
f 8038 8005 8037
f 8006 7958 7957
f 8006 7957 8005
f 7958 7984 7983
f 7958 7983 7957
f 7984 8156 8155
f 7984 8155 7983
f 8156 8266 8265
f 8156 8265 8155
f 8266 8376 8375
f 8266 8375 8265
f 8376 8650 8649
f 8376 8649 8375
f 8650 8838 8837
f 8650 8837 8649
f 8838 9016 9015
f 8838 9015 8837
f 9016 9274 9273
f 9016 9273 9015
f 9274 9378 9377
f 9274 9377 9273
f 9378 9504 9503
f 9378 9503 9377
f 9504 9848 9847
f 9504 9847 9503
f 9848 10374 10373
f 9848 10373 9847
f 10374 10446 10445
f 10374 10445 10373
f 10446 10466 10465
f 10446 10465 10445
f 10466 10482 10481
f 10466 10481 10465
f 10482 10528 10527
f 10482 10527 10481
f 10528 10490 10489
f 10528 10489 10527
f 10490 10470 10469
f 10490 10469 10489
f 10470 10352 10351
f 10470 10351 10469
f 10352 10278 10277
f 10352 10277 10351
f 10278 10170 10169
f 10278 10169 10277
f 10170 9984 9983
f 10170 9983 10169
f 9984 9876 9875
f 9984 9875 9983
f 9876 9784 9783
f 9876 9783 9875
f 9784 9652 9651
f 9784 9651 9783
f 9652 9556 9555
f 9652 9555 9651
f 9556 9468 9467
f 9556 9467 9555
f 9468 9276 9275
f 9468 9275 9467
f 9276 9160 9159
f 9276 9159 9275
f 9160 9070 9069
f 9160 9069 9159
f 5246 5220 5219
f 5246 5219 5245
f 5220 5176 5175
f 5220 5175 5219
f 5176 5086 5085
f 5176 5085 5175
f 5086 4822 4821
f 5086 4821 5085
f 4822 4704 4703
f 4822 4703 4821
f 4704 4608 4607
f 4704 4607 4703
f 4608 4484 4483
f 4608 4483 4607
f 4484 4450 4449
f 4484 4449 4483
f 4450 4382 4381
f 4450 4381 4449
f 4382 4284 4283
f 4382 4283 4381
f 4284 4212 4211
f 4284 4211 4283
f 4212 4130 4129
f 4212 4129 4211
f 4130 4016 4015
f 4130 4015 4129
f 4016 3980 3979
f 4016 3979 4015
f 3980 3930 3929
f 3980 3929 3979
f 3930 3946 3945
f 3930 3945 3929
f 3946 3966 3965
f 3946 3965 3945
f 3966 4000 3999
f 3966 3999 3965
f 4000 4024 4023
f 4000 4023 3999
f 4024 4064 4063
f 4024 4063 4023
f 4064 4316 4315
f 4064 4315 4063
f 4316 4408 4407
f 4316 4407 4315
f 4408 4516 4515
f 4408 4515 4407
f 4516 4702 4701
f 4516 4701 4515
f 4702 4800 4799
f 4702 4799 4701
f 4800 4928 4927
f 4800 4927 4799
f 4928 5238 5237
f 4928 5237 4927
f 5238 5406 5405
f 5238 5405 5237
f 5406 5544 5543
f 5406 5543 5405
f 5544 5706 5705
f 5544 5705 5543
f 5706 5804 5803
f 5706 5803 5705
f 5804 5876 5875
f 5804 5875 5803
f 5876 6046 6045
f 5876 6045 5875
f 6046 6232 6231
f 6046 6231 6045
f 6232 6130 6129
f 6232 6129 6231
f 6130 6076 6075
f 6130 6075 6129
f 6076 6060 6059
f 6076 6059 6075
f 6060 6018 6017
f 6060 6017 6059
f 6018 6012 6011
f 6018 6011 6017
f 6012 6000 5999
f 6012 5999 6011
f 6000 5970 5969
f 6000 5969 5999
f 5970 5928 5927
f 5970 5927 5969
f 5928 5872 5871
f 5928 5871 5927
f 5872 5700 5699
f 5872 5699 5871
f 5700 5606 5605
f 5700 5605 5699
f 5606 5538 5537
f 5606 5537 5605
f 5538 5436 5435
f 5538 5435 5537
f 5436 5416 5415
f 5436 5415 5435
f 5416 5400 5399
f 5416 5399 5415
f 5400 5372 5371
f 5400 5371 5399
f 5372 5358 5357
f 5372 5357 5371
f 5358 5344 5343
f 5358 5343 5357
f 5344 5288 5287
f 5344 5287 5343
f 5288 5262 5261
f 5288 5261 5287
f 5262 5246 5245
f 5262 5245 5261
f 11930 11818 11817
f 11930 11817 11929
f 11818 11776 11775
f 11818 11775 11817
f 11776 11768 11767
f 11776 11767 11775
f 11768 11836 11835
f 11768 11835 11767
f 11836 11876 11875
f 11836 11875 11835
f 11876 11904 11903
f 11876 11903 11875
f 11904 11952 11951
f 11904 11951 11903
f 11952 11976 11975
f 11952 11975 11951
f 11976 12010 12009
f 11976 12009 11975
f 12010 12104 12103
f 12010 12103 12009
f 12104 12158 12157
f 12104 12157 12103
f 12158 12214 12213
f 12158 12213 12157
f 12214 12308 12307
f 12214 12307 12213
f 12308 12392 12391
f 12308 12391 12307
f 12392 12486 12485
f 12392 12485 12391
f 12486 12688 12687
f 12486 12687 12485
f 12688 12974 12973
f 12688 12973 12687
f 12974 12820 12819
f 12974 12819 12973
f 12820 12764 12763
f 12820 12763 12819
f 12764 12700 12699
f 12764 12699 12763
f 12700 12628 12627
f 12700 12627 12699
f 12628 12598 12597
f 12628 12597 12627
f 12598 12570 12569
f 12598 12569 12597
f 12570 12418 12417
f 12570 12417 12569
f 12418 12330 12329
f 12418 12329 12417
f 12330 12236 12235
f 12330 12235 12329
f 12236 12072 12071
f 12236 12071 12235
f 12072 11994 11993
f 12072 11993 12071
f 11994 11930 11929
f 11994 11929 11993
f 13116 12902 12901
f 13116 12901 13115
f 12902 12824 12823
f 12902 12823 12901
f 12824 12762 12761
f 12824 12761 12823
f 12762 12690 12689
f 12762 12689 12761
f 12690 12692 12691
f 12690 12691 12689
f 12692 12704 12703
f 12692 12703 12691
f 12704 12776 12775
f 12704 12775 12703
f 12776 12808 12807
f 12776 12807 12775
f 12808 12836 12835
f 12808 12835 12807
f 12836 12864 12863
f 12836 12863 12835
f 12864 12860 12859
f 12864 12859 12863
f 12860 12894 12893
f 12860 12893 12859
f 12894 12910 12909
f 12894 12909 12893
f 12910 12952 12951
f 12910 12951 12909
f 12952 13028 13027
f 12952 13027 12951
f 13028 13116 13115
f 13028 13115 13027
f 2506 2232 2231
f 2506 2231 2505
f 2232 2116 2115
f 2232 2115 2231
f 2116 1998 1997
f 2116 1997 2115
f 1998 1808 1807
f 1998 1807 1997
f 1808 1732 1731
f 1808 1731 1807
f 1732 1664 1663
f 1732 1663 1731
f 1664 1598 1597
f 1664 1597 1663
f 1598 1556 1555
f 1598 1555 1597
f 1556 1518 1517
f 1556 1517 1555
f 1518 1428 1427
f 1518 1427 1517
f 1428 1316 1315
f 1428 1315 1427
f 1316 1440 1439
f 1316 1439 1315
f 1440 1500 1499
f 1440 1499 1439
f 1500 1596 1595
f 1500 1595 1499
f 1596 1794 1793
f 1596 1793 1595
f 1794 1922 1921
f 1794 1921 1793
f 1922 1996 1995
f 1922 1995 1921
f 1996 2102 2101
f 1996 2101 1995
f 2102 2136 2135
f 2102 2135 2101
f 2136 2194 2193
f 2136 2193 2135
f 2194 2322 2321
f 2194 2321 2193
f 2322 2506 2505
f 2322 2505 2321
f 8012 7736 7735
f 8012 7735 8011
f 7736 7654 7653
f 7736 7653 7735
f 7654 7558 7557
f 7654 7557 7653
f 7558 7468 7467
f 7558 7467 7557
f 7468 7430 7429
f 7468 7429 7467
f 7430 7376 7375
f 7430 7375 7429
f 7376 7248 7247
f 7376 7247 7375
f 7248 7168 7167
f 7248 7167 7247
f 7168 7114 7113
f 7168 7113 7167
f 7114 7002 7001
f 7114 7001 7113
f 7002 6978 6977
f 7002 6977 7001
f 6978 6938 6937
f 6978 6937 6977
f 6938 6832 6831
f 6938 6831 6937
f 6832 6752 6751
f 6832 6751 6831
f 6752 6662 6661
f 6752 6661 6751
f 6662 6412 6411
f 6662 6411 6661
f 6412 6236 6235
f 6412 6235 6411
f 6236 6254 6253
f 6236 6253 6235
f 6254 6268 6267
f 6254 6267 6253
f 6268 6294 6293
f 6268 6293 6267
f 6294 6378 6377
f 6294 6377 6293
f 6378 6476 6475
f 6378 6475 6377
f 6476 6598 6597
f 6476 6597 6475
f 6598 6812 6811
f 6598 6811 6597
f 6812 6896 6895
f 6812 6895 6811
f 6896 6954 6953
f 6896 6953 6895
f 6954 7062 7061
f 6954 7061 6953
f 7062 7098 7097
f 7062 7097 7061
f 7098 7162 7161
f 7098 7161 7097
f 7162 7334 7333
f 7162 7333 7161
f 7334 7478 7477
f 7334 7477 7333
f 7478 7568 7567
f 7478 7567 7477
f 7568 7740 7739
f 7568 7739 7567
f 7740 7808 7807
f 7740 7807 7739
f 7808 7856 7855
f 7808 7855 7807
f 7856 7946 7945
f 7856 7945 7855
f 7946 8012 8011
f 7946 8011 7945
f 1514 1360 1359
f 1514 1359 1513
f 1360 1286 1285
f 1360 1285 1359
f 1286 1208 1207
f 1286 1207 1285
f 1208 1134 1133
f 1208 1133 1207
f 1134 1146 1145
f 1134 1145 1133
f 1146 1170 1169
f 1146 1169 1145
f 1170 1264 1263
f 1170 1263 1169
f 1264 1306 1305
f 1264 1305 1263
f 1306 1344 1343
f 1306 1343 1305
f 1344 1386 1385
f 1344 1385 1343
f 1386 1410 1409
f 1386 1409 1385
f 1410 1434 1433
f 1410 1433 1409
f 1434 1488 1487
f 1434 1487 1433
f 1488 1524 1523
f 1488 1523 1487
f 1524 1544 1543
f 1524 1543 1523
f 1544 1574 1573
f 1544 1573 1543
f 1574 1550 1549
f 1574 1549 1573
f 1550 1514 1513
f 1550 1513 1549
f 12412 12314 12313
f 12412 12313 12411
f 12314 12292 12291
f 12314 12291 12313
f 12292 12270 12269
f 12292 12269 12291
f 12270 12258 12257
f 12270 12257 12269
f 12258 12260 12259
f 12258 12259 12257
f 12260 12274 12273
f 12260 12273 12259
f 12274 12354 12353
f 12274 12353 12273
f 12354 12428 12427
f 12354 12427 12353
f 12428 12564 12563
f 12428 12563 12427
f 12564 12588 12587
f 12564 12587 12563
f 12588 12614 12613
f 12588 12613 12587
f 12614 12634 12633
f 12614 12633 12613
f 12634 12612 12611
f 12634 12611 12633
f 12612 12590 12589
f 12612 12589 12611
f 12590 12522 12521
f 12590 12521 12589
f 12522 12462 12461
f 12522 12461 12521
f 12462 12412 12411
f 12462 12411 12461
f 1982 1850 1849
f 1982 1849 1981
f 1850 1760 1759
f 1850 1759 1849
f 1760 1704 1703
f 1760 1703 1759
f 1704 1634 1633
f 1704 1633 1703
f 1634 1640 1639
f 1634 1639 1633
f 1640 1656 1655
f 1640 1655 1639
f 1656 1752 1751
f 1656 1751 1655
f 1752 1910 1909
f 1752 1909 1751
f 1910 1970 1969
f 1910 1969 1909
f 1970 1994 1993
f 1970 1993 1969
f 1994 2018 2017
f 1994 2017 1993
f 2018 2056 2055
f 2018 2055 2017
f 2056 2026 2025
f 2056 2025 2055
f 2026 1982 1981
f 2026 1981 2025
f 10592 10500 10499
f 10592 10499 10591
f 10500 10492 10491
f 10500 10491 10499
f 10492 10530 10529
f 10492 10529 10491
f 10530 10612 10611
f 10530 10611 10529
f 10612 10714 10713
f 10612 10713 10611
f 10714 10936 10935
f 10714 10935 10713
f 10936 11042 11041
f 10936 11041 10935
f 11042 11122 11121
f 11042 11121 11041
f 11122 11278 11277
f 11122 11277 11121
f 11278 11342 11341
f 11278 11341 11277
f 11342 11422 11421
f 11342 11421 11341
f 11422 11546 11545
f 11422 11545 11421
f 11546 11634 11633
f 11546 11633 11545
f 11634 11602 11601
f 11634 11601 11633
f 11602 11590 11589
f 11602 11589 11601
f 11590 11578 11577
f 11590 11577 11589
f 11578 11552 11551
f 11578 11551 11577
f 11552 11526 11525
f 11552 11525 11551
f 11526 11468 11467
f 11526 11467 11525
f 11468 11202 11201
f 11468 11201 11467
f 11202 11062 11061
f 11202 11061 11201
f 11062 10928 10927
f 11062 10927 11061
f 10928 10716 10715
f 10928 10715 10927
f 10716 10634 10633
f 10716 10633 10715
f 10634 10592 10591
f 10634 10591 10633
f 7960 7904 7903
f 7960 7903 7959
f 7904 7858 7857
f 7904 7857 7903
f 7858 7798 7797
f 7858 7797 7857
f 7798 7648 7647
f 7798 7647 7797
f 7648 7556 7555
f 7648 7555 7647
f 7556 7454 7453
f 7556 7453 7555
f 7454 7268 7267
f 7454 7267 7453
f 7268 7204 7203
f 7268 7203 7267
f 7204 7150 7149
f 7204 7149 7203
f 7150 7078 7077
f 7150 7077 7149
f 7078 7032 7031
f 7078 7031 7077
f 7032 6974 6973
f 7032 6973 7031
f 6974 6856 6855
f 6974 6855 6973
f 6856 6778 6777
f 6856 6777 6855
f 6778 6684 6683
f 6778 6683 6777
f 6684 6466 6465
f 6684 6465 6683
f 6466 6302 6301
f 6466 6301 6465
f 6302 6100 6099
f 6302 6099 6301
f 6100 5930 5929
f 6100 5929 6099
f 5930 6078 6077
f 5930 6077 5929
f 6078 6180 6179
f 6078 6179 6077
f 6180 6338 6337
f 6180 6337 6179
f 6338 6724 6723
f 6338 6723 6337
f 6724 6858 6857
f 6724 6857 6723
f 6858 6960 6959
f 6858 6959 6857
f 6960 7104 7103
f 6960 7103 6959
f 7104 7144 7143
f 7104 7143 7103
f 7144 7218 7217
f 7144 7217 7143
f 7218 7456 7455
f 7218 7455 7217
f 7456 7576 7575
f 7456 7575 7455
f 7576 7710 7709
f 7576 7709 7575
f 7710 7854 7853
f 7710 7853 7709
f 7854 7922 7921
f 7854 7921 7853
f 7922 8010 8009
f 7922 8009 7921
f 8010 8124 8123
f 8010 8123 8009
f 8124 8174 8173
f 8124 8173 8123
f 8174 8206 8205
f 8174 8205 8173
f 8206 8248 8247
f 8206 8247 8205
f 8248 8236 8235
f 8248 8235 8247
f 8236 8204 8203
f 8236 8203 8235
f 8204 8126 8125
f 8204 8125 8203
f 8126 8072 8071
f 8126 8071 8125
f 8072 8034 8033
f 8072 8033 8071
f 8034 8000 7999
f 8034 7999 8033
f 8000 7992 7991
f 8000 7991 7999
f 7992 7960 7959
f 7992 7959 7991
f 3846 3492 3491
f 3846 3491 3845
f 3492 3328 3327
f 3492 3327 3491
f 3328 3178 3177
f 3328 3177 3327
f 3178 2978 2977
f 3178 2977 3177
f 2978 2874 2873
f 2978 2873 2977
f 2874 2820 2819
f 2874 2819 2873
f 2820 2780 2779
f 2820 2779 2819
f 2780 2768 2767
f 2780 2767 2779
f 2768 2760 2759
f 2768 2759 2767
f 2760 2710 2709
f 2760 2709 2759
f 2710 2692 2691
f 2710 2691 2709
f 2692 2772 2771
f 2692 2771 2691
f 2772 2812 2811
f 2772 2811 2771
f 2812 2894 2893
f 2812 2893 2811
f 2894 3110 3109
f 2894 3109 2893
f 3110 3270 3269
f 3110 3269 3109
f 3270 3414 3413
f 3270 3413 3269
f 3414 3664 3663
f 3414 3663 3413
f 3664 3704 3703
f 3664 3703 3663
f 3704 3734 3733
f 3704 3733 3703
f 3734 3796 3795
f 3734 3795 3733
f 3796 3846 3845
f 3796 3845 3795
f 11702 11636 11635
f 11702 11635 11701
f 11636 11628 11627
f 11636 11627 11635
f 11628 11632 11631
f 11628 11631 11627
f 11632 11648 11647
f 11632 11647 11631
f 11648 11658 11657
f 11648 11657 11647
f 11658 11670 11669
f 11658 11669 11657
f 11670 11700 11699
f 11670 11699 11669
f 11700 11728 11727
f 11700 11727 11699
f 11728 11766 11765
f 11728 11765 11727
f 11766 11912 11911
f 11766 11911 11765
f 11912 11974 11973
f 11912 11973 11911
f 11974 12030 12029
f 11974 12029 11973
f 12030 12076 12075
f 12030 12075 12029
f 12076 12060 12059
f 12076 12059 12075
f 12060 12016 12015
f 12060 12015 12059
f 12016 11888 11887
f 12016 11887 12015
f 11888 11786 11785
f 11888 11785 11887
f 11786 11702 11701
f 11786 11701 11785
f 2684 2646 2645
f 2684 2645 2683
f 2646 2610 2609
f 2646 2609 2645
f 2610 2564 2563
f 2610 2563 2609
f 2564 2422 2421
f 2564 2421 2563
f 2422 2258 2257
f 2422 2257 2421
f 2258 2440 2439
f 2258 2439 2257
f 2440 2524 2523
f 2440 2523 2439
f 2524 2584 2583
f 2524 2583 2523
f 2584 2638 2637
f 2584 2637 2583
f 2638 2644 2643
f 2638 2643 2637
f 2644 2652 2651
f 2644 2651 2643
f 2652 2672 2671
f 2652 2671 2651
f 2672 2688 2687
f 2672 2687 2671
f 2688 2684 2683
f 2688 2683 2687
f 8438 8356 8355
f 8438 8355 8437
f 8356 8342 8341
f 8356 8341 8355
f 8342 8312 8311
f 8342 8311 8341
f 8312 8254 8253
f 8312 8253 8311
f 8254 8222 8221
f 8254 8221 8253
f 8222 8178 8177
f 8222 8177 8221
f 8178 8122 8121
f 8178 8121 8177
f 8122 8088 8087
f 8122 8087 8121
f 8088 8094 8093
f 8088 8093 8087
f 8094 8194 8193
f 8094 8193 8093
f 8194 8258 8257
f 8194 8257 8193
f 8258 8302 8301
f 8258 8301 8257
f 8302 8378 8377
f 8302 8377 8301
f 8378 8394 8393
f 8378 8393 8377
f 8394 8436 8435
f 8394 8435 8393
f 8436 8558 8557
f 8436 8557 8435
f 8558 8642 8641
f 8558 8641 8557
f 8642 8736 8735
f 8642 8735 8641
f 8736 8858 8857
f 8736 8857 8735
f 8858 8892 8891
f 8858 8891 8857
f 8892 8946 8945
f 8892 8945 8891
f 8946 9050 9049
f 8946 9049 8945
f 9050 9102 9101
f 9050 9101 9049
f 9102 9132 9131
f 9102 9131 9101
f 9132 9194 9193
f 9132 9193 9131
f 9194 9212 9211
f 9194 9211 9193
f 9212 9222 9221
f 9212 9221 9211
f 9222 9176 9175
f 9222 9175 9221
f 9176 9126 9125
f 9176 9125 9175
f 9126 9022 9021
f 9126 9021 9125
f 9022 8728 8727
f 9022 8727 9021
f 8728 8546 8545
f 8728 8545 8727
f 8546 8438 8437
f 8546 8437 8545
f 5898 5850 5849
f 5898 5849 5897
f 5850 5812 5811
f 5850 5811 5849
f 5812 5740 5739
f 5812 5739 5811
f 5740 5540 5539
f 5740 5539 5739
f 5540 5316 5315
f 5540 5315 5539
f 5316 5190 5189
f 5316 5189 5315
f 5190 5152 5151
f 5190 5151 5189
f 5152 5178 5177
f 5152 5177 5151
f 5178 5218 5217
f 5178 5217 5177
f 5218 5310 5309
f 5218 5309 5217
f 5310 5392 5391
f 5310 5391 5309
f 5392 5430 5429
f 5392 5429 5391
f 5430 5480 5479
f 5430 5479 5429
f 5480 5536 5535
f 5480 5535 5479
f 5536 5558 5557
f 5536 5557 5535
f 5558 5618 5617
f 5558 5617 5557
f 5618 5644 5643
f 5618 5643 5617
f 5644 5724 5723
f 5644 5723 5643
f 5724 5922 5921
f 5724 5921 5723
f 5922 6282 6281
f 5922 6281 5921
f 6282 6110 6109
f 6282 6109 6281
f 6110 6056 6055
f 6110 6055 6109
f 6056 5986 5985
f 6056 5985 6055
f 5986 5924 5923
f 5986 5923 5985
f 5924 5920 5919
f 5924 5919 5923
f 5920 5898 5897
f 5920 5897 5919
f 10844 10744 10743
f 10844 10743 10843
f 10744 10734 10733
f 10744 10733 10743
f 10734 10728 10727
f 10734 10727 10733
f 10728 10688 10687
f 10728 10687 10727
f 10688 10664 10663
f 10688 10663 10687
f 10664 10826 10825
f 10664 10825 10663
f 10826 10892 10891
f 10826 10891 10825
f 10892 10994 10993
f 10892 10993 10891
f 10994 11144 11143
f 10994 11143 10993
f 11144 11206 11205
f 11144 11205 11143
f 11206 11244 11243
f 11206 11243 11205
f 11244 11246 11245
f 11244 11245 11243
f 11246 11210 11209
f 11246 11209 11245
f 11210 11154 11153
f 11210 11153 11209
f 11154 11022 11021
f 11154 11021 11153
f 11022 10918 10917
f 11022 10917 11021
f 10918 10844 10843
f 10918 10843 10917
f 3680 3410 3409
f 3680 3409 3679
f 3410 3254 3253
f 3410 3253 3409
f 3254 3150 3149
f 3254 3149 3253
f 3150 3202 3201
f 3150 3201 3149
f 3202 3262 3261
f 3202 3261 3201
f 3262 3334 3333
f 3262 3333 3261
f 3334 3596 3595
f 3334 3595 3333
f 3596 3874 3873
f 3596 3873 3595
f 3874 3822 3821
f 3874 3821 3873
f 3822 3800 3799
f 3822 3799 3821
f 3800 3782 3781
f 3800 3781 3799
f 3782 3766 3765
f 3782 3765 3781
f 3766 3742 3741
f 3766 3741 3765
f 3742 3680 3679
f 3742 3679 3741
f 9382 9342 9341
f 9382 9341 9381
f 9342 9326 9325
f 9342 9325 9341
f 9326 9310 9309
f 9326 9309 9325
f 9310 9254 9253
f 9310 9253 9309
f 9254 9230 9229
f 9254 9229 9253
f 9230 9200 9199
f 9230 9199 9229
f 9200 9196 9195
f 9200 9195 9199
f 9196 9226 9225
f 9196 9225 9195
f 9226 9288 9287
f 9226 9287 9225
f 9288 9440 9439
f 9288 9439 9287
f 9440 9536 9535
f 9440 9535 9439
f 9536 9640 9639
f 9536 9639 9535
f 9640 9712 9711
f 9640 9711 9639
f 9712 9706 9705
f 9712 9705 9711
f 9706 9692 9691
f 9706 9691 9705
f 9692 9622 9621
f 9692 9621 9691
f 9622 9560 9559
f 9622 9559 9621
f 9560 9518 9517
f 9560 9517 9559
f 9518 9438 9437
f 9518 9437 9517
f 9438 9414 9413
f 9438 9413 9437
f 9414 9382 9381
f 9414 9381 9413
f 4954 4716 4715
f 4954 4715 4953
f 4716 4532 4531
f 4716 4531 4715
f 4532 4766 4765
f 4532 4765 4531
f 4766 4874 4873
f 4766 4873 4765
f 4874 4988 4987
f 4874 4987 4873
f 4988 5106 5105
f 4988 5105 4987
f 5106 5108 5107
f 5106 5107 5105
f 5108 5098 5097
f 5108 5097 5107
f 5098 5046 5045
f 5098 5045 5097
f 5046 4954 4953
f 5046 4953 5045
f 7950 7842 7841
f 7950 7841 7949
f 7842 7800 7799
f 7842 7799 7841
f 7800 7750 7749
f 7800 7749 7799
f 7750 7692 7691
f 7750 7691 7749
f 7692 7626 7625
f 7692 7625 7691
f 7626 7938 7937
f 7626 7937 7625
f 7938 8068 8067
f 7938 8067 7937
f 8068 8164 8163
f 8068 8163 8067
f 8164 8292 8291
f 8164 8291 8163
f 8292 8306 8305
f 8292 8305 8291
f 8306 8296 8295
f 8306 8295 8305
f 8296 8170 8169
f 8296 8169 8295
f 8170 7950 7949
f 8170 7949 8169
f 6364 6308 6307
f 6364 6307 6363
f 6308 6280 6279
f 6308 6279 6307
f 6280 6212 6211
f 6280 6211 6279
f 6212 6068 6067
f 6212 6067 6211
f 6068 5902 5901
f 6068 5901 6067
f 5902 6038 6037
f 5902 6037 5901
f 6038 6114 6113
f 6038 6113 6037
f 6114 6228 6227
f 6114 6227 6113
f 6228 6418 6417
f 6228 6417 6227
f 6418 6576 6575
f 6418 6575 6417
f 6576 6644 6643
f 6576 6643 6575
f 6644 6696 6695
f 6644 6695 6643
f 6696 6670 6669
f 6696 6669 6695
f 6670 6626 6625
f 6670 6625 6669
f 6626 6504 6503
f 6626 6503 6625
f 6504 6410 6409
f 6504 6409 6503
f 6410 6364 6363
f 6410 6363 6409
# 13832 vertices
# 260 texture params
# 258 normals
# 21427 facets

# 2 groups
